claim_type,requested_amount,evidence_available,evidence_count,previous_refund_count,previous_refund_amount,account_age_days,previous_support_decisions,previous_support_approvals,previous_support_evidence_requests,previous_support_escalations,time_since_previous_request_hours,support_decision
SHORTAGE_CLAIM,1602.3,False,0,0,886.67,1052,0,0,0,0,999.0,DENY
SHORTAGE_CLAIM,2836.89,False,0,0,1312.07,1356,0,0,0,0,999.0,REQUEST_EVIDENCE
WRONG_ITEM_CLAIM,5255.32,False,0,1,189.3,1346,0,0,0,0,999.0,REQUEST_EVIDENCE
SUBSTITUTED_RETURN_CLAIM,2037.44,True,1,0,437.83,1258,0,0,0,0,999.0,APPROVE
WRONG_ITEM_CLAIM,5865.87,False,0,0,2448.84,940,0,0,0,0,999.0,REQUEST_EVIDENCE
SHORTAGE_CLAIM,728.4,True,1,0,248.01,1180,0,0,0,0,999.0,APPROVE
NON_DELIVERY_CLAIM,3675.69,False,0,0,1297.52,1225,0,0,0,0,999.0,REQUEST_EVIDENCE
SHORTAGE_CLAIM,1382.22,True,1,1,3640.09,589,0,0,0,0,999.0,DENY
SHORTAGE_CLAIM,1470.77,True,1,0,793.19,814,0,0,0,0,999.0,APPROVE
SHORTAGE_CLAIM,2809.2,True,1,0,928.4,1415,0,0,0,0,999.0,APPROVE
NON_DELIVERY_CLAIM,2989.47,False,0,1,1224.78,1045,0,0,0,0,999.0,REQUEST_EVIDENCE
WRONG_ITEM_CLAIM,3613.22,True,1,0,1879.39,512,0,0,0,0,999.0,APPROVE
WRONG_ITEM_CLAIM,2342.85,False,0,0,2607.02,36,0,0,0,0,999.0,REQUEST_EVIDENCE
SHORTAGE_CLAIM,1901.16,False,0,2,7120.96,933,0,0,0,0,999.0,DENY
NON_DELIVERY_CLAIM,3033.68,True,1,0,715.72,1294,0,0,0,0,999.0,APPROVE
WRONG_ITEM_CLAIM,1580.7,True,1,1,968.04,373,0,0,0,0,999.0,APPROVE
SUBSTITUTED_RETURN_CLAIM,587.95,False,0,0,1390.28,525,0,0,0,0,999.0,REQUEST_EVIDENCE
SHORTAGE_CLAIM,4319.4,False,0,1,1077.78,1293,0,0,0,0,999.0,REQUEST_EVIDENCE
SUBSTITUTED_RETURN_CLAIM,690.4,True,1,0,2693.8,1135,0,0,0,0,999.0,APPROVE
NON_DELIVERY_CLAIM,2635.67,False,0,0,2378.22,926,0,0,0,0,999.0,REQUEST_EVIDENCE
SHORTAGE_CLAIM,5668.14,True,1,0,2563.05,1495,0,0,0,0,999.0,ESCALATE
SUBSTITUTED_RETURN_CLAIM,508.01,True,1,1,751.82,652,0,0,0,0,999.0,APPROVE
WRONG_ITEM_CLAIM,8894.3,True,1,0,1000.55,1430,0,0,0,0,999.0,ESCALATE
WRONG_ITEM_CLAIM,3878.26,False,0,0,244.22,139,0,0,0,0,999.0,REQUEST_EVIDENCE
SHORTAGE_CLAIM,3248.63,False,0,0,260.39,1248,0,0,0,0,999.0,REQUEST_EVIDENCE
NON_DELIVERY_CLAIM,508.01,False,0,1,751.82,652,1,1,0,0,0.06666668027777778,REQUEST_EVIDENCE
SHORTAGE_CLAIM,4196.06,False,0,1,416.38,1493,0,0,0,0,999.0,REQUEST_EVIDENCE
WRONG_ITEM_CLAIM,2027.67,True,1,1,355.79,935,0,0,0,0,999.0,APPROVE
WRONG_ITEM_CLAIM,1898.99,True,1,1,1334.76,1377,0,0,0,0,999.0,APPROVE
SHORTAGE_CLAIM,4325.91,True,1,0,1889.59,1192,0,0,0,0,999.0,DENY
WRONG_ITEM_CLAIM,447.87,False,0,2,2709.38,89,0,0,0,0,999.0,REQUEST_EVIDENCE
SHORTAGE_CLAIM,1570.86,False,0,2,7120.96,933,1,0,0,0,0.3000000638888889,REQUEST_EVIDENCE
WRONG_ITEM_CLAIM,1106.2,True,1,0,2065.5,1450,0,0,0,0,999.0,APPROVE
SUBSTITUTED_RETURN_CLAIM,4717.02,True,1,1,2189.88,1077,0,0,0,0,999.0,APPROVE
SUBSTITUTED_RETURN_CLAIM,6623.14,False,0,0,1899.72,471,0,0,0,0,999.0,REQUEST_EVIDENCE
SHORTAGE_CLAIM,8461.76,False,0,0,2000.03,857,0,0,0,0,999.0,REQUEST_EVIDENCE
WRONG_ITEM_CLAIM,3544.01,True,1,0,2881.03,120,0,0,0,0,999.0,APPROVE
SUBSTITUTED_RETURN_CLAIM,2376.54,False,0,0,1691.87,674,0,0,0,0,999.0,REQUEST_EVIDENCE
SHORTAGE_CLAIM,5910.55,False,0,1,2342.92,672,0,0,0,0,999.0,REQUEST_EVIDENCE
WRONG_ITEM_CLAIM,6700.89,False,0,0,2058.55,602,0,0,0,0,999.0,REQUEST_EVIDENCE
SHORTAGE_CLAIM,3863.08,True,1,0,206.29,871,0,0,0,0,999.0,APPROVE
NON_DELIVERY_CLAIM,7443.38,True,1,0,1382.98,1352,0,0,0,0,999.0,ESCALATE
NON_DELIVERY_CLAIM,1460.74,False,0,2,1147.44,996,0,0,0,0,999.0,REQUEST_EVIDENCE
SHORTAGE_CLAIM,2962.47,False,0,0,2579.39,1000,0,0,0,0,999.0,DENY
SHORTAGE_CLAIM,4794.44,False,0,0,1242.55,1295,0,0,0,0,999.0,REQUEST_EVIDENCE
WRONG_ITEM_CLAIM,5436.42,False,0,1,2916.22,1316,0,0,0,0,999.0,REQUEST_EVIDENCE
SHORTAGE_CLAIM,3954.36,True,1,4,5784.57,267,0,0,0,0,999.0,DENY
WRONG_ITEM_CLAIM,1738.69,True,1,2,7522.46,1124,0,0,0,0,999.0,APPROVE
SUBSTITUTED_RETURN_CLAIM,2429.02,False,0,0,1682.66,447,0,0,0,0,999.0,REQUEST_EVIDENCE
SHORTAGE_CLAIM,1957.84,True,1,2,1826.62,1154,0,0,0,0,999.0,APPROVE
SHORTAGE_CLAIM,3540.15,False,0,3,5731.08,1386,0,0,0,0,999.0,REQUEST_EVIDENCE
SHORTAGE_CLAIM,928.32,False,0,0,1889.59,1192,1,0,0,0,0.36666673944444444,DENY
NON_DELIVERY_CLAIM,791.58,False,0,1,2939.55,1211,0,0,0,0,999.0,REQUEST_EVIDENCE
WRONG_ITEM_CLAIM,1703.6,True,1,0,2517.67,1122,0,0,0,0,999.0,APPROVE
NON_DELIVERY_CLAIM,552.26,True,1,1,927.0,669,0,0,0,0,999.0,APPROVE
SHORTAGE_CLAIM,1734.43,False,0,0,586.22,1376,0,0,0,0,999.0,REQUEST_EVIDENCE
WRONG_ITEM_CLAIM,1032.78,True,1,1,2934.07,678,0,0,0,0,999.0,APPROVE
SHORTAGE_CLAIM,4730.75,False,0,1,2745.35,1213,0,0,0,0,999.0,REQUEST_EVIDENCE
NON_DELIVERY_CLAIM,5122.99,True,1,0,343.38,596,0,0,0,0,999.0,ESCALATE
NON_DELIVERY_CLAIM,2398.98,False,0,0,49.91,642,0,0,0,0,999.0,REQUEST_EVIDENCE
WRONG_ITEM_CLAIM,2999.2,True,1,0,2165.02,448,0,0,0,0,999.0,APPROVE
WRONG_ITEM_CLAIM,2406.18,False,0,2,4188.03,363,0,0,0,0,999.0,REQUEST_EVIDENCE
SHORTAGE_CLAIM,2790.31,True,1,1,1123.93,1255,0,0,0,0,999.0,DENY
WRONG_ITEM_CLAIM,1659.2,False,0,2,2281.54,322,0,0,0,0,999.0,REQUEST_EVIDENCE
SUBSTITUTED_RETURN_CLAIM,3912.16,True,1,0,15.09,1417,0,0,0,0,999.0,APPROVE
WRONG_ITEM_CLAIM,2926.84,False,0,0,1859.27,728,0,0,0,0,999.0,REQUEST_EVIDENCE
NON_DELIVERY_CLAIM,4837.76,True,1,0,416.9,1087,0,0,0,0,999.0,APPROVE
NON_DELIVERY_CLAIM,291.7,True,1,0,1065.42,998,0,0,0,0,999.0,APPROVE
NON_DELIVERY_CLAIM,355.42,True,1,1,237.06,334,0,0,0,0,999.0,APPROVE
NON_DELIVERY_CLAIM,5005.19,False,0,1,2608.25,1173,0,0,0,0,999.0,REQUEST_EVIDENCE
WRONG_ITEM_CLAIM,1544.39,True,1,0,202.09,1191,0,0,0,0,999.0,APPROVE
NON_DELIVERY_CLAIM,5222.47,True,1,0,674.43,959,0,0,0,0,999.0,ESCALATE
SHORTAGE_CLAIM,2007.12,True,1,1,212.1,313,0,0,0,0,999.0,DENY
NON_DELIVERY_CLAIM,220.54,True,1,1,2986.42,640,0,0,0,0,999.0,APPROVE
WRONG_ITEM_CLAIM,3146.14,True,1,0,1734.4,598,0,0,0,0,999.0,APPROVE
NON_DELIVERY_CLAIM,1710.18,True,1,1,2673.83,1413,0,0,0,0,999.0,APPROVE
SUBSTITUTED_RETURN_CLAIM,3466.48,False,0,2,5909.3,1434,0,0,0,0,999.0,REQUEST_EVIDENCE
NON_DELIVERY_CLAIM,1463.62,True,1,1,417.04,186,0,0,0,0,999.0,APPROVE
NON_DELIVERY_CLAIM,2580.31,False,0,1,189.3,1346,1,0,1,0,1.2666669333333334,REQUEST_EVIDENCE
WRONG_ITEM_CLAIM,4751.06,False,0,0,1715.77,542,0,0,0,0,999.0,REQUEST_EVIDENCE
WRONG_ITEM_CLAIM,5848.5,False,0,0,306.82,1305,0,0,0,0,999.0,REQUEST_EVIDENCE
SHORTAGE_CLAIM,5306.92,True,1,0,662.55,1435,0,0,0,0,999.0,ESCALATE
WRONG_ITEM_CLAIM,1803.71,True,1,1,3875.66,793,0,0,0,0,999.0,APPROVE
NON_DELIVERY_CLAIM,7977.41,True,1,1,4261.31,756,0,0,0,0,999.0,ESCALATE
SUBSTITUTED_RETURN_CLAIM,2769.03,True,1,1,2084.34,440,0,0,0,0,999.0,APPROVE
WRONG_ITEM_CLAIM,2265.81,True,1,0,779.42,664,0,0,0,0,999.0,APPROVE
NON_DELIVERY_CLAIM,5007.17,True,1,0,1004.79,1297,0,0,0,0,999.0,ESCALATE
NON_DELIVERY_CLAIM,2393.03,False,0,4,7019.74,1279,0,0,0,0,999.0,REQUEST_EVIDENCE
WRONG_ITEM_CLAIM,2483.67,False,0,0,2312.3,1117,0,0,0,0,999.0,REQUEST_EVIDENCE
SUBSTITUTED_RETURN_CLAIM,2042.61,True,1,0,504.4,1236,0,0,0,0,999.0,APPROVE
SUBSTITUTED_RETURN_CLAIM,5952.51,False,0,0,62.57,189,0,0,0,0,999.0,REQUEST_EVIDENCE
SUBSTITUTED_RETURN_CLAIM,5018.65,True,1,1,4498.6,91,0,0,0,0,999.0,ESCALATE
SUBSTITUTED_RETURN_CLAIM,3896.24,False,0,1,3901.1,1094,0,0,0,0,999.0,REQUEST_EVIDENCE
NON_DELIVERY_CLAIM,4278.14,True,1,1,2992.1,1135,0,0,0,0,999.0,APPROVE
WRONG_ITEM_CLAIM,2858.71,False,0,0,524.11,554,0,0,0,0,999.0,REQUEST_EVIDENCE
SHORTAGE_CLAIM,3249.47,False,0,0,1764.93,838,0,0,0,0,999.0,REQUEST_EVIDENCE
WRONG_ITEM_CLAIM,1374.77,True,1,0,2973.26,1233,0,0,0,0,999.0,APPROVE
NON_DELIVERY_CLAIM,2261.23,True,1,0,715.72,1294,1,1,0,0,1.383333612777778,APPROVE
NON_DELIVERY_CLAIM,696.57,False,0,0,2906.23,352,0,0,0,0,999.0,REQUEST_EVIDENCE
WRONG_ITEM_CLAIM,3928.04,False,0,1,352.04,374,0,0,0,0,999.0,REQUEST_EVIDENCE
WRONG_ITEM_CLAIM,2482.31,False,0,0,847.37,829,0,0,0,0,999.0,REQUEST_EVIDENCE
SUBSTITUTED_RETURN_CLAIM,2863.45,False,0,2,2801.77,520,0,0,0,0,999.0,REQUEST_EVIDENCE
NON_DELIVERY_CLAIM,3182.32,False,0,2,5909.3,1434,1,0,1,0,0.43333341999999997,REQUEST_EVIDENCE
WRONG_ITEM_CLAIM,612.57,False,0,0,1556.83,296,0,0,0,0,999.0,REQUEST_EVIDENCE
SUBSTITUTED_RETURN_CLAIM,7924.31,False,0,4,3057.04,1284,0,0,0,0,999.0,REQUEST_EVIDENCE
SHORTAGE_CLAIM,2350.29,False,0,0,1270.22,1347,0,0,0,0,999.0,REQUEST_EVIDENCE
SHORTAGE_CLAIM,2032.75,True,1,0,1222.48,265,0,0,0,0,999.0,DENY
SHORTAGE_CLAIM,8121.51,False,0,0,1662.95,146,0,0,0,0,999.0,DENY
SUBSTITUTED_RETURN_CLAIM,2804.05,True,1,3,2659.97,1410,0,0,0,0,999.0,APPROVE
SUBSTITUTED_RETURN_CLAIM,2404.38,True,1,0,1706.0,967,0,0,0,0,999.0,APPROVE
SHORTAGE_CLAIM,1662.75,False,0,0,2290.71,671,0,0,0,0,999.0,REQUEST_EVIDENCE
SUBSTITUTED_RETURN_CLAIM,1528.7,True,1,1,4698.16,1081,0,0,0,0,999.0,APPROVE
WRONG_ITEM_CLAIM,2297.83,True,1,2,7501.36,1447,0,0,0,0,999.0,APPROVE
SHORTAGE_CLAIM,3486.09,False,0,0,954.65,290,0,0,0,0,999.0,REQUEST_EVIDENCE
SUBSTITUTED_RETURN_CLAIM,1177.82,True,1,0,929.72,1056,0,0,0,0,999.0,APPROVE
SUBSTITUTED_RETURN_CLAIM,220.11,False,0,0,1423.84,898,0,0,0,0,999.0,REQUEST_EVIDENCE
WRONG_ITEM_CLAIM,2163.96,True,1,0,2056.77,322,0,0,0,0,999.0,APPROVE
NON_DELIVERY_CLAIM,4980.9,True,1,0,1817.86,1344,0,0,0,0,999.0,APPROVE
NON_DELIVERY_CLAIM,1751.4,False,0,1,1477.27,1327,0,0,0,0,999.0,REQUEST_EVIDENCE
NON_DELIVERY_CLAIM,481.38,False,0,0,939.81,724,0,0,0,0,999.0,REQUEST_EVIDENCE
SUBSTITUTED_RETURN_CLAIM,2224.59,True,1,0,827.89,809,0,0,0,0,999.0,APPROVE
NON_DELIVERY_CLAIM,3917.36,True,1,1,1218.63,1289,0,0,0,0,999.0,APPROVE
NON_DELIVERY_CLAIM,2125.54,True,1,0,1630.29,1217,0,0,0,0,999.0,APPROVE
SUBSTITUTED_RETURN_CLAIM,1121.98,True,1,1,1221.02,1025,0,0,0,0,999.0,APPROVE
SUBSTITUTED_RETURN_CLAIM,1684.36,False,0,1,2648.8,950,0,0,0,0,999.0,REQUEST_EVIDENCE
SHORTAGE_CLAIM,447.11,False,0,0,2915.57,785,0,0,0,0,999.0,DENY
SHORTAGE_CLAIM,4552.41,True,1,1,1238.84,400,0,0,0,0,999.0,APPROVE
SHORTAGE_CLAIM,454.18,False,0,1,416.38,1493,1,0,1,0,1.6833336716666667,REQUEST_EVIDENCE
SUBSTITUTED_RETURN_CLAIM,5761.62,True,1,0,1747.11,1494,0,0,0,0,999.0,ESCALATE
NON_DELIVERY_CLAIM,525.37,False,0,2,7640.85,706,0,0,0,0,999.0,REQUEST_EVIDENCE
WRONG_ITEM_CLAIM,2160.43,False,0,3,6265.87,429,0,0,0,0,999.0,REQUEST_EVIDENCE
SHORTAGE_CLAIM,4991.97,True,1,2,2311.1,300,0,0,0,0,999.0,APPROVE
NON_DELIVERY_CLAIM,1234.23,True,1,0,1593.19,218,0,0,0,0,999.0,APPROVE
SHORTAGE_CLAIM,2228.27,False,0,0,2147.01,261,0,0,0,0,999.0,DENY
WRONG_ITEM_CLAIM,2274.77,False,0,2,1549.51,813,0,0,0,0,999.0,REQUEST_EVIDENCE
WRONG_ITEM_CLAIM,2095.04,True,1,0,1015.1,929,0,0,0,0,999.0,APPROVE
SUBSTITUTED_RETURN_CLAIM,2199.73,True,1,0,1235.28,951,0,0,0,0,999.0,APPROVE
SUBSTITUTED_RETURN_CLAIM,3030.38,True,1,0,2900.37,1483,0,0,0,0,999.0,APPROVE
NON_DELIVERY_CLAIM,547.5,False,0,0,1267.61,782,0,0,0,0,999.0,REQUEST_EVIDENCE
SHORTAGE_CLAIM,3588.5,True,1,1,1327.74,908,0,0,0,0,999.0,APPROVE
WRONG_ITEM_CLAIM,1678.75,True,1,2,2234.81,1456,0,0,0,0,999.0,APPROVE
SUBSTITUTED_RETURN_CLAIM,1908.35,True,1,0,2198.02,550,0,0,0,0,999.0,APPROVE
WRONG_ITEM_CLAIM,1911.65,True,1,0,2022.48,906,0,0,0,0,999.0,APPROVE
SHORTAGE_CLAIM,5276.82,True,1,0,2471.69,834,0,0,0,0,999.0,ESCALATE
SUBSTITUTED_RETURN_CLAIM,733.49,False,0,0,113.18,210,0,0,0,0,999.0,REQUEST_EVIDENCE
SUBSTITUTED_RETURN_CLAIM,371.86,True,1,4,4223.44,239,0,0,0,0,999.0,APPROVE
SUBSTITUTED_RETURN_CLAIM,8117.1,False,0,2,1391.28,215,0,0,0,0,999.0,REQUEST_EVIDENCE
WRONG_ITEM_CLAIM,1938.12,True,1,0,2648.34,413,0,0,0,0,999.0,APPROVE
WRONG_ITEM_CLAIM,4065.2,False,0,0,2541.52,133,0,0,0,0,999.0,REQUEST_EVIDENCE
SHORTAGE_CLAIM,2023.23,False,0,3,4172.98,324,0,0,0,0,999.0,DENY
WRONG_ITEM_CLAIM,4190.82,True,1,0,1915.56,691,0,0,0,0,999.0,APPROVE
SUBSTITUTED_RETURN_CLAIM,6103.1,False,0,1,1077.78,1293,1,0,1,0,2.2333337827777777,REQUEST_EVIDENCE
WRONG_ITEM_CLAIM,2220.3,False,0,1,4455.06,581,0,0,0,0,999.0,REQUEST_EVIDENCE
NON_DELIVERY_CLAIM,5010.51,True,1,0,2579.12,1380,0,0,0,0,999.0,ESCALATE
NON_DELIVERY_CLAIM,2337.48,True,1,0,2543.08,1215,0,0,0,0,999.0,APPROVE
SUBSTITUTED_RETURN_CLAIM,1725.59,True,1,0,2817.46,452,0,0,0,0,999.0,APPROVE
SUBSTITUTED_RETURN_CLAIM,1440.09,False,0,3,4172.98,324,1,0,0,0,0.11666668916666667,REQUEST_EVIDENCE
SUBSTITUTED_RETURN_CLAIM,1271.03,True,1,1,1221.02,1025,1,1,0,0,0.5666667775,APPROVE
SUBSTITUTED_RETURN_CLAIM,1699.74,False,0,1,1539.71,289,0,0,0,0,999.0,REQUEST_EVIDENCE
WRONG_ITEM_CLAIM,1953.96,True,1,0,68.24,1301,0,0,0,0,999.0,APPROVE
SUBSTITUTED_RETURN_CLAIM,1126.2,True,1,2,2257.05,1487,0,0,0,0,999.0,APPROVE
SUBSTITUTED_RETURN_CLAIM,2047.73,True,1,0,2234.12,962,0,0,0,0,999.0,APPROVE
SUBSTITUTED_RETURN_CLAIM,4273.65,True,1,1,278.85,49,0,0,0,0,999.0,APPROVE
SUBSTITUTED_RETURN_CLAIM,161.45,False,0,1,1950.93,1366,0,0,0,0,999.0,REQUEST_EVIDENCE
WRONG_ITEM_CLAIM,2196.22,False,0,4,7019.74,1279,1,0,1,0,1.2833335877777778,REQUEST_EVIDENCE
SUBSTITUTED_RETURN_CLAIM,2918.0,False,0,0,501.14,257,0,0,0,0,999.0,REQUEST_EVIDENCE
SHORTAGE_CLAIM,1858.46,True,1,0,1792.18,195,0,0,0,0,999.0,DENY
SUBSTITUTED_RETURN_CLAIM,5012.37,False,0,0,2168.65,538,0,0,0,0,999.0,REQUEST_EVIDENCE
SHORTAGE_CLAIM,1394.6,False,0,0,1659.93,446,0,0,0,0,999.0,DENY
WRONG_ITEM_CLAIM,3616.55,True,1,0,180.33,1453,0,0,0,0,999.0,APPROVE
SHORTAGE_CLAIM,1909.65,False,0,4,2730.14,542,0,0,0,0,999.0,DENY
NON_DELIVERY_CLAIM,2492.06,True,1,0,1990.84,546,0,0,0,0,999.0,APPROVE
SUBSTITUTED_RETURN_CLAIM,1699.22,True,1,0,1619.84,904,0,0,0,0,999.0,APPROVE
SHORTAGE_CLAIM,3855.91,True,1,1,2967.82,857,0,0,0,0,999.0,APPROVE
NON_DELIVERY_CLAIM,4891.93,True,1,0,334.65,187,0,0,0,0,999.0,APPROVE
SHORTAGE_CLAIM,4091.42,True,1,1,604.39,145,0,0,0,0,999.0,DENY
NON_DELIVERY_CLAIM,1206.66,True,1,0,1747.11,1494,1,0,0,1,0.8000001572222223,APPROVE
SHORTAGE_CLAIM,375.03,True,1,0,1129.01,1137,0,0,0,0,999.0,APPROVE
NON_DELIVERY_CLAIM,4729.6,True,1,1,664.1,251,0,0,0,0,999.0,APPROVE
SUBSTITUTED_RETURN_CLAIM,1451.59,True,1,1,2986.42,640,1,1,0,0,1.766667017222222,APPROVE
NON_DELIVERY_CLAIM,4229.09,True,1,1,1842.87,1477,0,0,0,0,999.0,APPROVE
NON_DELIVERY_CLAIM,2394.82,False,0,0,1866.94,304,0,0,0,0,999.0,REQUEST_EVIDENCE
SUBSTITUTED_RETURN_CLAIM,2506.47,True,1,1,1064.87,390,0,0,0,0,999.0,APPROVE
SHORTAGE_CLAIM,5457.51,True,1,0,1630.29,1217,1,1,0,0,1.016666866388889,ESCALATE
NON_DELIVERY_CLAIM,2051.3,True,1,1,359.93,425,0,0,0,0,999.0,APPROVE
NON_DELIVERY_CLAIM,488.48,False,0,0,1715.77,542,1,0,1,0,1.766667017222222,REQUEST_EVIDENCE
NON_DELIVERY_CLAIM,5188.32,False,0,0,499.09,1021,0,0,0,0,999.0,REQUEST_EVIDENCE
NON_DELIVERY_CLAIM,725.49,False,0,0,1420.26,1380,0,0,0,0,999.0,REQUEST_EVIDENCE
SUBSTITUTED_RETURN_CLAIM,3978.02,True,1,0,1106.94,827,0,0,0,0,999.0,APPROVE
SUBSTITUTED_RETURN_CLAIM,1135.28,True,1,0,2987.88,692,0,0,0,0,999.0,APPROVE
SHORTAGE_CLAIM,1717.27,True,1,1,2939.55,1211,1,0,1,0,2.3000004577777777,APPROVE
NON_DELIVERY_CLAIM,4906.55,True,1,2,1281.33,1208,0,0,0,0,999.0,APPROVE
SHORTAGE_CLAIM,1813.85,False,0,0,577.64,241,0,0,0,0,999.0,DENY
SHORTAGE_CLAIM,3074.89,False,0,0,1325.65,1218,0,0,0,0,999.0,REQUEST_EVIDENCE
NON_DELIVERY_CLAIM,2033.54,False,0,1,3875.66,793,1,1,0,0,1.8666670358333333,REQUEST_EVIDENCE
WRONG_ITEM_CLAIM,2657.7,False,0,0,1662.95,146,1,0,0,0,1.4666669547222222,REQUEST_EVIDENCE
NON_DELIVERY_CLAIM,2037.42,True,1,1,1507.92,1297,0,0,0,0,999.0,APPROVE
SHORTAGE_CLAIM,745.84,True,1,2,3613.14,287,0,0,0,0,999.0,DENY
NON_DELIVERY_CLAIM,244.51,False,0,2,2717.01,68,0,0,0,0,999.0,REQUEST_EVIDENCE
SHORTAGE_CLAIM,2433.61,True,1,0,2971.85,1093,0,0,0,0,999.0,APPROVE
SHORTAGE_CLAIM,3908.53,False,0,0,2817.42,535,0,0,0,0,999.0,REQUEST_EVIDENCE
SUBSTITUTED_RETURN_CLAIM,270.99,True,1,0,2914.88,611,0,0,0,0,999.0,APPROVE
SUBSTITUTED_RETURN_CLAIM,1305.43,True,1,0,1297.52,1225,1,0,1,0,3.2666673227777774,APPROVE
NON_DELIVERY_CLAIM,1369.13,False,0,0,1990.84,546,1,1,0,0,0.5333334383333334,REQUEST_EVIDENCE
SUBSTITUTED_RETURN_CLAIM,3967.58,True,1,1,604.39,145,1,0,0,0,0.4833334286111111,APPROVE
SUBSTITUTED_RETURN_CLAIM,1839.62,False,0,1,927.0,669,1,1,0,0,2.516667166111111,REQUEST_EVIDENCE
WRONG_ITEM_CLAIM,4036.8,False,0,1,2967.82,857,1,1,0,0,0.5500001083333333,REQUEST_EVIDENCE
SUBSTITUTED_RETURN_CLAIM,5262.8,False,0,1,1194.39,1018,0,0,0,0,999.0,REQUEST_EVIDENCE
NON_DELIVERY_CLAIM,1874.3,False,0,1,1445.22,1386,0,0,0,0,999.0,REQUEST_EVIDENCE
SHORTAGE_CLAIM,4175.68,False,0,0,2542.0,1396,0,0,0,0,999.0,REQUEST_EVIDENCE
NON_DELIVERY_CLAIM,3330.89,True,1,0,25.26,1435,0,0,0,0,999.0,APPROVE
SUBSTITUTED_RETURN_CLAIM,2373.61,True,1,0,2022.48,906,1,1,0,0,1.1500002247222223,APPROVE
NON_DELIVERY_CLAIM,1260.18,False,0,1,2637.72,942,0,0,0,0,999.0,REQUEST_EVIDENCE
WRONG_ITEM_CLAIM,2624.46,False,0,0,793.19,814,1,1,0,0,3.4166673508333334,REQUEST_EVIDENCE
NON_DELIVERY_CLAIM,2027.27,True,1,0,1297.52,1225,2,1,1,0,0.2000000386111111,APPROVE
SUBSTITUTED_RETURN_CLAIM,7184.29,False,0,0,380.46,376,0,0,0,0,999.0,REQUEST_EVIDENCE
SHORTAGE_CLAIM,1787.09,True,1,0,1879.39,512,1,1,0,0,3.416667349444445,APPROVE
NON_DELIVERY_CLAIM,988.89,False,0,0,1567.0,236,0,0,0,0,999.0,REQUEST_EVIDENCE
SHORTAGE_CLAIM,1155.24,False,0,0,2417.82,62,0,0,0,0,999.0,DENY
WRONG_ITEM_CLAIM,730.32,True,1,0,2198.82,1331,0,0,0,0,999.0,APPROVE
NON_DELIVERY_CLAIM,2276.84,False,0,0,565.44,1145,0,0,0,0,999.0,REQUEST_EVIDENCE
WRONG_ITEM_CLAIM,2736.69,False,0,1,2491.35,423,0,0,0,0,999.0,REQUEST_EVIDENCE
NON_DELIVERY_CLAIM,5725.43,True,1,0,1491.82,858,0,0,0,0,999.0,ESCALATE
SUBSTITUTED_RETURN_CLAIM,1715.57,False,0,0,2814.27,1004,0,0,0,0,999.0,REQUEST_EVIDENCE
SHORTAGE_CLAIM,2178.22,True,1,1,2608.25,1173,1,0,1,0,2.583333842777778,DENY
NON_DELIVERY_CLAIM,594.98,False,0,2,2248.0,883,0,0,0,0,999.0,REQUEST_EVIDENCE
NON_DELIVERY_CLAIM,1756.81,True,1,1,5603.62,1156,0,0,0,0,999.0,APPROVE
SHORTAGE_CLAIM,2537.19,True,1,2,1420.71,1310,0,0,0,0,999.0,DENY
SUBSTITUTED_RETURN_CLAIM,4143.13,True,1,1,5324.85,503,0,0,0,0,999.0,APPROVE
SHORTAGE_CLAIM,5004.49,False,0,0,1015.1,929,1,1,0,0,1.5666669738888888,REQUEST_EVIDENCE
SUBSTITUTED_RETURN_CLAIM,1504.16,True,1,0,2067.07,653,0,0,0,0,999.0,APPROVE
SUBSTITUTED_RETURN_CLAIM,4221.6,False,0,2,1420.71,1310,1,0,0,0,0.06666667916666667,REQUEST_EVIDENCE
SUBSTITUTED_RETURN_CLAIM,1588.13,False,0,0,2217.55,1422,0,0,0,0,999.0,REQUEST_EVIDENCE
SUBSTITUTED_RETURN_CLAIM,630.75,True,1,0,2225.08,518,0,0,0,0,999.0,APPROVE
WRONG_ITEM_CLAIM,2279.12,False,0,0,435.46,259,0,0,0,0,999.0,REQUEST_EVIDENCE
WRONG_ITEM_CLAIM,1851.1,False,0,4,4440.12,1439,0,0,0,0,999.0,REQUEST_EVIDENCE
WRONG_ITEM_CLAIM,1697.27,False,0,2,943.51,207,0,0,0,0,999.0,REQUEST_EVIDENCE
WRONG_ITEM_CLAIM,3022.48,True,1,0,501.14,257,1,0,1,0,1.2000002352777779,APPROVE
NON_DELIVERY_CLAIM,1650.96,False,0,1,853.31,1067,0,0,0,0,999.0,REQUEST_EVIDENCE
NON_DELIVERY_CLAIM,2091.42,True,1,1,2648.8,950,1,0,1,0,1.9166670416666665,APPROVE
NON_DELIVERY_CLAIM,5523.49,False,0,2,910.04,272,0,0,0,0,999.0,REQUEST_EVIDENCE
SHORTAGE_CLAIM,1625.7,True,1,1,1650.48,344,0,0,0,0,999.0,APPROVE
SUBSTITUTED_RETURN_CLAIM,6384.62,True,1,0,973.54,436,0,0,0,0,999.0,ESCALATE
WRONG_ITEM_CLAIM,2307.56,True,1,0,1460.9,113,0,0,0,0,999.0,APPROVE
WRONG_ITEM_CLAIM,1313.94,True,1,1,2571.39,378,0,0,0,0,999.0,APPROVE
WRONG_ITEM_CLAIM,1298.32,True,1,0,1235.28,951,1,1,0,0,1.8166670222222223,APPROVE
NON_DELIVERY_CLAIM,224.73,True,1,0,1093.48,426,0,0,0,0,999.0,APPROVE
SHORTAGE_CLAIM,4079.29,True,1,0,2318.54,332,0,0,0,0,999.0,APPROVE
WRONG_ITEM_CLAIM,1581.5,False,0,0,2915.57,785,1,0,0,0,2.050000401944444,REQUEST_EVIDENCE
NON_DELIVERY_CLAIM,5642.73,False,0,2,2234.81,1456,1,1,0,0,1.816667022777778,REQUEST_EVIDENCE
SUBSTITUTED_RETURN_CLAIM,2313.18,False,0,1,1942.11,581,0,0,0,0,999.0,REQUEST_EVIDENCE
NON_DELIVERY_CLAIM,568.04,False,0,0,1423.84,898,1,0,1,0,2.2666671125,REQUEST_EVIDENCE
NON_DELIVERY_CLAIM,5427.78,False,0,2,1281.33,1208,1,1,0,0,1.0166668661111111,REQUEST_EVIDENCE
NON_DELIVERY_CLAIM,2327.05,False,0,2,1147.44,996,1,0,1,0,3.5166673622222224,REQUEST_EVIDENCE
WRONG_ITEM_CLAIM,1900.53,False,0,0,2379.17,258,0,0,0,0,999.0,REQUEST_EVIDENCE
WRONG_ITEM_CLAIM,5024.33,True,1,0,2703.82,918,0,0,0,0,999.0,ESCALATE
WRONG_ITEM_CLAIM,5234.8,True,1,1,1559.85,813,0,0,0,0,999.0,ESCALATE
WRONG_ITEM_CLAIM,2465.6,True,1,0,1689.87,642,0,0,0,0,999.0,APPROVE
NON_DELIVERY_CLAIM,7409.25,True,1,0,917.54,1248,0,0,0,0,999.0,ESCALATE
SUBSTITUTED_RETURN_CLAIM,2436.26,False,0,0,2662.74,46,0,0,0,0,999.0,REQUEST_EVIDENCE
WRONG_ITEM_CLAIM,1552.18,True,1,2,676.88,949,0,0,0,0,999.0,APPROVE
SHORTAGE_CLAIM,2239.18,True,1,1,1190.02,1452,0,0,0,0,999.0,APPROVE
NON_DELIVERY_CLAIM,3324.81,False,0,4,1372.8,925,0,0,0,0,999.0,REQUEST_EVIDENCE
SHORTAGE_CLAIM,2549.89,True,1,1,2084.34,440,1,1,0,0,2.983333923611111,APPROVE
SUBSTITUTED_RETURN_CLAIM,1395.29,True,1,0,2390.46,429,0,0,0,0,999.0,APPROVE
SHORTAGE_CLAIM,1724.54,True,1,2,943.51,207,1,0,1,0,0.48333343055555555,DENY
NON_DELIVERY_CLAIM,2372.25,True,1,1,2865.15,647,0,0,0,0,999.0,APPROVE
WRONG_ITEM_CLAIM,7121.43,False,0,0,330.71,411,0,0,0,0,999.0,REQUEST_EVIDENCE
SHORTAGE_CLAIM,1688.92,False,0,0,2777.07,430,0,0,0,0,999.0,REQUEST_EVIDENCE
SHORTAGE_CLAIM,1737.64,False,0,1,2673.83,1413,1,1,0,0,3.233333973888889,REQUEST_EVIDENCE
SUBSTITUTED_RETURN_CLAIM,1105.54,False,0,4,4160.88,633,0,0,0,0,999.0,REQUEST_EVIDENCE
SHORTAGE_CLAIM,490.5,False,0,0,64.48,478,0,0,0,0,999.0,REQUEST_EVIDENCE
SHORTAGE_CLAIM,2798.4,True,1,0,2511.24,789,0,0,0,0,999.0,DENY
SHORTAGE_CLAIM,6161.74,False,0,1,2139.33,798,0,0,0,0,999.0,REQUEST_EVIDENCE
SHORTAGE_CLAIM,6789.22,False,0,1,2863.67,99,0,0,0,0,999.0,DENY
NON_DELIVERY_CLAIM,2247.32,True,1,0,499.09,1021,1,0,1,0,1.4833336252777778,APPROVE
NON_DELIVERY_CLAIM,2801.18,False,0,1,1507.92,1297,1,1,0,0,1.3333335966666666,REQUEST_EVIDENCE
NON_DELIVERY_CLAIM,699.42,True,1,1,1619.8,1160,0,0,0,0,999.0,APPROVE
SUBSTITUTED_RETURN_CLAIM,6978.29,False,0,0,1281.34,1449,0,0,0,0,999.0,REQUEST_EVIDENCE
SUBSTITUTED_RETURN_CLAIM,1427.42,False,0,1,729.95,695,0,0,0,0,999.0,REQUEST_EVIDENCE
SHORTAGE_CLAIM,2433.37,True,1,0,273.08,77,0,0,0,0,999.0,DENY
NON_DELIVERY_CLAIM,3791.13,False,0,0,1554.89,1408,0,0,0,0,999.0,REQUEST_EVIDENCE
SHORTAGE_CLAIM,1773.22,True,1,0,2955.83,244,0,0,0,0,999.0,APPROVE
SUBSTITUTED_RETURN_CLAIM,2250.25,False,0,3,2756.82,1053,0,0,0,0,999.0,REQUEST_EVIDENCE
SUBSTITUTED_RETURN_CLAIM,2424.31,True,1,0,2976.91,458,0,0,0,0,999.0,APPROVE
SUBSTITUTED_RETURN_CLAIM,526.44,False,0,0,2217.55,1422,1,0,1,0,0.8833335091666666,REQUEST_EVIDENCE
NON_DELIVERY_CLAIM,492.34,True,1,0,343.38,596,1,0,0,1,3.800000751388889,APPROVE
SUBSTITUTED_RETURN_CLAIM,2930.71,True,1,3,3578.46,441,0,0,0,0,999.0,APPROVE
NON_DELIVERY_CLAIM,5605.18,True,1,0,393.83,1371,0,0,0,0,999.0,ESCALATE
SHORTAGE_CLAIM,3388.8,True,1,0,886.67,1052,1,0,0,0,4.816667653611111,APPROVE
SHORTAGE_CLAIM,2048.07,True,1,0,2352.92,956,0,0,0,0,999.0,APPROVE
SHORTAGE_CLAIM,2664.45,True,1,0,2838.78,159,0,0,0,0,999.0,DENY
SHORTAGE_CLAIM,722.72,True,1,0,2356.6,1100,0,0,0,0,999.0,APPROVE
NON_DELIVERY_CLAIM,6476.33,False,0,0,1325.65,1218,1,0,1,0,1.666666995277778,REQUEST_EVIDENCE
SUBSTITUTED_RETURN_CLAIM,2149.56,False,0,0,2065.96,1455,0,0,0,0,999.0,REQUEST_EVIDENCE
SHORTAGE_CLAIM,3502.87,True,1,1,622.39,1115,0,0,0,0,999.0,APPROVE
SHORTAGE_CLAIM,2274.96,True,1,1,2257.39,648,0,0,0,0,999.0,APPROVE
NON_DELIVERY_CLAIM,1970.56,False,0,0,2445.65,674,0,0,0,0,999.0,REQUEST_EVIDENCE
SUBSTITUTED_RETURN_CLAIM,2303.96,True,1,1,2967.82,857,2,1,1,0,1.5333336352777778,APPROVE
NON_DELIVERY_CLAIM,2209.54,True,1,0,1259.48,1276,0,0,0,0,999.0,APPROVE
WRONG_ITEM_CLAIM,2618.91,False,0,0,1849.05,949,0,0,0,0,999.0,REQUEST_EVIDENCE
WRONG_ITEM_CLAIM,2628.88,False,0,0,2541.52,133,1,0,1,0,2.5500005008333333,REQUEST_EVIDENCE
NON_DELIVERY_CLAIM,4818.25,False,0,4,6658.13,1181,0,0,0,0,999.0,REQUEST_EVIDENCE
SHORTAGE_CLAIM,1898.16,True,1,0,348.2,958,0,0,0,0,999.0,APPROVE
SUBSTITUTED_RETURN_CLAIM,774.93,True,1,1,147.09,1367,0,0,0,0,999.0,APPROVE
SUBSTITUTED_RETURN_CLAIM,1965.45,True,1,0,1615.24,142,0,0,0,0,999.0,APPROVE
WRONG_ITEM_CLAIM,3702.15,False,0,0,1966.77,708,0,0,0,0,999.0,REQUEST_EVIDENCE
WRONG_ITEM_CLAIM,1664.66,True,1,4,3300.33,987,0,0,0,0,999.0,APPROVE
NON_DELIVERY_CLAIM,3353.21,False,0,2,7522.46,1124,1,1,0,0,4.35000086,REQUEST_EVIDENCE
NON_DELIVERY_CLAIM,3124.93,False,0,0,2413.01,685,0,0,0,0,999.0,REQUEST_EVIDENCE
WRONG_ITEM_CLAIM,1679.5,False,0,1,1877.38,740,0,0,0,0,999.0,REQUEST_EVIDENCE
NON_DELIVERY_CLAIM,416.56,False,0,4,4988.53,1226,0,0,0,0,999.0,REQUEST_EVIDENCE
NON_DELIVERY_CLAIM,2699.12,True,1,0,2622.35,887,0,0,0,0,999.0,APPROVE
SUBSTITUTED_RETURN_CLAIM,778.88,True,1,0,1565.31,1336,0,0,0,0,999.0,APPROVE
SUBSTITUTED_RETURN_CLAIM,1953.54,False,0,1,275.72,349,0,0,0,0,999.0,REQUEST_EVIDENCE
SUBSTITUTED_RETURN_CLAIM,3731.56,True,1,0,565.44,1145,1,0,1,0,1.5833336452777778,APPROVE
NON_DELIVERY_CLAIM,2234.2,True,1,0,2814.27,1004,1,0,1,0,1.5500003061111112,APPROVE
WRONG_ITEM_CLAIM,2014.98,False,0,0,1822.4,1235,0,0,0,0,999.0,REQUEST_EVIDENCE
SUBSTITUTED_RETURN_CLAIM,1410.61,False,0,3,3601.78,1370,0,0,0,0,999.0,REQUEST_EVIDENCE
SHORTAGE_CLAIM,2445.38,True,1,1,1064.87,390,1,1,0,0,2.283333781944444,APPROVE
NON_DELIVERY_CLAIM,5636.1,False,0,0,2881.03,120,1,1,0,0,4.7333342683333335,REQUEST_EVIDENCE
SUBSTITUTED_RETURN_CLAIM,3825.35,True,1,0,1117.31,43,0,0,0,0,999.0,APPROVE
SHORTAGE_CLAIM,5519.56,False,0,0,180.33,1453,1,1,0,0,2.5500005016666667,REQUEST_EVIDENCE
NON_DELIVERY_CLAIM,347.65,True,1,0,248.01,1180,1,1,0,0,5.300001056666667,APPROVE
SUBSTITUTED_RETURN_CLAIM,2036.69,False,0,0,1013.16,1347,0,0,0,0,999.0,REQUEST_EVIDENCE
NON_DELIVERY_CLAIM,2263.86,True,1,0,1181.15,292,0,0,0,0,999.0,APPROVE
SHORTAGE_CLAIM,4383.65,True,1,1,1330.69,93,0,0,0,0,999.0,DENY
SHORTAGE_CLAIM,3108.67,True,1,1,1813.32,91,0,0,0,0,999.0,APPROVE
WRONG_ITEM_CLAIM,2030.13,True,1,0,768.86,251,0,0,0,0,999.0,APPROVE
WRONG_ITEM_CLAIM,3192.61,True,1,0,2056.53,1166,0,0,0,0,999.0,APPROVE
SHORTAGE_CLAIM,771.48,True,1,0,2900.37,1483,1,1,0,0,3.2166672972222226,DENY
SUBSTITUTED_RETURN_CLAIM,755.04,False,0,2,985.37,589,0,0,0,0,999.0,REQUEST_EVIDENCE
NON_DELIVERY_CLAIM,3821.14,True,1,2,2570.25,731,0,0,0,0,999.0,APPROVE
SUBSTITUTED_RETURN_CLAIM,2037.38,False,0,0,2991.05,1017,0,0,0,0,999.0,REQUEST_EVIDENCE
SHORTAGE_CLAIM,2580.78,False,0,1,1650.48,344,1,1,0,0,1.5500003047222224,REQUEST_EVIDENCE
NON_DELIVERY_CLAIM,4863.99,False,0,0,1013.16,1347,1,0,1,0,0.18333336833333333,REQUEST_EVIDENCE
WRONG_ITEM_CLAIM,3780.73,True,1,0,849.89,169,0,0,0,0,999.0,APPROVE
SHORTAGE_CLAIM,1348.58,False,0,0,662.55,1435,1,0,0,1,4.266667505833333,DENY
SUBSTITUTED_RETURN_CLAIM,1918.78,True,1,0,508.75,818,0,0,0,0,999.0,APPROVE
SUBSTITUTED_RETURN_CLAIM,5068.96,True,1,1,5394.91,439,0,0,0,0,999.0,ESCALATE
SHORTAGE_CLAIM,3443.95,True,1,0,315.67,474,0,0,0,0,999.0,DENY
SUBSTITUTED_RETURN_CLAIM,2456.69,True,1,1,2263.65,1081,0,0,0,0,999.0,APPROVE
NON_DELIVERY_CLAIM,2933.07,True,1,1,758.61,194,0,0,0,0,999.0,APPROVE
WRONG_ITEM_CLAIM,4162.98,True,1,0,2010.43,456,0,0,0,0,999.0,APPROVE
NON_DELIVERY_CLAIM,2429.84,True,1,2,981.87,220,0,0,0,0,999.0,APPROVE
NON_DELIVERY_CLAIM,1622.18,True,1,1,2521.92,1435,0,0,0,0,999.0,APPROVE
SUBSTITUTED_RETURN_CLAIM,7408.93,False,0,0,287.75,419,0,0,0,0,999.0,REQUEST_EVIDENCE
NON_DELIVERY_CLAIM,1797.18,True,1,0,1162.58,266,0,0,0,0,999.0,APPROVE
SUBSTITUTED_RETURN_CLAIM,4393.8,True,1,0,1054.89,1432,0,0,0,0,999.0,APPROVE
NON_DELIVERY_CLAIM,4138.74,False,0,0,2786.9,1381,0,0,0,0,999.0,REQUEST_EVIDENCE
WRONG_ITEM_CLAIM,4842.53,True,1,1,2189.88,1077,1,1,0,0,5.283334375,APPROVE
SUBSTITUTED_RETURN_CLAIM,3354.09,False,0,1,616.48,1442,0,0,0,0,999.0,REQUEST_EVIDENCE
WRONG_ITEM_CLAIM,7944.27,True,1,2,1410.03,388,0,0,0,0,999.0,ESCALATE
NON_DELIVERY_CLAIM,1785.42,False,0,1,2298.85,1107,0,0,0,0,999.0,REQUEST_EVIDENCE
WRONG_ITEM_CLAIM,2511.41,False,0,1,2871.29,867,0,0,0,0,999.0,REQUEST_EVIDENCE
SUBSTITUTED_RETURN_CLAIM,2198.23,False,0,1,2257.39,648,1,1,0,0,0.9833335255555555,REQUEST_EVIDENCE
SUBSTITUTED_RETURN_CLAIM,779.08,True,1,0,64.48,478,1,0,1,0,1.4166669430555556,APPROVE
SHORTAGE_CLAIM,2067.96,False,0,0,2461.28,974,0,0,0,0,999.0,REQUEST_EVIDENCE
NON_DELIVERY_CLAIM,8045.93,True,1,0,1453.61,767,0,0,0,0,999.0,ESCALATE
SUBSTITUTED_RETURN_CLAIM,1692.81,False,0,0,1906.06,224,0,0,0,0,999.0,REQUEST_EVIDENCE
SUBSTITUTED_RETURN_CLAIM,2218.6,False,0,1,616.48,1442,1,0,1,0,0.1500000297222222,REQUEST_EVIDENCE
NON_DELIVERY_CLAIM,5906.17,False,0,0,1312.07,1356,1,0,1,0,6.000001203888889,REQUEST_EVIDENCE
SUBSTITUTED_RETURN_CLAIM,2605.58,True,1,1,5324.85,503,1,1,0,0,2.233333772222222,APPROVE
WRONG_ITEM_CLAIM,3567.64,False,0,4,3034.13,818,0,0,0,0,999.0,REQUEST_EVIDENCE
SUBSTITUTED_RETURN_CLAIM,3659.79,True,1,0,2835.58,866,0,0,0,0,999.0,APPROVE
NON_DELIVERY_CLAIM,1705.28,False,0,1,2863.67,99,1,0,0,0,1.5166669633333332,REQUEST_EVIDENCE
NON_DELIVERY_CLAIM,2661.99,False,0,0,146.85,112,0,0,0,0,999.0,REQUEST_EVIDENCE
WRONG_ITEM_CLAIM,4914.16,True,1,2,5909.3,1434,2,0,2,0,4.416667535833334,APPROVE
NON_DELIVERY_CLAIM,664.06,False,0,0,1619.84,904,1,1,0,0,3.266667309166667,REQUEST_EVIDENCE
SUBSTITUTED_RETURN_CLAIM,2904.56,True,1,0,2999.86,1012,0,0,0,0,999.0,APPROVE
SUBSTITUTED_RETURN_CLAIM,3061.95,False,0,0,1907.63,723,0,0,0,0,999.0,REQUEST_EVIDENCE
SHORTAGE_CLAIM,1470.86,True,1,2,2307.66,1355,0,0,0,0,999.0,APPROVE
SHORTAGE_CLAIM,993.62,False,0,1,2629.18,188,0,0,0,0,999.0,DENY
WRONG_ITEM_CLAIM,4015.65,True,1,0,1419.48,633,0,0,0,0,999.0,APPROVE
SUBSTITUTED_RETURN_CLAIM,2988.46,True,1,1,957.95,353,0,0,0,0,999.0,APPROVE
SUBSTITUTED_RETURN_CLAIM,3460.26,True,1,0,2448.84,940,1,0,1,0,6.183334565555556,APPROVE
SUBSTITUTED_RETURN_CLAIM,2223.28,True,1,1,1424.61,837,0,0,0,0,999.0,APPROVE
WRONG_ITEM_CLAIM,579.12,True,1,1,2436.36,1139,0,0,0,0,999.0,APPROVE
SHORTAGE_CLAIM,1919.9,True,1,2,6873.23,1296,0,0,0,0,999.0,APPROVE
SUBSTITUTED_RETURN_CLAIM,2693.08,True,1,1,6534.77,492,0,0,0,0,999.0,APPROVE
SUBSTITUTED_RETURN_CLAIM,623.96,False,0,0,2868.83,1026,0,0,0,0,999.0,REQUEST_EVIDENCE
NON_DELIVERY_CLAIM,974.52,True,1,0,2808.95,588,0,0,0,0,999.0,APPROVE
WRONG_ITEM_CLAIM,3805.28,True,1,0,1573.94,162,0,0,0,0,999.0,APPROVE
SUBSTITUTED_RETURN_CLAIM,789.63,False,0,2,1743.23,372,0,0,0,0,999.0,REQUEST_EVIDENCE
NON_DELIVERY_CLAIM,4173.05,False,0,0,1526.47,1053,0,0,0,0,999.0,REQUEST_EVIDENCE
SUBSTITUTED_RETURN_CLAIM,7202.3,False,0,1,6534.77,492,1,1,0,0,0.10000001916666666,REQUEST_EVIDENCE
SHORTAGE_CLAIM,1206.78,True,1,0,1885.71,64,0,0,0,0,999.0,APPROVE
WRONG_ITEM_CLAIM,2071.1,False,0,1,2610.6,117,0,0,0,0,999.0,REQUEST_EVIDENCE
SHORTAGE_CLAIM,3488.31,True,1,0,260.39,1248,1,0,1,0,6.066667866111111,APPROVE
NON_DELIVERY_CLAIM,1133.52,True,1,0,1689.87,642,1,1,0,0,2.2000004316666666,APPROVE
WRONG_ITEM_CLAIM,1865.22,True,1,1,1975.22,316,0,0,0,0,999.0,APPROVE
WRONG_ITEM_CLAIM,5253.67,False,0,1,604.39,145,2,1,0,0,3.1166672780555555,REQUEST_EVIDENCE
SUBSTITUTED_RETURN_CLAIM,2432.49,True,1,0,1000.55,1430,1,0,0,1,6.166667885833334,APPROVE
NON_DELIVERY_CLAIM,1513.04,True,1,0,2224.18,118,0,0,0,0,999.0,APPROVE
WRONG_ITEM_CLAIM,1281.95,False,0,0,1885.71,64,1,1,0,0,0.13333335861111112,REQUEST_EVIDENCE
SHORTAGE_CLAIM,475.63,True,1,1,1947.29,876,0,0,0,0,999.0,APPROVE
WRONG_ITEM_CLAIM,4680.18,False,0,0,1388.73,1387,0,0,0,0,999.0,REQUEST_EVIDENCE
SHORTAGE_CLAIM,4877.05,False,0,1,616.48,1442,2,0,2,0,0.6166667874999999,DENY
SHORTAGE_CLAIM,1877.17,False,0,1,1936.96,89,0,0,0,0,999.0,DENY
WRONG_ITEM_CLAIM,6638.9,False,0,0,219.59,697,0,0,0,0,999.0,REQUEST_EVIDENCE
NON_DELIVERY_CLAIM,2457.02,False,0,0,2990.55,1063,0,0,0,0,999.0,REQUEST_EVIDENCE
SHORTAGE_CLAIM,4508.22,False,0,0,715.72,1294,2,2,0,0,5.066667664166667,REQUEST_EVIDENCE
NON_DELIVERY_CLAIM,1880.66,True,1,1,789.95,125,0,0,0,0,999.0,APPROVE
NON_DELIVERY_CLAIM,4829.21,True,1,1,2066.55,393,0,0,0,0,999.0,APPROVE
SUBSTITUTED_RETURN_CLAIM,2414.33,True,1,1,919.49,1263,0,0,0,0,999.0,APPROVE
SHORTAGE_CLAIM,5808.61,False,0,1,1445.22,1386,1,0,1,0,3.2833339777777777,DENY
SUBSTITUTED_RETURN_CLAIM,1652.41,True,1,1,1883.72,1474,0,0,0,0,999.0,APPROVE
WRONG_ITEM_CLAIM,995.39,True,1,0,916.53,591,0,0,0,0,999.0,APPROVE
SUBSTITUTED_RETURN_CLAIM,1516.06,True,1,1,2778.13,1242,0,0,0,0,999.0,APPROVE
SUBSTITUTED_RETURN_CLAIM,2249.3,False,0,1,960.7,661,0,0,0,0,999.0,REQUEST_EVIDENCE
SHORTAGE_CLAIM,2255.95,True,1,0,238.21,41,0,0,0,0,999.0,APPROVE
WRONG_ITEM_CLAIM,1060.7,False,0,0,2009.5,1133,0,0,0,0,999.0,REQUEST_EVIDENCE
SUBSTITUTED_RETURN_CLAIM,1560.45,True,1,1,96.69,933,0,0,0,0,999.0,APPROVE
SHORTAGE_CLAIM,2707.84,True,1,1,355.79,935,1,1,0,0,6.4333346025,DENY
NON_DELIVERY_CLAIM,6339.94,False,0,1,828.74,997,0,0,0,0,999.0,REQUEST_EVIDENCE
SUBSTITUTED_RETURN_CLAIM,1777.45,False,0,1,1877.38,740,1,0,1,0,1.7500003408333333,REQUEST_EVIDENCE
WRONG_ITEM_CLAIM,3140.66,True,1,0,238.21,41,1,1,0,0,0.10000001916666666,APPROVE
NON_DELIVERY_CLAIM,2492.22,True,1,0,1554.89,1408,1,0,1,0,2.2666671080555556,APPROVE
WRONG_ITEM_CLAIM,2184.04,False,0,4,2730.14,542,1,0,0,0,4.133334143888889,REQUEST_EVIDENCE
SHORTAGE_CLAIM,2085.86,True,1,0,2808.95,588,1,1,0,0,0.633333455,DENY
SHORTAGE_CLAIM,3166.67,False,0,3,4172.98,324,2,0,1,0,4.400000861666667,DENY
NON_DELIVERY_CLAIM,5386.64,False,0,2,1525.62,1381,0,0,0,0,999.0,REQUEST_EVIDENCE
SHORTAGE_CLAIM,4365.75,True,1,0,2198.62,111,0,0,0,0,999.0,DENY
SHORTAGE_CLAIM,2399.31,False,0,0,723.46,1114,0,0,0,0,999.0,REQUEST_EVIDENCE
NON_DELIVERY_CLAIM,2058.74,False,0,1,2574.66,861,0,0,0,0,999.0,REQUEST_EVIDENCE
SHORTAGE_CLAIM,1662.45,False,0,0,1314.33,1353,0,0,0,0,999.0,REQUEST_EVIDENCE
NON_DELIVERY_CLAIM,6233.56,False,0,4,4864.35,963,0,0,0,0,999.0,REQUEST_EVIDENCE
NON_DELIVERY_CLAIM,307.54,False,0,1,4440.31,1475,0,0,0,0,999.0,REQUEST_EVIDENCE
NON_DELIVERY_CLAIM,5234.87,True,1,1,196.13,964,0,0,0,0,999.0,ESCALATE
SHORTAGE_CLAIM,2283.55,True,1,0,2198.02,550,1,1,0,0,4.800000939444444,APPROVE
NON_DELIVERY_CLAIM,8647.23,True,1,1,588.3,1459,0,0,0,0,999.0,ESCALATE
SHORTAGE_CLAIM,2493.21,False,0,0,1067.43,1249,0,0,0,0,999.0,DENY
SHORTAGE_CLAIM,1654.22,False,0,1,7706.23,1466,0,0,0,0,999.0,REQUEST_EVIDENCE
NON_DELIVERY_CLAIM,1606.55,False,0,1,1388.64,548,0,0,0,0,999.0,REQUEST_EVIDENCE
SUBSTITUTED_RETURN_CLAIM,2261.35,False,0,0,2112.42,282,0,0,0,0,999.0,REQUEST_EVIDENCE
WRONG_ITEM_CLAIM,6789.54,True,1,3,5731.08,1386,1,0,1,0,6.416667929166667,ESCALATE
SHORTAGE_CLAIM,2054.22,True,1,1,1181.39,187,0,0,0,0,999.0,APPROVE
SHORTAGE_CLAIM,1913.81,False,0,0,2579.12,1380,1,0,0,1,4.73333426,DENY
WRONG_ITEM_CLAIM,5473.17,True,1,0,2127.09,1475,0,0,0,0,999.0,ESCALATE
SUBSTITUTED_RETURN_CLAIM,4810.2,True,1,1,147.87,324,0,0,0,0,999.0,APPROVE
NON_DELIVERY_CLAIM,6911.59,True,1,0,1759.83,297,0,0,0,0,999.0,ESCALATE
SUBSTITUTED_RETURN_CLAIM,1990.92,True,1,0,1370.24,124,0,0,0,0,999.0,APPROVE
NON_DELIVERY_CLAIM,4749.23,True,1,0,364.09,624,0,0,0,0,999.0,APPROVE
SUBSTITUTED_RETURN_CLAIM,1940.22,True,1,0,244.22,139,1,0,1,0,7.000001382222222,APPROVE
NON_DELIVERY_CLAIM,2103.21,False,0,0,1260.19,1044,0,0,0,0,999.0,REQUEST_EVIDENCE
WRONG_ITEM_CLAIM,7657.27,True,1,0,2990.55,1063,1,0,1,0,0.7500001463888889,ESCALATE
WRONG_ITEM_CLAIM,1876.06,True,1,0,1267.61,782,1,0,1,0,5.133334339722222,APPROVE
WRONG_ITEM_CLAIM,1365.46,False,0,2,161.41,1455,0,0,0,0,999.0,REQUEST_EVIDENCE
SHORTAGE_CLAIM,8447.27,False,0,0,1284.44,155,0,0,0,0,999.0,REQUEST_EVIDENCE
SHORTAGE_CLAIM,2866.8,False,0,0,1889.59,1192,2,0,0,0,6.633334640555556,DENY
WRONG_ITEM_CLAIM,734.96,True,1,4,5153.5,505,0,0,0,0,999.0,APPROVE
SHORTAGE_CLAIM,2623.25,True,1,2,2717.01,68,1,0,1,0,4.2166674947222225,APPROVE
SUBSTITUTED_RETURN_CLAIM,415.23,True,1,0,2018.41,1406,0,0,0,0,999.0,APPROVE
SHORTAGE_CLAIM,3027.2,True,1,0,2098.85,248,0,0,0,0,999.0,DENY
SHORTAGE_CLAIM,8905.88,True,1,0,2608.42,1264,0,0,0,0,999.0,ESCALATE
SUBSTITUTED_RETURN_CLAIM,151.68,True,1,0,1866.94,304,1,0,1,0,4.566667562222222,APPROVE
WRONG_ITEM_CLAIM,5390.6,True,1,1,2977.46,1202,0,0,0,0,999.0,ESCALATE
WRONG_ITEM_CLAIM,1654.5,True,1,1,1619.8,1160,1,1,0,0,3.000000586666667,APPROVE
SUBSTITUTED_RETURN_CLAIM,668.74,False,0,4,2208.59,1283,0,0,0,0,999.0,REQUEST_EVIDENCE
NON_DELIVERY_CLAIM,7630.17,True,1,0,0.51,273,0,0,0,0,999.0,ESCALATE
SHORTAGE_CLAIM,2346.44,True,1,0,0.51,273,1,0,0,1,0.01666666972222222,APPROVE
NON_DELIVERY_CLAIM,4069.91,False,0,3,3601.78,1370,1,0,1,0,2.3833338019444446,REQUEST_EVIDENCE
NON_DELIVERY_CLAIM,664.71,False,0,1,1395.76,1224,0,0,0,0,999.0,REQUEST_EVIDENCE
WRONG_ITEM_CLAIM,929.12,True,1,0,2390.46,429,1,1,0,0,3.3166673169444443,APPROVE
WRONG_ITEM_CLAIM,6612.27,False,0,0,2141.3,1469,0,0,0,0,999.0,REQUEST_EVIDENCE
SUBSTITUTED_RETURN_CLAIM,2929.27,False,0,1,6121.48,623,0,0,0,0,999.0,REQUEST_EVIDENCE
SUBSTITUTED_RETURN_CLAIM,4511.1,False,0,0,779.42,664,1,1,0,0,6.350001249444444,REQUEST_EVIDENCE
SHORTAGE_CLAIM,1009.25,False,0,3,1312.78,743,0,0,0,0,999.0,REQUEST_EVIDENCE
WRONG_ITEM_CLAIM,811.87,True,1,1,2892.87,544,0,0,0,0,999.0,APPROVE
SUBSTITUTED_RETURN_CLAIM,2848.82,False,0,1,2529.93,767,0,0,0,0,999.0,REQUEST_EVIDENCE
SUBSTITUTED_RETURN_CLAIM,1523.98,True,1,0,0.51,273,2,1,0,1,0.16666669805555556,APPROVE
SHORTAGE_CLAIM,1905.1,False,0,1,575.65,1191,0,0,0,0,999.0,REQUEST_EVIDENCE
WRONG_ITEM_CLAIM,2193.44,True,1,0,2625.54,355,0,0,0,0,999.0,APPROVE
WRONG_ITEM_CLAIM,329.34,False,0,0,2022.07,443,0,0,0,0,999.0,REQUEST_EVIDENCE
WRONG_ITEM_CLAIM,459.62,True,1,0,123.55,494,0,0,0,0,999.0,APPROVE
NON_DELIVERY_CLAIM,7772.8,True,1,1,525.19,618,0,0,0,0,999.0,ESCALATE
SUBSTITUTED_RETURN_CLAIM,4414.61,True,1,1,352.04,374,1,0,1,0,6.283334568333333,APPROVE
SUBSTITUTED_RETURN_CLAIM,5612.15,True,1,2,514.81,101,0,0,0,0,999.0,ESCALATE
SUBSTITUTED_RETURN_CLAIM,4729.11,False,0,3,4160.43,672,0,0,0,0,999.0,REQUEST_EVIDENCE
NON_DELIVERY_CLAIM,1446.78,True,1,0,1513.26,277,0,0,0,0,999.0,APPROVE
SUBSTITUTED_RETURN_CLAIM,379.99,False,0,0,1946.16,1471,0,0,0,0,999.0,REQUEST_EVIDENCE
SHORTAGE_CLAIM,5339.03,True,1,0,2406.5,1011,0,0,0,0,999.0,ESCALATE
NON_DELIVERY_CLAIM,2303.69,True,1,1,1116.04,1351,0,0,0,0,999.0,APPROVE
SHORTAGE_CLAIM,4354.15,False,0,0,2067.07,653,1,1,0,0,4.216667494166667,DENY
WRONG_ITEM_CLAIM,862.64,True,1,0,1747.11,1494,2,1,0,1,5.13333434,APPROVE
WRONG_ITEM_CLAIM,1364.06,False,0,0,2021.02,706,0,0,0,0,999.0,REQUEST_EVIDENCE
NON_DELIVERY_CLAIM,1571.1,True,1,0,1570.07,1016,0,0,0,0,999.0,APPROVE
NON_DELIVERY_CLAIM,213.36,False,0,3,4869.1,661,0,0,0,0,999.0,REQUEST_EVIDENCE
SHORTAGE_CLAIM,2367.05,False,0,2,2413.85,590,0,0,0,0,999.0,REQUEST_EVIDENCE
WRONG_ITEM_CLAIM,2865.82,False,0,0,2098.85,248,1,0,0,0,0.6000001197222222,REQUEST_EVIDENCE
SUBSTITUTED_RETURN_CLAIM,3267.72,True,1,1,297.88,271,0,0,0,0,999.0,APPROVE
SUBSTITUTED_RETURN_CLAIM,626.21,False,0,0,2693.8,1135,1,1,0,0,7.883334892777778,REQUEST_EVIDENCE
NON_DELIVERY_CLAIM,1954.7,True,1,1,2183.92,1202,0,0,0,0,999.0,APPROVE
SHORTAGE_CLAIM,3681.57,True,1,2,2570.25,731,1,1,0,0,2.6833338616666667,APPROVE
SHORTAGE_CLAIM,2496.31,True,1,0,499.09,1021,2,1,1,0,3.650000716388889,APPROVE
SUBSTITUTED_RETURN_CLAIM,1822.87,True,1,0,1763.44,1300,0,0,0,0,999.0,APPROVE
WRONG_ITEM_CLAIM,5431.61,True,1,1,2670.88,110,0,0,0,0,999.0,ESCALATE
SHORTAGE_CLAIM,2562.64,True,1,0,1930.81,1254,0,0,0,0,999.0,DENY
WRONG_ITEM_CLAIM,6285.61,True,1,1,1883.72,1474,1,1,0,0,1.5333336358333334,ESCALATE
WRONG_ITEM_CLAIM,1658.98,True,1,0,1389.19,484,0,0,0,0,999.0,APPROVE
NON_DELIVERY_CLAIM,331.51,False,0,1,189.3,1346,2,0,2,0,7.033334717777778,REQUEST_EVIDENCE
NON_DELIVERY_CLAIM,648.13,False,0,0,835.7,465,0,0,0,0,999.0,REQUEST_EVIDENCE
SHORTAGE_CLAIM,3569.58,False,0,3,4869.1,661,1,0,1,0,0.2500000488888889,REQUEST_EVIDENCE
SUBSTITUTED_RETURN_CLAIM,139.51,True,1,0,2991.05,1017,1,0,1,0,2.833333891111111,APPROVE
SUBSTITUTED_RETURN_CLAIM,3566.9,False,0,2,676.88,949,1,1,0,0,4.066667465555556,REQUEST_EVIDENCE
SHORTAGE_CLAIM,1635.42,True,1,0,2716.88,1251,0,0,0,0,999.0,APPROVE
WRONG_ITEM_CLAIM,4794.77,False,0,0,2009.5,1133,1,0,1,0,1.583333646388889,REQUEST_EVIDENCE
WRONG_ITEM_CLAIM,5463.48,False,0,0,2010.43,456,1,1,0,0,2.7333338722222225,REQUEST_EVIDENCE
WRONG_ITEM_CLAIM,5726.85,True,1,0,1580.05,1061,0,0,0,0,999.0,ESCALATE
SHORTAGE_CLAIM,786.06,False,0,2,7640.85,706,1,0,1,0,6.3333345788888895,REQUEST_EVIDENCE
NON_DELIVERY_CLAIM,3248.62,False,0,3,1723.01,324,0,0,0,0,999.0,REQUEST_EVIDENCE
SHORTAGE_CLAIM,3339.81,True,1,0,1526.47,1053,1,0,1,0,2.116667083888889,DENY
NON_DELIVERY_CLAIM,3446.75,False,0,1,1250.77,838,0,0,0,0,999.0,REQUEST_EVIDENCE
NON_DELIVERY_CLAIM,698.45,False,0,0,2579.39,1000,1,0,0,0,7.833334878333333,REQUEST_EVIDENCE
SHORTAGE_CLAIM,1214.91,False,0,1,729.14,508,0,0,0,0,999.0,REQUEST_EVIDENCE
NON_DELIVERY_CLAIM,1196.11,True,1,1,2529.93,767,1,0,1,0,0.7666668188888889,APPROVE
SUBSTITUTED_RETURN_CLAIM,115.12,False,0,1,2892.87,544,1,1,0,0,0.8000001583333334,REQUEST_EVIDENCE
WRONG_ITEM_CLAIM,4620.64,True,1,0,1630.29,1217,2,1,0,1,5.566667760277778,APPROVE
SUBSTITUTED_RETURN_CLAIM,5659.49,False,0,0,1672.02,1474,0,0,0,0,999.0,REQUEST_EVIDENCE
WRONG_ITEM_CLAIM,1583.6,False,0,1,6121.48,623,1,0,1,0,0.9000001774999999,REQUEST_EVIDENCE
WRONG_ITEM_CLAIM,2392.34,False,0,2,667.66,311,0,0,0,0,999.0,REQUEST_EVIDENCE
SUBSTITUTED_RETURN_CLAIM,1970.17,False,0,1,1942.11,581,1,0,1,0,4.516667554166666,REQUEST_EVIDENCE
SHORTAGE_CLAIM,6887.4,False,0,1,2418.81,1392,0,0,0,0,999.0,DENY
SHORTAGE_CLAIM,3568.71,False,0,0,2033.09,613,0,0,0,0,999.0,REQUEST_EVIDENCE
NON_DELIVERY_CLAIM,5041.65,True,1,1,433.06,644,0,0,0,0,999.0,ESCALATE
WRONG_ITEM_CLAIM,2232.94,False,0,0,2608.42,1264,1,0,0,1,1.1833335672222223,REQUEST_EVIDENCE
NON_DELIVERY_CLAIM,5750.54,False,0,2,1649.74,1130,0,0,0,0,999.0,REQUEST_EVIDENCE
SHORTAGE_CLAIM,1450.89,True,1,0,1201.75,316,0,0,0,0,999.0,APPROVE
WRONG_ITEM_CLAIM,1657.31,False,0,1,645.4,323,0,0,0,0,999.0,REQUEST_EVIDENCE
SHORTAGE_CLAIM,2777.66,False,0,0,1930.81,1254,1,0,0,0,0.5333334377777778,REQUEST_EVIDENCE
WRONG_ITEM_CLAIM,1870.81,True,1,4,5503.38,253,0,0,0,0,999.0,APPROVE
WRONG_ITEM_CLAIM,2809.04,True,1,0,2018.41,285,0,0,0,0,999.0,APPROVE
WRONG_ITEM_CLAIM,3199.79,True,1,0,2383.8,1032,0,0,0,0,999.0,APPROVE
NON_DELIVERY_CLAIM,2560.0,False,0,0,723.46,1114,1,0,1,0,1.833333696111111,REQUEST_EVIDENCE
SHORTAGE_CLAIM,3415.54,True,1,1,2574.66,861,1,0,1,0,1.833333696111111,DENY
NON_DELIVERY_CLAIM,1586.39,True,1,0,2817.46,452,1,1,0,0,6.333334576666666,APPROVE
WRONG_ITEM_CLAIM,2063.81,True,1,1,610.67,1141,0,0,0,0,999.0,APPROVE
SUBSTITUTED_RETURN_CLAIM,2091.69,True,1,1,1388.64,548,1,0,1,0,1.7333336766666667,APPROVE
WRONG_ITEM_CLAIM,2767.99,True,1,1,6891.08,559,0,0,0,0,999.0,APPROVE
NON_DELIVERY_CLAIM,4759.85,False,0,0,1272.93,619,0,0,0,0,999.0,REQUEST_EVIDENCE
SUBSTITUTED_RETURN_CLAIM,1603.95,False,0,1,2887.94,339,0,0,0,0,999.0,REQUEST_EVIDENCE
SHORTAGE_CLAIM,2865.04,False,0,0,1185.43,766,0,0,0,0,999.0,DENY
SUBSTITUTED_RETURN_CLAIM,1958.46,False,0,1,1539.71,289,1,0,1,0,6.400001258611111,REQUEST_EVIDENCE
WRONG_ITEM_CLAIM,5103.72,False,0,0,1956.2,1115,0,0,0,0,999.0,REQUEST_EVIDENCE
WRONG_ITEM_CLAIM,1467.31,True,1,1,2412.26,850,0,0,0,0,999.0,APPROVE
NON_DELIVERY_CLAIM,1952.76,False,0,0,2058.55,602,1,0,1,0,8.433334997500001,REQUEST_EVIDENCE
WRONG_ITEM_CLAIM,272.28,False,0,3,4912.45,746,0,0,0,0,999.0,REQUEST_EVIDENCE
SUBSTITUTED_RETURN_CLAIM,1906.51,True,1,0,764.99,978,0,0,0,0,999.0,APPROVE
SUBSTITUTED_RETURN_CLAIM,1963.35,False,0,1,1334.76,1377,1,1,0,0,8.666668377777778,REQUEST_EVIDENCE
NON_DELIVERY_CLAIM,200.92,True,1,0,1410.41,768,0,0,0,0,999.0,APPROVE
WRONG_ITEM_CLAIM,1896.24,False,0,0,662.55,1435,2,0,0,1,3.5500007011111108,REQUEST_EVIDENCE
NON_DELIVERY_CLAIM,679.98,True,1,0,2428.44,1038,0,0,0,0,999.0,APPROVE
WRONG_ITEM_CLAIM,2364.01,False,0,1,939.22,1161,0,0,0,0,999.0,REQUEST_EVIDENCE
SHORTAGE_CLAIM,4065.2,True,1,0,2541.52,133,2,0,2,0,4.200000826388889,APPROVE
SHORTAGE_CLAIM,3619.02,False,0,1,2834.96,1345,0,0,0,0,999.0,REQUEST_EVIDENCE
WRONG_ITEM_CLAIM,8424.9,False,0,0,722.49,873,0,0,0,0,999.0,REQUEST_EVIDENCE
NON_DELIVERY_CLAIM,285.84,True,1,0,2144.59,610,0,0,0,0,999.0,APPROVE
SUBSTITUTED_RETURN_CLAIM,4989.4,True,1,1,3875.66,793,2,1,1,0,6.05000119,APPROVE
WRONG_ITEM_CLAIM,1714.72,False,0,1,7372.72,761,0,0,0,0,999.0,REQUEST_EVIDENCE
SUBSTITUTED_RETURN_CLAIM,4896.05,False,0,1,604.39,145,3,1,1,0,2.8000005522222224,REQUEST_EVIDENCE
SUBSTITUTED_RETURN_CLAIM,5588.15,True,1,0,2743.23,1105,0,0,0,0,999.0,ESCALATE
NON_DELIVERY_CLAIM,5237.59,False,0,0,1379.26,1054,0,0,0,0,999.0,REQUEST_EVIDENCE
WRONG_ITEM_CLAIM,5212.36,True,1,0,1534.67,942,0,0,0,0,999.0,ESCALATE
SUBSTITUTED_RETURN_CLAIM,1264.98,True,1,0,83.93,112,0,0,0,0,999.0,APPROVE
NON_DELIVERY_CLAIM,1933.79,False,0,1,758.61,194,1,1,0,0,3.7000007291666663,REQUEST_EVIDENCE
SHORTAGE_CLAIM,1558.59,True,1,3,3601.78,1370,2,0,2,0,1.7333336744444445,APPROVE
WRONG_ITEM_CLAIM,4699.6,False,0,0,2065.96,1455,1,0,1,0,4.533334223333333,REQUEST_EVIDENCE
SHORTAGE_CLAIM,3272.92,True,1,0,644.15,374,0,0,0,0,999.0,APPROVE
WRONG_ITEM_CLAIM,606.44,True,1,2,13.01,1406,0,0,0,0,999.0,APPROVE
SHORTAGE_CLAIM,2447.56,False,0,1,2257.39,648,2,1,1,0,3.5666673674999996,REQUEST_EVIDENCE
SUBSTITUTED_RETURN_CLAIM,1151.94,True,1,0,2106.67,138,0,0,0,0,999.0,APPROVE
SHORTAGE_CLAIM,2497.81,False,0,0,2057.04,602,0,0,0,0,999.0,REQUEST_EVIDENCE
SHORTAGE_CLAIM,2417.9,False,0,2,2248.0,883,1,0,1,0,5.783334471944445,DENY
NON_DELIVERY_CLAIM,2120.23,True,1,1,1947.29,876,1,1,0,0,2.9666672524999997,APPROVE
WRONG_ITEM_CLAIM,6016.88,False,0,1,2292.48,481,0,0,0,0,999.0,REQUEST_EVIDENCE
NON_DELIVERY_CLAIM,1930.59,True,1,3,5007.05,561,0,0,0,0,999.0,APPROVE
NON_DELIVERY_CLAIM,1822.6,False,0,1,2002.74,986,0,0,0,0,999.0,REQUEST_EVIDENCE
SUBSTITUTED_RETURN_CLAIM,1674.2,True,1,4,2786.15,609,0,0,0,0,999.0,APPROVE
WRONG_ITEM_CLAIM,3049.94,True,1,1,2028.7,1373,0,0,0,0,999.0,APPROVE
SHORTAGE_CLAIM,1486.77,False,0,0,49.91,642,1,0,1,0,8.666668374444445,REQUEST_EVIDENCE
WRONG_ITEM_CLAIM,702.22,True,1,2,7501.36,1447,1,1,0,0,7.800001534722222,APPROVE
SHORTAGE_CLAIM,3959.57,True,1,1,1064.87,390,2,2,0,0,4.366667526666666,DENY
NON_DELIVERY_CLAIM,5006.56,False,0,1,2086.88,711,0,0,0,0,999.0,REQUEST_EVIDENCE
SHORTAGE_CLAIM,1756.66,False,0,0,2747.56,102,0,0,0,0,999.0,REQUEST_EVIDENCE
SHORTAGE_CLAIM,3984.96,True,1,0,1511.24,649,0,0,0,0,999.0,DENY
SUBSTITUTED_RETURN_CLAIM,4683.76,True,1,0,2198.02,550,2,2,0,0,2.6000005155555557,APPROVE
SHORTAGE_CLAIM,4940.67,False,0,0,2829.83,1305,0,0,0,0,999.0,REQUEST_EVIDENCE
SHORTAGE_CLAIM,1545.05,True,1,1,1224.78,1045,1,0,1,0,9.616668571111111,APPROVE
SHORTAGE_CLAIM,1670.11,True,1,0,146.85,112,1,0,1,0,3.700000728888889,APPROVE
SHORTAGE_CLAIM,2094.03,True,1,2,3112.35,145,0,0,0,0,999.0,APPROVE
SUBSTITUTED_RETURN_CLAIM,3178.05,True,1,1,1165.41,663,0,0,0,0,999.0,APPROVE
SHORTAGE_CLAIM,1705.55,False,0,2,1389.01,1130,0,0,0,0,999.0,REQUEST_EVIDENCE
NON_DELIVERY_CLAIM,1797.4,False,0,3,5188.05,1456,0,0,0,0,999.0,REQUEST_EVIDENCE
SUBSTITUTED_RETURN_CLAIM,4836.49,False,0,0,2233.77,796,0,0,0,0,999.0,REQUEST_EVIDENCE
NON_DELIVERY_CLAIM,2599.51,False,0,0,599.0,1005,0,0,0,0,999.0,REQUEST_EVIDENCE
WRONG_ITEM_CLAIM,2186.16,True,1,0,2595.2,1207,0,0,0,0,999.0,APPROVE
NON_DELIVERY_CLAIM,3676.18,True,1,2,2536.68,1019,0,0,0,0,999.0,APPROVE
SUBSTITUTED_RETURN_CLAIM,730.32,True,1,0,2198.82,1331,1,1,0,0,6.300001243055556,APPROVE
SUBSTITUTED_RETURN_CLAIM,1390.15,True,1,1,478.11,179,0,0,0,0,999.0,APPROVE
NON_DELIVERY_CLAIM,665.47,False,0,0,1201.75,316,1,1,0,0,1.2000002397222223,REQUEST_EVIDENCE
SUBSTITUTED_RETURN_CLAIM,2226.6,False,0,1,416.38,1493,2,0,2,0,7.883334885833333,REQUEST_EVIDENCE
SUBSTITUTED_RETURN_CLAIM,6190.69,True,1,1,983.04,909,0,0,0,0,999.0,ESCALATE
SUBSTITUTED_RETURN_CLAIM,1578.96,False,0,0,1419.48,633,1,1,0,0,3.816667419722222,REQUEST_EVIDENCE
WRONG_ITEM_CLAIM,3822.97,True,1,1,1877.38,740,2,0,2,0,3.133333955,APPROVE
WRONG_ITEM_CLAIM,4621.44,True,1,0,2668.09,1034,0,0,0,0,999.0,APPROVE
SUBSTITUTED_RETURN_CLAIM,2008.19,False,0,1,3876.01,1295,0,0,0,0,999.0,REQUEST_EVIDENCE
NON_DELIVERY_CLAIM,526.43,True,1,2,3034.03,43,0,0,0,0,999.0,APPROVE
NON_DELIVERY_CLAIM,2099.04,False,0,3,4172.98,324,3,0,1,0,3.1166672855555553,REQUEST_EVIDENCE
SUBSTITUTED_RETURN_CLAIM,952.26,False,0,0,2597.86,724,0,0,0,0,999.0,REQUEST_EVIDENCE
SHORTAGE_CLAIM,4650.1,True,1,4,4864.35,963,1,0,1,0,3.050000606666667,DENY
NON_DELIVERY_CLAIM,5928.62,True,1,1,2637.72,942,1,0,1,0,6.633334641666667,ESCALATE
SUBSTITUTED_RETURN_CLAIM,943.78,True,1,4,3470.4,1125,0,0,0,0,999.0,APPROVE
SHORTAGE_CLAIM,8717.51,True,1,0,1916.18,58,0,0,0,0,999.0,ESCALATE
SHORTAGE_CLAIM,6392.11,True,1,1,5394.91,439,1,0,0,1,4.566667569722222,ESCALATE
NON_DELIVERY_CLAIM,1780.35,True,1,0,2082.0,1431,0,0,0,0,999.0,APPROVE
WRONG_ITEM_CLAIM,4098.56,True,1,1,2071.56,1379,0,0,0,0,999.0,APPROVE
NON_DELIVERY_CLAIM,6808.73,False,0,3,5007.05,561,1,1,0,0,0.6833334694444444,REQUEST_EVIDENCE
WRONG_ITEM_CLAIM,2714.22,True,1,0,319.65,198,0,0,0,0,999.0,APPROVE
WRONG_ITEM_CLAIM,1090.97,True,1,0,2543.08,1215,1,1,0,0,7.733334855833333,APPROVE
WRONG_ITEM_CLAIM,2374.46,False,0,2,2413.85,590,1,0,1,0,2.183333765277778,REQUEST_EVIDENCE
WRONG_ITEM_CLAIM,1102.03,True,1,0,630.71,566,0,0,0,0,999.0,APPROVE
NON_DELIVERY_CLAIM,2323.51,True,1,1,1165.41,663,1,1,0,0,0.5166667691666667,APPROVE
SHORTAGE_CLAIM,3882.6,True,1,0,499.09,1021,3,2,1,0,2.133333755277778,DENY
NON_DELIVERY_CLAIM,1663.51,True,1,0,288.94,592,0,0,0,0,999.0,APPROVE
NON_DELIVERY_CLAIM,1994.17,False,0,0,1891.23,1228,0,0,0,0,999.0,REQUEST_EVIDENCE
WRONG_ITEM_CLAIM,3057.86,False,0,0,1761.01,335,0,0,0,0,999.0,REQUEST_EVIDENCE
SHORTAGE_CLAIM,2423.08,False,0,1,1507.18,69,0,0,0,0,999.0,REQUEST_EVIDENCE
SHORTAGE_CLAIM,4242.83,True,1,0,2743.23,1105,1,0,0,1,1.1166668897222223,DENY
NON_DELIVERY_CLAIM,7859.18,True,1,2,594.8,835,0,0,0,0,999.0,ESCALATE
WRONG_ITEM_CLAIM,1909.65,True,1,4,2730.14,542,2,0,1,0,3.5166673644444444,APPROVE
SHORTAGE_CLAIM,2246.23,True,1,1,359.93,425,1,1,0,0,7.4333347977777775,APPROVE
NON_DELIVERY_CLAIM,2184.41,True,1,1,2745.35,1213,1,0,1,0,9.566668554722222,APPROVE
NON_DELIVERY_CLAIM,2361.49,True,1,0,504.4,1236,1,1,0,0,9.050001785555557,APPROVE
WRONG_ITEM_CLAIM,3448.12,False,0,0,1054.89,1432,1,1,0,0,4.750000939722222,REQUEST_EVIDENCE
SUBSTITUTED_RETURN_CLAIM,2180.76,False,0,0,1344.81,531,0,0,0,0,999.0,REQUEST_EVIDENCE
NON_DELIVERY_CLAIM,2406.91,True,1,0,1054.89,1432,2,1,1,0,0.033333339999999996,APPROVE
SHORTAGE_CLAIM,5609.3,False,0,0,1078.46,677,0,0,0,0,999.0,DENY
SUBSTITUTED_RETURN_CLAIM,2007.31,False,0,0,2064.72,1472,0,0,0,0,999.0,REQUEST_EVIDENCE
WRONG_ITEM_CLAIM,1597.6,False,0,1,983.04,909,1,0,0,1,0.6166667888888888,REQUEST_EVIDENCE
WRONG_ITEM_CLAIM,2154.43,False,0,1,1349.84,403,0,0,0,0,999.0,REQUEST_EVIDENCE
NON_DELIVERY_CLAIM,606.44,True,1,2,13.01,1406,1,1,0,0,1.2000002399999998,APPROVE
NON_DELIVERY_CLAIM,8774.9,True,1,3,4119.67,1296,0,0,0,0,999.0,ESCALATE
SHORTAGE_CLAIM,6042.29,False,0,0,1973.49,493,0,0,0,0,999.0,REQUEST_EVIDENCE
NON_DELIVERY_CLAIM,5041.44,False,0,1,2637.72,942,2,0,1,1,0.5500001077777777,REQUEST_EVIDENCE
NON_DELIVERY_CLAIM,3291.23,True,1,0,2009.5,1133,2,0,2,0,2.3000004558333336,APPROVE
WRONG_ITEM_CLAIM,2489.15,False,0,0,2155.79,1062,0,0,0,0,999.0,REQUEST_EVIDENCE
SHORTAGE_CLAIM,5694.61,False,0,1,1445.22,1386,2,0,1,0,4.016667460833333,REQUEST_EVIDENCE
SUBSTITUTED_RETURN_CLAIM,734.09,True,1,1,1238.84,400,1,1,0,0,8.683335043055555,APPROVE
SUBSTITUTED_RETURN_CLAIM,6481.1,True,1,4,5153.5,505,1,1,0,0,3.3000006530555552,ESCALATE
WRONG_ITEM_CLAIM,1046.22,True,1,0,2289.33,690,0,0,0,0,999.0,APPROVE
SHORTAGE_CLAIM,3170.77,False,0,0,1852.69,354,0,0,0,0,999.0,REQUEST_EVIDENCE
NON_DELIVERY_CLAIM,4691.88,True,1,1,1193.15,35,0,0,0,0,999.0,APPROVE
SHORTAGE_CLAIM,2448.46,True,1,1,2086.88,711,1,0,1,0,1.1666668999999998,DENY
NON_DELIVERY_CLAIM,9026.15,False,0,3,1181.74,1107,0,0,0,0,999.0,REQUEST_EVIDENCE
NON_DELIVERY_CLAIM,4505.35,True,1,0,942.71,297,0,0,0,0,999.0,APPROVE
WRONG_ITEM_CLAIM,3667.92,False,0,0,704.31,1122,0,0,0,0,999.0,REQUEST_EVIDENCE
SHORTAGE_CLAIM,1880.39,False,0,3,1723.01,324,1,0,1,0,2.4333338166666665,DENY
SHORTAGE_CLAIM,4208.02,False,0,1,2439.06,1131,0,0,0,0,999.0,REQUEST_EVIDENCE
SHORTAGE_CLAIM,3479.77,True,1,0,2808.95,588,2,1,0,0,3.9833341244444447,DENY
SHORTAGE_CLAIM,1726.0,False,0,1,375.12,773,0,0,0,0,999.0,DENY
SHORTAGE_CLAIM,1920.87,False,0,3,1312.78,743,1,0,1,0,3.2166673047222223,REQUEST_EVIDENCE
NON_DELIVERY_CLAIM,553.01,False,0,1,2263.65,1081,1,1,0,0,5.333334388333334,REQUEST_EVIDENCE
SHORTAGE_CLAIM,1614.01,False,0,0,2022.07,443,1,0,1,0,3.150000625277778,DENY
WRONG_ITEM_CLAIM,2331.5,False,0,0,180.33,1453,2,1,1,0,5.683334455,REQUEST_EVIDENCE
NON_DELIVERY_CLAIM,1201.34,True,1,0,1807.57,1448,0,0,0,0,999.0,APPROVE
SUBSTITUTED_RETURN_CLAIM,1734.51,False,0,0,1735.03,565,0,0,0,0,999.0,REQUEST_EVIDENCE
SHORTAGE_CLAIM,5346.94,False,0,0,1201.87,1406,0,0,0,0,999.0,REQUEST_EVIDENCE
SHORTAGE_CLAIM,4533.42,False,0,1,3535.58,1018,0,0,0,0,999.0,REQUEST_EVIDENCE
NON_DELIVERY_CLAIM,4820.49,False,0,1,4455.06,581,1,0,1,0,8.60000169388889,REQUEST_EVIDENCE
NON_DELIVERY_CLAIM,2301.6,True,1,1,1190.02,1452,1,1,0,0,6.80000134,APPROVE
SHORTAGE_CLAIM,104.22,False,0,0,2794.19,49,0,0,0,0,999.0,REQUEST_EVIDENCE
WRONG_ITEM_CLAIM,1857.53,True,1,1,2018.9,283,0,0,0,0,999.0,APPROVE
SHORTAGE_CLAIM,2314.96,False,0,0,247.91,593,0,0,0,0,999.0,REQUEST_EVIDENCE
SUBSTITUTED_RETURN_CLAIM,2506.71,True,1,1,85.12,1219,0,0,0,0,999.0,APPROVE
SUBSTITUTED_RETURN_CLAIM,2875.56,False,0,0,1619.84,904,2,1,1,0,5.100001008055555,REQUEST_EVIDENCE
WRONG_ITEM_CLAIM,2138.54,True,1,0,2112.42,282,1,0,1,0,4.016667465277778,APPROVE
WRONG_ITEM_CLAIM,1978.34,True,1,1,2996.46,1183,0,0,0,0,999.0,APPROVE
WRONG_ITEM_CLAIM,2239.25,False,0,0,348.2,958,1,1,0,0,6.233334563611111,REQUEST_EVIDENCE
SUBSTITUTED_RETURN_CLAIM,385.48,True,1,0,1106.94,827,1,1,0,0,8.16666827611111,APPROVE
WRONG_ITEM_CLAIM,2019.1,False,0,1,828.74,997,1,0,1,0,4.4166675425,REQUEST_EVIDENCE
WRONG_ITEM_CLAIM,3019.6,True,1,3,2659.97,1410,1,1,0,0,9.533335212777777,APPROVE
SHORTAGE_CLAIM,969.43,False,0,1,2405.98,303,0,0,0,0,999.0,REQUEST_EVIDENCE
SUBSTITUTED_RETURN_CLAIM,4775.4,True,1,1,927.0,669,2,1,1,0,7.950001568055556,APPROVE
NON_DELIVERY_CLAIM,1550.35,False,0,2,1028.01,1424,0,0,0,0,999.0,REQUEST_EVIDENCE
SUBSTITUTED_RETURN_CLAIM,4763.51,True,1,1,2759.07,1122,0,0,0,0,999.0,APPROVE
SUBSTITUTED_RETURN_CLAIM,2481.99,True,1,0,2217.55,1422,2,0,2,0,6.6666679802777775,APPROVE
SUBSTITUTED_RETURN_CLAIM,489.53,True,1,0,2140.11,635,0,0,0,0,999.0,APPROVE
SHORTAGE_CLAIM,8066.6,True,1,0,2848.14,653,0,0,0,0,999.0,ESCALATE
SUBSTITUTED_RETURN_CLAIM,1863.34,False,0,0,2736.31,1438,0,0,0,0,999.0,REQUEST_EVIDENCE
SUBSTITUTED_RETURN_CLAIM,2060.15,True,1,2,676.88,949,2,1,1,0,3.083333943611111,APPROVE
NON_DELIVERY_CLAIM,2037.44,False,0,0,437.83,1258,1,1,0,0,11.450002273055555,REQUEST_EVIDENCE
NON_DELIVERY_CLAIM,902.38,True,1,0,1406.09,335,0,0,0,0,999.0,APPROVE
SHORTAGE_CLAIM,3522.73,True,1,0,2098.85,248,2,0,1,0,3.3833340022222225,DENY
WRONG_ITEM_CLAIM,2233.76,True,1,0,364.09,624,1,1,0,0,4.183334162222223,APPROVE
WRONG_ITEM_CLAIM,1607.77,True,1,0,248.01,1180,2,2,0,0,6.183334553611111,APPROVE
SUBSTITUTED_RETURN_CLAIM,2285.56,False,0,0,1792.18,195,1,0,0,0,8.816668404444444,REQUEST_EVIDENCE
SHORTAGE_CLAIM,7175.84,True,1,2,514.81,101,1,0,0,1,3.650000723611111,ESCALATE
WRONG_ITEM_CLAIM,1764.44,False,0,1,196.13,964,1,0,0,1,4.483334222222222,REQUEST_EVIDENCE
NON_DELIVERY_CLAIM,6349.51,True,1,1,643.71,411,0,0,0,0,999.0,ESCALATE
NON_DELIVERY_CLAIM,8224.28,True,1,0,1879.39,512,2,2,0,0,8.050001588055556,ESCALATE
WRONG_ITEM_CLAIM,2333.51,True,1,0,2211.35,1152,0,0,0,0,999.0,APPROVE
WRONG_ITEM_CLAIM,4370.86,True,1,1,1576.43,1072,0,0,0,0,999.0,APPROVE
WRONG_ITEM_CLAIM,3488.32,True,1,0,2542.0,1396,1,0,1,0,8.216668288611112,APPROVE
NON_DELIVERY_CLAIM,4600.83,True,1,3,4160.43,672,1,0,1,0,3.750000745,APPROVE
SUBSTITUTED_RETURN_CLAIM,2661.38,False,0,0,1491.82,858,1,0,0,1,8.033334919444444,REQUEST_EVIDENCE
SHORTAGE_CLAIM,422.02,False,0,2,432.23,1000,0,0,0,0,999.0,DENY
WRONG_ITEM_CLAIM,3136.55,True,1,0,993.28,1018,0,0,0,0,999.0,APPROVE
SHORTAGE_CLAIM,2314.03,False,0,1,3068.03,1421,0,0,0,0,999.0,DENY
WRONG_ITEM_CLAIM,996.14,True,1,0,1706.0,967,1,1,0,0,9.983335301388887,APPROVE
SUBSTITUTED_RETURN_CLAIM,6842.52,True,1,0,443.23,1288,0,0,0,0,999.0,ESCALATE
SHORTAGE_CLAIM,1654.88,False,0,0,2497.88,1387,0,0,0,0,999.0,REQUEST_EVIDENCE
WRONG_ITEM_CLAIM,899.6,False,0,4,2683.58,1062,0,0,0,0,999.0,REQUEST_EVIDENCE
WRONG_ITEM_CLAIM,1948.81,False,0,0,1747.11,1494,3,2,0,1,3.800000754722222,REQUEST_EVIDENCE
SHORTAGE_CLAIM,591.63,True,1,1,2139.33,798,1,0,1,0,7.333334778888889,DENY
WRONG_ITEM_CLAIM,3248.04,True,1,0,708.46,727,0,0,0,0,999.0,APPROVE
SUBSTITUTED_RETURN_CLAIM,4880.18,True,1,2,1410.03,388,1,0,0,1,6.050001196388889,APPROVE
NON_DELIVERY_CLAIM,6732.3,True,1,0,1013.16,1347,2,0,2,0,6.350001255833333,ESCALATE
WRONG_ITEM_CLAIM,3438.18,False,0,0,1159.69,1254,0,0,0,0,999.0,REQUEST_EVIDENCE
SUBSTITUTED_RETURN_CLAIM,1390.43,False,0,0,1907.63,723,1,0,1,0,5.8000011463888885,REQUEST_EVIDENCE
NON_DELIVERY_CLAIM,1793.57,True,1,1,2018.9,283,1,1,0,0,0.8000001588888889,APPROVE
SHORTAGE_CLAIM,1945.67,False,0,1,2745.35,1213,2,1,1,0,1.4833336266666668,REQUEST_EVIDENCE
NON_DELIVERY_CLAIM,3959.47,False,0,0,2141.3,1469,1,0,1,0,4.283334181666667,REQUEST_EVIDENCE
NON_DELIVERY_CLAIM,2590.19,True,1,0,1858.55,231,0,0,0,0,999.0,APPROVE
SUBSTITUTED_RETURN_CLAIM,5085.03,False,0,4,4198.3,1201,0,0,0,0,999.0,REQUEST_EVIDENCE
SHORTAGE_CLAIM,920.23,False,0,2,1028.01,1424,1,0,1,0,0.6833334686111111,REQUEST_EVIDENCE
WRONG_ITEM_CLAIM,2405.15,True,1,0,1004.79,1297,1,0,0,1,10.650002101944445,APPROVE
WRONG_ITEM_CLAIM,5406.39,True,1,0,852.3,428,0,0,0,0,999.0,ESCALATE
SHORTAGE_CLAIM,2151.1,True,1,0,2743.23,1105,2,0,0,1,1.6666669966666667,APPROVE
SHORTAGE_CLAIM,526.79,True,1,0,2057.04,602,1,0,1,0,2.6166671875,APPROVE
WRONG_ITEM_CLAIM,1133.59,True,1,0,2056.53,1166,1,1,0,0,6.666667983611111,APPROVE
SUBSTITUTED_RETURN_CLAIM,1516.89,False,0,2,230.84,164,0,0,0,0,999.0,REQUEST_EVIDENCE
SHORTAGE_CLAIM,135.95,False,0,0,1706.76,1067,0,0,0,0,999.0,REQUEST_EVIDENCE
NON_DELIVERY_CLAIM,2106.57,True,1,0,1807.57,1448,1,1,0,0,1.1333335588888889,APPROVE
SUBSTITUTED_RETURN_CLAIM,6905.28,False,0,1,1327.74,908,1,1,0,0,9.900001952777778,REQUEST_EVIDENCE
WRONG_ITEM_CLAIM,2759.74,True,1,1,182.1,175,0,0,0,0,999.0,APPROVE
NON_DELIVERY_CLAIM,2457.39,False,0,1,622.39,1115,1,1,0,0,7.333334781388889,REQUEST_EVIDENCE
WRONG_ITEM_CLAIM,186.21,True,1,1,1813.32,91,1,1,0,0,6.816668014444444,APPROVE
NON_DELIVERY_CLAIM,2755.11,True,1,0,995.16,643,0,0,0,0,999.0,APPROVE
WRONG_ITEM_CLAIM,4448.02,True,1,0,715.72,1294,3,2,1,0,5.616667779166666,APPROVE
WRONG_ITEM_CLAIM,8187.98,True,1,0,1291.85,249,0,0,0,0,999.0,ESCALATE
SHORTAGE_CLAIM,2171.69,True,1,4,3020.44,736,0,0,0,0,999.0,APPROVE
SUBSTITUTED_RETURN_CLAIM,1857.14,False,0,1,919.49,1263,1,1,0,0,5.61666777861111,REQUEST_EVIDENCE
SHORTAGE_CLAIM,4046.64,True,1,1,1218.63,1289,1,1,0,0,10.350002040277777,APPROVE
NON_DELIVERY_CLAIM,530.89,True,1,1,2376.38,298,0,0,0,0,999.0,APPROVE
SUBSTITUTED_RETURN_CLAIM,4985.5,False,0,0,2808.74,1261,0,0,0,0,999.0,REQUEST_EVIDENCE
SUBSTITUTED_RETURN_CLAIM,2340.11,False,0,0,2700.73,951,0,0,0,0,999.0,REQUEST_EVIDENCE
SUBSTITUTED_RETURN_CLAIM,3089.84,True,1,0,403.46,971,0,0,0,0,999.0,APPROVE
SHORTAGE_CLAIM,3063.35,False,0,0,123.55,494,1,1,0,0,4.5500009016666665,DENY
WRONG_ITEM_CLAIM,816.13,False,0,0,244.22,139,2,1,1,0,5.083334340555556,REQUEST_EVIDENCE
SHORTAGE_CLAIM,3579.01,True,1,0,2914.88,611,1,1,0,0,9.133335135,APPROVE
WRONG_ITEM_CLAIM,2802.81,True,1,0,2662.74,46,1,0,1,0,8.1833349475,APPROVE
WRONG_ITEM_CLAIM,1892.5,True,1,0,2808.95,588,3,1,0,0,1.5500003055555556,APPROVE
SHORTAGE_CLAIM,5388.64,False,0,0,1681.46,639,0,0,0,0,999.0,REQUEST_EVIDENCE
WRONG_ITEM_CLAIM,1013.61,False,0,1,2263.65,1081,2,1,1,0,1.5333336380555556,REQUEST_EVIDENCE
WRONG_ITEM_CLAIM,6659.23,False,0,1,2574.66,861,2,0,1,0,3.6666673963888887,REQUEST_EVIDENCE
WRONG_ITEM_CLAIM,1193.39,False,0,0,2212.84,568,0,0,0,0,999.0,REQUEST_EVIDENCE
WRONG_ITEM_CLAIM,2111.54,True,1,0,796.1,255,0,0,0,0,999.0,APPROVE
SUBSTITUTED_RETURN_CLAIM,230.48,True,1,0,1078.46,677,1,0,0,0,2.0166670663888886,APPROVE
NON_DELIVERY_CLAIM,3689.92,False,0,1,1181.39,187,1,1,0,0,5.3666677330555554,REQUEST_EVIDENCE
NON_DELIVERY_CLAIM,1168.25,False,0,0,2150.6,1469,0,0,0,0,999.0,REQUEST_EVIDENCE
SUBSTITUTED_RETURN_CLAIM,3450.88,True,1,0,1756.34,141,0,0,0,0,999.0,APPROVE
SUBSTITUTED_RETURN_CLAIM,5689.45,False,0,2,676.88,949,3,2,1,0,1.2000002394444444,REQUEST_EVIDENCE
SUBSTITUTED_RETURN_CLAIM,2134.98,True,1,0,471.02,1178,0,0,0,0,999.0,APPROVE
WRONG_ITEM_CLAIM,3913.33,False,0,0,715.72,1294,4,3,1,0,0.4166667488888889,REQUEST_EVIDENCE
SUBSTITUTED_RETURN_CLAIM,2220.26,True,1,2,1274.42,293,0,0,0,0,999.0,APPROVE
SUBSTITUTED_RETURN_CLAIM,2471.13,True,1,1,2916.22,1316,1,0,1,0,12.000002370833334,APPROVE
SHORTAGE_CLAIM,3279.54,False,0,0,722.49,873,1,0,1,0,3.516667363888889,REQUEST_EVIDENCE
SHORTAGE_CLAIM,313.66,False,0,0,1681.46,639,1,0,1,0,0.2500000477777778,REQUEST_EVIDENCE
SUBSTITUTED_RETURN_CLAIM,2218.78,False,0,0,608.14,834,0,0,0,0,999.0,REQUEST_EVIDENCE
SHORTAGE_CLAIM,1186.42,True,1,0,1074.26,830,0,0,0,0,999.0,APPROVE
WRONG_ITEM_CLAIM,2508.91,False,0,1,2637.72,942,3,0,2,1,2.116667086111111,REQUEST_EVIDENCE
WRONG_ITEM_CLAIM,6189.96,True,1,4,7591.04,828,0,0,0,0,999.0,ESCALATE
SUBSTITUTED_RETURN_CLAIM,2309.87,False,0,1,2086.88,711,2,0,1,0,2.0000003936111113,REQUEST_EVIDENCE
WRONG_ITEM_CLAIM,181.16,True,1,0,354.92,559,0,0,0,0,999.0,APPROVE
SHORTAGE_CLAIM,3572.39,False,0,1,181.47,892,0,0,0,0,999.0,REQUEST_EVIDENCE
SHORTAGE_CLAIM,503.92,False,0,1,4742.58,360,0,0,0,0,999.0,REQUEST_EVIDENCE
SUBSTITUTED_RETURN_CLAIM,3903.26,False,0,1,2458.81,373,0,0,0,0,999.0,REQUEST_EVIDENCE
SUBSTITUTED_RETURN_CLAIM,2184.74,True,1,1,1221.02,1025,2,2,0,0,10.333335378055557,APPROVE
NON_DELIVERY_CLAIM,2130.26,False,0,2,2717.01,68,2,1,1,0,5.450001088055555,REQUEST_EVIDENCE
NON_DELIVERY_CLAIM,6903.83,False,0,2,1549.51,813,1,0,1,0,10.75000212972222,REQUEST_EVIDENCE
SUBSTITUTED_RETURN_CLAIM,1518.97,False,0,0,1438.47,889,0,0,0,0,999.0,REQUEST_EVIDENCE
SHORTAGE_CLAIM,118.16,False,0,0,793.19,814,2,1,1,0,9.466668548611112,REQUEST_EVIDENCE
SUBSTITUTED_RETURN_CLAIM,1606.58,True,1,1,1873.72,184,0,0,0,0,999.0,APPROVE
NON_DELIVERY_CLAIM,3569.36,True,1,0,2198.87,770,0,0,0,0,999.0,APPROVE
SUBSTITUTED_RETURN_CLAIM,3760.32,True,1,0,348.2,958,2,1,1,0,1.7833337052777778,APPROVE
SUBSTITUTED_RETURN_CLAIM,2488.51,True,1,1,2574.66,861,3,0,2,0,0.516666788888889,APPROVE
SUBSTITUTED_RETURN_CLAIM,2435.0,False,0,3,5007.05,561,2,1,1,0,2.8333339177777774,REQUEST_EVIDENCE
SUBSTITUTED_RETURN_CLAIM,4699.16,True,1,0,2579.39,1000,2,0,1,0,4.566667596388889,APPROVE
SHORTAGE_CLAIM,3832.69,False,0,0,2700.73,951,1,0,1,0,0.7166668366666666,DENY
WRONG_ITEM_CLAIM,7056.08,True,1,2,985.37,589,1,0,1,0,7.6333348730555555,ESCALATE
NON_DELIVERY_CLAIM,3887.49,False,0,0,1725.14,1305,0,0,0,0,999.0,REQUEST_EVIDENCE
SUBSTITUTED_RETURN_CLAIM,2724.75,True,1,0,780.67,1333,0,0,0,0,999.0,APPROVE
WRONG_ITEM_CLAIM,7194.26,False,0,0,1102.8,303,0,0,0,0,999.0,REQUEST_EVIDENCE
WRONG_ITEM_CLAIM,3941.4,False,0,0,2025.32,231,0,0,0,0,999.0,REQUEST_EVIDENCE
SHORTAGE_CLAIM,1739.26,False,0,4,3614.4,1228,0,0,0,0,999.0,DENY
SHORTAGE_CLAIM,2279.67,True,1,0,2223.89,128,0,0,0,0,999.0,APPROVE
SUBSTITUTED_RETURN_CLAIM,1761.13,False,0,4,3034.13,818,1,0,1,0,7.2166681286111105,REQUEST_EVIDENCE
SHORTAGE_CLAIM,1945.43,True,1,0,1312.07,1356,2,0,2,0,7.266668138888889,APPROVE
WRONG_ITEM_CLAIM,8443.71,True,1,1,1341.2,805,0,0,0,0,999.0,ESCALATE
SHORTAGE_CLAIM,976.56,False,0,0,2390.46,429,2,2,0,0,5.600001145555555,REQUEST_EVIDENCE
NON_DELIVERY_CLAIM,2044.15,True,1,2,6719.24,1251,0,0,0,0,999.0,APPROVE
SUBSTITUTED_RETURN_CLAIM,2044.94,False,0,0,2461.28,974,1,0,1,0,7.400001499722222,REQUEST_EVIDENCE
SUBSTITUTED_RETURN_CLAIM,7583.87,False,0,0,1852.69,354,1,0,1,0,2.533333872777778,REQUEST_EVIDENCE
NON_DELIVERY_CLAIM,1975.1,False,0,0,1381.11,648,0,0,0,0,999.0,REQUEST_EVIDENCE
WRONG_ITEM_CLAIM,1912.43,True,1,0,2428.44,1038,1,1,0,0,4.216667540833333,APPROVE
NON_DELIVERY_CLAIM,4138.13,True,1,0,883.26,130,0,0,0,0,999.0,APPROVE
SHORTAGE_CLAIM,3376.0,True,1,0,2000.03,857,1,0,1,0,12.850002577222222,APPROVE
WRONG_ITEM_CLAIM,1667.34,False,0,0,2296.42,718,0,0,0,0,999.0,REQUEST_EVIDENCE
WRONG_ITEM_CLAIM,2381.77,False,0,0,813.93,441,0,0,0,0,999.0,REQUEST_EVIDENCE
WRONG_ITEM_CLAIM,1748.62,False,0,2,7120.96,933,2,0,1,0,12.966669268333334,REQUEST_EVIDENCE
SUBSTITUTED_RETURN_CLAIM,131.75,False,0,2,1400.45,357,0,0,0,0,999.0,REQUEST_EVIDENCE
NON_DELIVERY_CLAIM,2420.9,True,1,0,796.87,782,0,0,0,0,999.0,APPROVE
NON_DELIVERY_CLAIM,5928.74,False,0,1,588.3,1459,1,0,0,1,6.366667968888889,REQUEST_EVIDENCE
SUBSTITUTED_RETURN_CLAIM,4698.06,False,0,0,544.22,1450,0,0,0,0,999.0,REQUEST_EVIDENCE
SUBSTITUTED_RETURN_CLAIM,3628.41,False,0,1,1877.38,740,3,1,2,0,3.5166674019444444,REQUEST_EVIDENCE
SUBSTITUTED_RETURN_CLAIM,1637.43,False,0,1,4996.81,774,0,0,0,0,999.0,REQUEST_EVIDENCE
SUBSTITUTED_RETURN_CLAIM,161.59,True,1,0,1491.82,858,2,0,1,1,1.866667075,APPROVE
WRONG_ITEM_CLAIM,1434.17,True,1,2,6452.83,511,0,0,0,0,999.0,APPROVE
NON_DELIVERY_CLAIM,1439.56,True,1,0,1976.67,1159,0,0,0,0,999.0,APPROVE
NON_DELIVERY_CLAIM,2354.33,True,1,0,2536.55,1403,0,0,0,0,999.0,APPROVE
WRONG_ITEM_CLAIM,4123.99,False,0,0,1605.3,651,0,0,0,0,999.0,REQUEST_EVIDENCE
WRONG_ITEM_CLAIM,683.36,True,1,0,939.81,724,1,0,1,0,11.700002346944444,APPROVE
WRONG_ITEM_CLAIM,7356.7,False,0,0,2449.48,683,0,0,0,0,999.0,REQUEST_EVIDENCE
WRONG_ITEM_CLAIM,841.07,True,1,1,1724.72,1223,0,0,0,0,999.0,APPROVE
NON_DELIVERY_CLAIM,2062.14,False,0,0,2700.73,951,2,0,1,0,0.6000001302777778,REQUEST_EVIDENCE
WRONG_ITEM_CLAIM,752.88,True,1,0,2721.73,1144,0,0,0,0,999.0,APPROVE
SUBSTITUTED_RETURN_CLAIM,1759.77,True,1,4,2326.22,652,0,0,0,0,999.0,APPROVE
NON_DELIVERY_CLAIM,1519.84,False,0,0,1169.95,1219,0,0,0,0,999.0,REQUEST_EVIDENCE
WRONG_ITEM_CLAIM,1855.11,True,1,0,1065.42,998,1,1,0,0,12.683335879444446,APPROVE
SHORTAGE_CLAIM,6224.9,True,1,0,853.61,40,0,0,0,0,999.0,ESCALATE
WRONG_ITEM_CLAIM,728.83,True,1,0,2908.72,367,0,0,0,0,999.0,APPROVE
SHORTAGE_CLAIM,3969.12,True,1,1,2779.82,185,0,0,0,0,999.0,APPROVE
NON_DELIVERY_CLAIM,1321.82,True,1,1,2521.92,1435,1,1,0,0,8.116668313888889,APPROVE
NON_DELIVERY_CLAIM,3316.34,True,1,0,1106.94,827,2,2,0,0,2.5833338855555557,APPROVE
WRONG_ITEM_CLAIM,242.96,False,0,1,1194.39,1018,1,0,1,0,10.450002104166668,REQUEST_EVIDENCE
SHORTAGE_CLAIM,4499.27,False,0,0,2379.17,258,1,0,1,0,9.683335286388889,DENY
SUBSTITUTED_RETURN_CLAIM,327.7,True,1,1,143.41,1142,0,0,0,0,999.0,APPROVE
SHORTAGE_CLAIM,2118.1,False,0,0,238.21,41,2,2,0,0,7.016668097777778,REQUEST_EVIDENCE
NON_DELIVERY_CLAIM,4257.81,True,1,1,2480.47,1082,0,0,0,0,999.0,APPROVE
WRONG_ITEM_CLAIM,5927.86,False,0,1,2342.92,672,1,0,1,0,13.350002678055555,REQUEST_EVIDENCE
NON_DELIVERY_CLAIM,749.34,True,1,0,2838.78,159,1,0,0,0,9.150001846944445,APPROVE
WRONG_ITEM_CLAIM,1727.05,True,1,1,2673.83,1413,2,1,1,0,9.533335255833334,APPROVE
NON_DELIVERY_CLAIM,1981.65,False,0,0,2908.72,367,1,1,0,0,0.20000004,REQUEST_EVIDENCE
SUBSTITUTED_RETURN_CLAIM,1865.78,True,1,1,5708.94,1446,0,0,0,0,999.0,APPROVE
SHORTAGE_CLAIM,2664.25,False,0,3,1830.43,803,0,0,0,0,999.0,REQUEST_EVIDENCE
SUBSTITUTED_RETURN_CLAIM,163.68,True,1,2,6873.23,1296,1,1,0,0,7.783334915277778,APPROVE
NON_DELIVERY_CLAIM,3852.76,True,1,3,5874.63,743,0,0,0,0,999.0,APPROVE
SHORTAGE_CLAIM,2750.27,True,1,0,1013.16,1347,3,0,2,1,2.1833338083333333,DENY
SUBSTITUTED_RETURN_CLAIM,4510.19,True,1,2,1011.35,518,0,0,0,0,999.0,APPROVE
WRONG_ITEM_CLAIM,1579.21,False,0,1,4623.76,328,0,0,0,0,999.0,REQUEST_EVIDENCE
NON_DELIVERY_CLAIM,2148.46,True,1,0,1756.34,141,1,1,0,0,1.5000003397222224,APPROVE
SHORTAGE_CLAIM,4590.13,False,0,0,2351.37,1127,0,0,0,0,999.0,DENY
SUBSTITUTED_RETURN_CLAIM,2200.47,True,1,1,2934.07,678,1,1,0,0,13.266669330277779,APPROVE
SHORTAGE_CLAIM,2714.22,False,0,0,319.65,198,1,1,0,0,3.9333341558333332,REQUEST_EVIDENCE
NON_DELIVERY_CLAIM,1625.04,True,1,0,1067.43,1249,1,0,0,0,7.050001441388889,APPROVE
WRONG_ITEM_CLAIM,838.35,True,1,0,2914.88,611,2,2,0,0,1.766667061111111,APPROVE
SUBSTITUTED_RETURN_CLAIM,2285.73,True,1,0,2270.36,1044,0,0,0,0,999.0,APPROVE
SHORTAGE_CLAIM,1580.22,False,0,3,4119.67,1296,1,0,0,1,3.6000007577777775,DENY
SUBSTITUTED_RETURN_CLAIM,599.51,False,0,1,2089.06,889,0,0,0,0,999.0,REQUEST_EVIDENCE
SUBSTITUTED_RETURN_CLAIM,400.2,False,0,0,827.89,809,1,1,0,0,12.316669140833334,REQUEST_EVIDENCE
WRONG_ITEM_CLAIM,1075.98,False,0,0,202.09,1191,1,1,0,0,13.16666931111111,REQUEST_EVIDENCE
SUBSTITUTED_RETURN_CLAIM,6464.54,True,1,2,2252.07,119,0,0,0,0,999.0,ESCALATE
WRONG_ITEM_CLAIM,1928.89,False,0,1,2355.25,1260,0,0,0,0,999.0,REQUEST_EVIDENCE
NON_DELIVERY_CLAIM,538.09,False,0,1,71.73,430,0,0,0,0,999.0,REQUEST_EVIDENCE
SHORTAGE_CLAIM,1270.11,True,1,0,2579.12,1380,2,0,0,1,7.116668122777778,DENY
NON_DELIVERY_CLAIM,333.05,False,0,0,2234.12,962,1,1,0,0,11.733335693611112,REQUEST_EVIDENCE
SUBSTITUTED_RETURN_CLAIM,429.61,False,0,2,1826.62,1154,1,1,0,0,13.616669403055557,REQUEST_EVIDENCE
SUBSTITUTED_RETURN_CLAIM,3461.13,True,1,0,2881.03,120,2,1,1,0,9.116668513055556,APPROVE
SHORTAGE_CLAIM,2144.57,False,0,1,2865.15,647,1,1,0,0,10.033335358611112,REQUEST_EVIDENCE
WRONG_ITEM_CLAIM,2481.68,True,1,1,2411.9,437,0,0,0,0,999.0,APPROVE
WRONG_ITEM_CLAIM,3477.32,True,1,1,5708.94,1446,1,1,0,0,0.4500000925,APPROVE
NON_DELIVERY_CLAIM,2477.98,True,1,0,780.67,1333,1,1,0,0,1.3333336094444443,APPROVE
SUBSTITUTED_RETURN_CLAIM,3299.89,True,1,2,6719.24,1251,1,1,0,0,1.2000002452777776,APPROVE
SUBSTITUTED_RETURN_CLAIM,1966.64,False,0,0,113.18,210,1,0,1,0,12.150002442222222,REQUEST_EVIDENCE
SUBSTITUTED_RETURN_CLAIM,2319.42,True,1,0,1662.95,146,2,0,1,0,11.316668945555556,APPROVE
SUBSTITUTED_RETURN_CLAIM,2015.83,True,1,0,2228.78,828,0,0,0,0,999.0,APPROVE
WRONG_ITEM_CLAIM,2221.0,True,1,0,1747.11,1494,4,2,1,1,2.733333918888889,APPROVE
WRONG_ITEM_CLAIM,2090.88,True,1,0,2353.32,1166,0,0,0,0,999.0,APPROVE
SHORTAGE_CLAIM,2442.27,False,0,0,277.44,112,0,0,0,0,999.0,REQUEST_EVIDENCE
WRONG_ITEM_CLAIM,1090.19,True,1,1,1539.71,289,2,0,2,0,5.616667823888888,APPROVE
SHORTAGE_CLAIM,3004.97,True,1,0,827.89,809,2,1,1,0,0.3500000688888889,DENY
NON_DELIVERY_CLAIM,630.95,False,0,4,4223.44,239,1,1,0,0,12.26666913138889,REQUEST_EVIDENCE
SUBSTITUTED_RETURN_CLAIM,490.04,False,0,1,2512.43,879,0,0,0,0,999.0,REQUEST_EVIDENCE
SUBSTITUTED_RETURN_CLAIM,2294.25,False,0,4,6658.13,1181,1,0,1,0,9.683335289999999,REQUEST_EVIDENCE
NON_DELIVERY_CLAIM,412.46,False,0,0,1284.32,507,0,0,0,0,999.0,REQUEST_EVIDENCE
SHORTAGE_CLAIM,2118.24,False,0,2,3034.03,43,1,1,0,0,4.650000965833333,REQUEST_EVIDENCE
SUBSTITUTED_RETURN_CLAIM,2194.09,False,0,0,707.99,1080,0,0,0,0,999.0,REQUEST_EVIDENCE
WRONG_ITEM_CLAIM,6459.86,True,1,0,1570.07,1016,1,1,0,0,6.683334704166667,ESCALATE
NON_DELIVERY_CLAIM,7806.2,True,1,0,1390.28,525,1,0,1,0,14.533336254722222,ESCALATE
WRONG_ITEM_CLAIM,3350.1,True,1,1,2491.35,423,1,0,1,0,11.1333355775,APPROVE
SUBSTITUTED_RETURN_CLAIM,2376.31,True,1,4,4223.44,239,2,1,1,0,0.15000003055555555,APPROVE
SUBSTITUTED_RETURN_CLAIM,3420.67,True,1,1,1714.11,445,0,0,0,0,999.0,APPROVE
WRONG_ITEM_CLAIM,7562.14,True,1,0,1879.39,512,3,2,0,1,3.216667349166667,ESCALATE
SUBSTITUTED_RETURN_CLAIM,5000.14,False,0,1,2282.33,625,0,0,0,0,999.0,REQUEST_EVIDENCE
WRONG_ITEM_CLAIM,1506.57,False,0,0,956.15,1213,0,0,0,0,999.0,REQUEST_EVIDENCE
SHORTAGE_CLAIM,2099.47,False,0,0,2445.65,674,1,0,1,0,9.966668679722222,DENY
SUBSTITUTED_RETURN_CLAIM,1384.09,True,1,1,1546.15,967,0,0,0,0,999.0,APPROVE
WRONG_ITEM_CLAIM,4231.27,True,1,0,1285.52,632,0,0,0,0,999.0,APPROVE
SUBSTITUTED_RETURN_CLAIM,6763.89,False,0,0,1015.64,1316,0,0,0,0,999.0,REQUEST_EVIDENCE
SUBSTITUTED_RETURN_CLAIM,986.64,False,0,0,2768.56,570,0,0,0,0,999.0,REQUEST_EVIDENCE
SHORTAGE_CLAIM,908.62,False,0,0,2655.64,110,0,0,0,0,999.0,DENY
NON_DELIVERY_CLAIM,6146.68,False,0,0,1567.0,236,1,0,1,0,11.400002295833332,REQUEST_EVIDENCE
SHORTAGE_CLAIM,5160.61,False,0,2,2257.05,1487,1,1,0,0,12.366669151944444,REQUEST_EVIDENCE
NON_DELIVERY_CLAIM,6888.49,False,0,3,3601.78,1370,3,1,2,0,5.633334494166666,REQUEST_EVIDENCE
SUBSTITUTED_RETURN_CLAIM,2908.6,False,0,1,3875.66,793,3,2,1,0,5.783334523333333,REQUEST_EVIDENCE
NON_DELIVERY_CLAIM,1132.19,True,1,1,2977.46,1202,1,0,0,1,7.483334860277777,APPROVE
SHORTAGE_CLAIM,2815.35,False,0,0,1540.06,1165,0,0,0,0,999.0,REQUEST_EVIDENCE
WRONG_ITEM_CLAIM,3557.23,False,0,0,416.9,1087,1,1,0,0,14.016669481111112,REQUEST_EVIDENCE
WRONG_ITEM_CLAIM,1662.31,False,0,1,2992.1,1135,1,1,0,0,13.583336061666667,REQUEST_EVIDENCE
NON_DELIVERY_CLAIM,5069.84,False,0,1,2189.88,1077,2,2,0,0,9.316668555833335,REQUEST_EVIDENCE
SUBSTITUTED_RETURN_CLAIM,1848.31,True,1,0,505.91,1330,0,0,0,0,999.0,APPROVE
NON_DELIVERY_CLAIM,1945.48,True,1,2,6873.23,1296,2,2,0,0,1.1000002194444445,APPROVE
SUBSTITUTED_RETURN_CLAIM,4628.64,False,0,1,212.1,313,1,0,0,0,14.000002810555555,REQUEST_EVIDENCE
WRONG_ITEM_CLAIM,211.3,False,0,3,5911.44,1222,0,0,0,0,999.0,REQUEST_EVIDENCE
WRONG_ITEM_CLAIM,1513.73,False,0,1,2189.88,1077,3,2,1,0,0.08333334944444445,REQUEST_EVIDENCE
SUBSTITUTED_RETURN_CLAIM,1726.2,False,0,0,2625.54,355,1,1,0,0,7.383334841111111,REQUEST_EVIDENCE
NON_DELIVERY_CLAIM,3941.28,False,0,1,3068.03,1421,1,0,0,0,3.4833340675,REQUEST_EVIDENCE
SHORTAGE_CLAIM,3253.56,False,0,0,449.89,576,0,0,0,0,999.0,DENY
SHORTAGE_CLAIM,1700.7,True,1,1,2691.86,517,0,0,0,0,999.0,APPROVE
SHORTAGE_CLAIM,981.8,True,1,0,1973.49,493,1,0,1,0,4.616667625277778,DENY
SHORTAGE_CLAIM,694.22,True,1,1,2263.65,1081,3,1,2,0,2.7833339272222224,DENY
SHORTAGE_CLAIM,1984.66,False,0,2,4337.65,1462,0,0,0,0,999.0,DENY
SUBSTITUTED_RETURN_CLAIM,1635.17,False,0,0,1067.43,1249,2,1,0,0,1.1333335580555557,REQUEST_EVIDENCE
NON_DELIVERY_CLAIM,1989.93,False,0,1,730.71,217,0,0,0,0,999.0,REQUEST_EVIDENCE
NON_DELIVERY_CLAIM,2125.23,False,0,3,6966.39,1370,0,0,0,0,999.0,REQUEST_EVIDENCE
SHORTAGE_CLAIM,2378.68,False,0,0,471.02,1178,1,1,0,0,2.7166672472222224,DENY
NON_DELIVERY_CLAIM,1011.46,True,1,1,2803.3,801,0,0,0,0,999.0,APPROVE
SHORTAGE_CLAIM,4493.0,False,0,0,2732.36,324,0,0,0,0,999.0,REQUEST_EVIDENCE
WRONG_ITEM_CLAIM,3872.12,True,1,4,4072.8,817,0,0,0,0,999.0,APPROVE
WRONG_ITEM_CLAIM,3042.58,False,0,0,1918.58,306,0,0,0,0,999.0,REQUEST_EVIDENCE
NON_DELIVERY_CLAIM,6391.7,True,1,2,2631.28,1030,0,0,0,0,999.0,ESCALATE
WRONG_ITEM_CLAIM,1381.93,False,0,1,2779.56,743,0,0,0,0,999.0,REQUEST_EVIDENCE
WRONG_ITEM_CLAIM,3850.63,True,1,1,2067.93,1190,0,0,0,0,999.0,APPROVE
NON_DELIVERY_CLAIM,8355.27,True,1,0,2401.54,1378,0,0,0,0,999.0,ESCALATE
SHORTAGE_CLAIM,3456.03,True,1,1,1360.3,934,0,0,0,0,999.0,DENY
WRONG_ITEM_CLAIM,1686.19,False,0,1,2376.72,43,0,0,0,0,999.0,REQUEST_EVIDENCE
SUBSTITUTED_RETURN_CLAIM,3493.03,True,1,0,1872.5,1079,0,0,0,0,999.0,APPROVE
NON_DELIVERY_CLAIM,2443.61,True,1,2,594.8,835,1,0,0,1,5.150001065833333,APPROVE
WRONG_ITEM_CLAIM,4321.18,True,1,1,182.1,175,1,1,0,0,3.4000007183333336,APPROVE
NON_DELIVERY_CLAIM,5211.53,False,0,1,413.98,879,0,0,0,0,999.0,REQUEST_EVIDENCE
SHORTAGE_CLAIM,2218.69,True,1,0,1852.69,354,2,0,2,0,2.300000463888889,APPROVE
NON_DELIVERY_CLAIM,8895.19,True,1,0,2973.26,1233,1,1,0,0,14.083336161111111,ESCALATE
SHORTAGE_CLAIM,1940.8,True,1,0,2056.77,322,1,1,0,0,13.766669429444445,APPROVE
SUBSTITUTED_RETURN_CLAIM,3491.87,False,0,0,1511.24,649,1,0,0,0,5.983334564722222,REQUEST_EVIDENCE
SUBSTITUTED_RETURN_CLAIM,1763.1,False,0,2,2252.07,119,1,0,0,1,1.3833336080555556,REQUEST_EVIDENCE
SUBSTITUTED_RETURN_CLAIM,2832.73,False,0,1,4742.58,360,1,0,1,0,2.8333339383333334,REQUEST_EVIDENCE
SUBSTITUTED_RETURN_CLAIM,9230.15,True,1,0,2353.32,1166,1,1,0,0,1.1500002288888889,ESCALATE
SUBSTITUTED_RETURN_CLAIM,2113.13,False,0,0,1915.56,691,1,1,0,0,13.283336000555556,REQUEST_EVIDENCE
WRONG_ITEM_CLAIM,4465.33,True,1,0,1619.84,904,3,1,2,0,4.5666676158333335,APPROVE
WRONG_ITEM_CLAIM,2425.86,False,0,0,1410.41,768,1,1,0,0,6.666668032222223,REQUEST_EVIDENCE
NON_DELIVERY_CLAIM,5068.82,True,1,1,2543.95,625,0,0,0,0,999.0,ESCALATE
WRONG_ITEM_CLAIM,5449.83,True,1,0,1921.01,179,0,0,0,0,999.0,ESCALATE
WRONG_ITEM_CLAIM,546.84,True,1,1,1598.16,1087,0,0,0,0,999.0,APPROVE
SHORTAGE_CLAIM,2025.79,False,0,0,780.02,1457,0,0,0,0,999.0,DENY
SUBSTITUTED_RETURN_CLAIM,3864.48,True,1,0,354.92,559,1,1,0,0,3.01666731,APPROVE
WRONG_ITEM_CLAIM,4238.28,False,0,0,2417.82,62,1,0,0,0,12.283335807777778,REQUEST_EVIDENCE
NON_DELIVERY_CLAIM,4434.09,False,0,0,1185.43,766,1,0,0,0,6.916668085555556,REQUEST_EVIDENCE
WRONG_ITEM_CLAIM,801.68,True,1,0,367.57,737,0,0,0,0,999.0,APPROVE
SUBSTITUTED_RETURN_CLAIM,5507.1,False,0,1,828.74,997,2,0,2,0,4.650000967222223,REQUEST_EVIDENCE
WRONG_ITEM_CLAIM,3233.41,True,1,0,13.71,1280,0,0,0,0,999.0,APPROVE
SUBSTITUTED_RETURN_CLAIM,3045.96,False,0,0,2228.78,828,1,1,0,0,1.4166669491666666,REQUEST_EVIDENCE
WRONG_ITEM_CLAIM,496.97,False,0,2,1569.02,389,0,0,0,0,999.0,REQUEST_EVIDENCE
SHORTAGE_CLAIM,2438.51,True,1,3,2143.16,65,0,0,0,0,999.0,DENY
SHORTAGE_CLAIM,2143.09,False,0,0,2102.18,1434,0,0,0,0,999.0,REQUEST_EVIDENCE
NON_DELIVERY_CLAIM,696.96,False,0,0,1281.6,323,0,0,0,0,999.0,REQUEST_EVIDENCE
NON_DELIVERY_CLAIM,502.01,True,1,0,2497.88,1387,1,0,1,0,4.2500008875,APPROVE
SUBSTITUTED_RETURN_CLAIM,3816.37,False,0,0,2290.71,671,1,0,1,0,14.266669528611112,REQUEST_EVIDENCE
WRONG_ITEM_CLAIM,3503.64,True,1,1,1241.96,1185,0,0,0,0,999.0,APPROVE
SUBSTITUTED_RETURN_CLAIM,767.28,False,0,1,59.23,798,0,0,0,0,999.0,REQUEST_EVIDENCE
SHORTAGE_CLAIM,1661.07,False,0,0,348.2,958,3,2,1,0,3.0833339705555556,DENY
SUBSTITUTED_RETURN_CLAIM,4258.89,True,1,0,2477.12,848,0,0,0,0,999.0,APPROVE
NON_DELIVERY_CLAIM,1751.23,True,1,1,147.09,1367,1,1,0,0,11.116668909166666,APPROVE
SUBSTITUTED_RETURN_CLAIM,4787.82,False,0,4,4852.42,1328,0,0,0,0,999.0,REQUEST_EVIDENCE
WRONG_ITEM_CLAIM,167.77,True,1,0,82.05,1066,0,0,0,0,999.0,APPROVE
WRONG_ITEM_CLAIM,3527.39,True,1,0,1096.77,717,0,0,0,0,999.0,APPROVE
NON_DELIVERY_CLAIM,6245.79,False,0,1,1330.69,93,1,0,0,0,10.816668875833333,REQUEST_EVIDENCE
WRONG_ITEM_CLAIM,1754.42,False,0,0,1447.5,262,0,0,0,0,999.0,REQUEST_EVIDENCE
NON_DELIVERY_CLAIM,657.8,True,1,1,2066.55,393,1,1,0,0,9.566668631944445,APPROVE
SHORTAGE_CLAIM,3337.78,True,1,1,2639.85,1195,0,0,0,0,999.0,DENY
SUBSTITUTED_RETURN_CLAIM,3263.7,True,1,0,1011.09,44,0,0,0,0,999.0,APPROVE
NON_DELIVERY_CLAIM,7212.95,True,1,3,1830.43,803,1,0,1,0,2.266667143611111,ESCALATE
NON_DELIVERY_CLAIM,5656.29,True,1,0,1453.61,767,1,0,0,1,10.383335457777777,ESCALATE
WRONG_ITEM_CLAIM,4528.78,True,1,2,1151.45,648,0,0,0,0,999.0,APPROVE
NON_DELIVERY_CLAIM,978.56,True,1,0,2318.54,332,1,1,0,0,12.266669161666666,APPROVE
WRONG_ITEM_CLAIM,3851.75,False,0,0,1004.79,1297,2,1,0,1,4.316667591944444,REQUEST_EVIDENCE
NON_DELIVERY_CLAIM,2209.84,True,1,0,2655.64,110,1,0,0,0,1.4166669741666666,APPROVE
SUBSTITUTED_RETURN_CLAIM,1038.32,True,1,1,1194.39,1018,2,0,2,0,2.533333864722222,APPROVE
NON_DELIVERY_CLAIM,1134.78,False,0,0,1371.96,93,0,0,0,0,999.0,REQUEST_EVIDENCE
SHORTAGE_CLAIM,4949.87,True,1,0,1556.83,296,1,0,1,0,14.750002982777778,DENY
WRONG_ITEM_CLAIM,3979.65,True,1,0,2144.59,610,1,1,0,0,7.216668167222222,APPROVE
NON_DELIVERY_CLAIM,1518.91,False,0,0,2257.68,521,0,0,0,0,999.0,REQUEST_EVIDENCE
WRONG_ITEM_CLAIM,2468.68,True,1,0,1295.52,163,0,0,0,0,999.0,APPROVE
SHORTAGE_CLAIM,2432.34,False,0,0,1093.48,426,1,1,0,0,12.433335861666668,REQUEST_EVIDENCE
SHORTAGE_CLAIM,1645.57,True,1,1,886.05,1277,0,0,0,0,999.0,APPROVE
NON_DELIVERY_CLAIM,4037.36,False,0,1,1395.76,1224,1,0,1,0,8.866668493055556,REQUEST_EVIDENCE
NON_DELIVERY_CLAIM,4497.01,True,1,0,993.28,1018,1,1,0,0,4.8166676908333335,APPROVE
NON_DELIVERY_CLAIM,174.76,False,0,1,2405.98,303,1,0,1,0,5.2500011099999995,REQUEST_EVIDENCE
NON_DELIVERY_CLAIM,1641.56,True,1,0,1655.73,1485,0,0,0,0,999.0,APPROVE
WRONG_ITEM_CLAIM,1625.75,True,1,0,380.46,376,1,0,1,0,13.05000265,APPROVE
SHORTAGE_CLAIM,3441.17,False,0,1,3619.51,516,0,0,0,0,999.0,DENY
SHORTAGE_CLAIM,2189.68,False,0,1,1649.99,1490,0,0,0,0,999.0,REQUEST_EVIDENCE
NON_DELIVERY_CLAIM,1832.33,False,0,1,1165.41,663,2,2,0,0,6.333334659444445,REQUEST_EVIDENCE
SHORTAGE_CLAIM,1539.07,False,0,1,7706.23,1466,1,0,1,0,9.500001954722222,REQUEST_EVIDENCE
SHORTAGE_CLAIM,4080.33,True,1,1,7943.66,290,0,0,0,0,999.0,DENY
WRONG_ITEM_CLAIM,2416.71,True,1,0,2049.67,1299,0,0,0,0,999.0,APPROVE
SUBSTITUTED_RETURN_CLAIM,2901.16,True,1,1,758.61,194,2,1,1,0,7.350001528333333,APPROVE
SUBSTITUTED_RETURN_CLAIM,5119.95,True,1,1,1507.92,1297,2,1,1,0,12.166669140833335,ESCALATE
SUBSTITUTED_RETURN_CLAIM,7324.94,True,1,0,505.91,1330,1,1,0,0,1.6166670125,ESCALATE
WRONG_ITEM_CLAIM,1073.82,False,0,3,7364.62,1382,0,0,0,0,999.0,REQUEST_EVIDENCE
SHORTAGE_CLAIM,2032.75,True,1,0,2471.53,539,0,0,0,0,999.0,APPROVE
WRONG_ITEM_CLAIM,750.41,False,0,0,1921.01,179,1,0,0,1,0.9833335533333333,REQUEST_EVIDENCE
SUBSTITUTED_RETURN_CLAIM,1097.01,True,1,0,2626.54,485,0,0,0,0,999.0,APPROVE
NON_DELIVERY_CLAIM,2562.25,False,0,0,1382.81,1188,0,0,0,0,999.0,REQUEST_EVIDENCE
SUBSTITUTED_RETURN_CLAIM,3001.6,True,1,1,2263.65,1081,4,1,2,0,1.550000333888889,APPROVE
SHORTAGE_CLAIM,5696.16,True,1,0,2471.53,539,1,1,0,0,0.08333335,ESCALATE
SUBSTITUTED_RETURN_CLAIM,1994.3,False,0,0,2873.17,114,0,0,0,0,999.0,REQUEST_EVIDENCE
WRONG_ITEM_CLAIM,1407.91,False,0,0,1410.41,768,2,1,1,0,1.1166669133333333,REQUEST_EVIDENCE
WRONG_ITEM_CLAIM,1679.33,True,1,0,1852.69,354,3,1,2,0,1.283333612777778,APPROVE
WRONG_ITEM_CLAIM,2955.45,True,1,0,1706.0,967,2,2,0,0,5.166667760555556,APPROVE
NON_DELIVERY_CLAIM,5994.59,True,1,1,2602.43,333,0,0,0,0,999.0,ESCALATE
SHORTAGE_CLAIM,5250.24,True,1,1,256.84,324,0,0,0,0,999.0,ESCALATE
NON_DELIVERY_CLAIM,1199.82,False,0,0,1297.52,1225,3,2,1,0,13.45000272861111,REQUEST_EVIDENCE
SHORTAGE_CLAIM,2365.68,False,0,3,5920.91,866,0,0,0,0,999.0,DENY
SUBSTITUTED_RETURN_CLAIM,2211.77,True,1,0,25.26,1435,1,1,0,0,13.550002747777778,APPROVE
WRONG_ITEM_CLAIM,3575.39,False,0,2,432.23,1000,1,0,0,0,5.316667789166667,REQUEST_EVIDENCE
NON_DELIVERY_CLAIM,5732.77,False,0,2,1151.45,648,1,1,0,0,0.7166668080555555,REQUEST_EVIDENCE
SHORTAGE_CLAIM,303.74,True,1,0,1681.46,639,2,0,2,0,4.316667592777778,APPROVE
WRONG_ITEM_CLAIM,707.95,True,1,4,4223.44,239,3,2,1,0,2.283333811666667,APPROVE
SUBSTITUTED_RETURN_CLAIM,223.15,True,1,2,7640.85,706,2,0,2,0,8.650001783888888,APPROVE
SUBSTITUTED_RETURN_CLAIM,1725.74,True,1,3,4172.98,324,4,0,2,0,7.033334797222222,APPROVE
SUBSTITUTED_RETURN_CLAIM,2863.61,True,1,0,1460.9,113,1,1,0,0,13.116669330833334,APPROVE
NON_DELIVERY_CLAIM,4893.34,True,1,1,3625.21,1143,0,0,0,0,999.0,APPROVE
SHORTAGE_CLAIM,1831.24,False,0,1,1165.41,663,3,2,1,0,0.5166667691666667,REQUEST_EVIDENCE
SUBSTITUTED_RETURN_CLAIM,743.16,False,0,1,402.6,1193,0,0,0,0,999.0,REQUEST_EVIDENCE
SHORTAGE_CLAIM,7164.02,True,1,1,88.07,560,0,0,0,0,999.0,DENY
NON_DELIVERY_CLAIM,6819.08,True,1,2,6452.83,511,1,1,0,0,3.633334085,ESCALATE
SUBSTITUTED_RETURN_CLAIM,4283.62,True,1,0,2228.78,828,2,1,1,0,1.2666669422222223,APPROVE
NON_DELIVERY_CLAIM,4894.02,True,1,0,2556.58,1498,0,0,0,0,999.0,APPROVE
SHORTAGE_CLAIM,2911.18,False,0,0,2914.88,611,3,3,0,0,3.050000630833333,REQUEST_EVIDENCE
SHORTAGE_CLAIM,1984.76,False,0,0,2732.36,324,1,0,1,0,1.866667063888889,DENY
NON_DELIVERY_CLAIM,1632.54,True,1,1,927.0,669,3,2,1,0,5.96666791888889,APPROVE
SHORTAGE_CLAIM,3058.73,False,0,1,604.39,145,4,1,2,0,8.033334996111112,DENY
NON_DELIVERY_CLAIM,758.52,False,0,1,417.04,186,1,1,0,0,16.083336581111112,REQUEST_EVIDENCE
SHORTAGE_CLAIM,2484.07,False,0,1,1728.85,1442,0,0,0,0,999.0,REQUEST_EVIDENCE
SUBSTITUTED_RETURN_CLAIM,2032.71,False,0,0,2655.64,110,2,1,0,0,0.9833335275,REQUEST_EVIDENCE
WRONG_ITEM_CLAIM,3266.73,True,1,2,1274.42,293,1,1,0,0,4.6833343308333335,APPROVE
NON_DELIVERY_CLAIM,299.42,True,1,0,544.22,1450,1,0,1,0,3.8833341333333333,APPROVE
NON_DELIVERY_CLAIM,8063.99,False,0,0,416.9,1087,2,1,1,0,2.33333382,REQUEST_EVIDENCE
SUBSTITUTED_RETURN_CLAIM,1645.15,True,1,0,1508.51,42,0,0,0,0,999.0,APPROVE
SUBSTITUTED_RETURN_CLAIM,5378.91,False,0,1,828.74,997,3,0,3,0,1.51666699,REQUEST_EVIDENCE
NON_DELIVERY_CLAIM,4472.4,True,1,1,236.78,412,0,0,0,0,999.0,APPROVE
NON_DELIVERY_CLAIM,1301.16,True,1,1,303.87,256,0,0,0,0,999.0,APPROVE
WRONG_ITEM_CLAIM,2305.02,True,1,0,1915.56,691,2,1,1,0,1.7500003705555554,APPROVE
WRONG_ITEM_CLAIM,2047.61,False,0,0,2428.44,1038,2,2,0,0,4.150000852222222,REQUEST_EVIDENCE
SHORTAGE_CLAIM,2547.18,False,0,4,3300.33,987,1,1,0,0,12.45000253111111,REQUEST_EVIDENCE
NON_DELIVERY_CLAIM,2824.25,True,1,2,1133.21,1193,0,0,0,0,999.0,APPROVE
SHORTAGE_CLAIM,431.4,False,0,0,586.64,643,0,0,0,0,999.0,DENY
SHORTAGE_CLAIM,523.29,False,0,2,1281.33,1208,2,1,1,0,13.416669387499999,REQUEST_EVIDENCE
SHORTAGE_CLAIM,3414.19,True,1,1,2439.06,1131,1,0,1,0,6.683334724722222,DENY
SUBSTITUTED_RETURN_CLAIM,2269.36,True,1,2,1274.42,293,2,2,0,0,0.23333337861111111,APPROVE
SHORTAGE_CLAIM,2277.11,True,1,1,2778.13,1242,1,1,0,0,10.866668888055555,APPROVE
SHORTAGE_CLAIM,2455.61,True,1,0,1078.46,677,2,1,0,0,5.066667738611112,APPROVE
SHORTAGE_CLAIM,3597.1,False,0,1,237.06,334,1,1,0,0,16.56667001027778,REQUEST_EVIDENCE
WRONG_ITEM_CLAIM,5412.05,True,1,0,2010.43,456,2,1,1,0,9.266668572222223,ESCALATE
SUBSTITUTED_RETURN_CLAIM,1603.29,False,0,1,96.69,933,1,1,0,0,10.866668888055555,REQUEST_EVIDENCE
NON_DELIVERY_CLAIM,5085.01,True,1,0,2122.87,952,0,0,0,0,999.0,ESCALATE
SHORTAGE_CLAIM,5764.98,True,1,1,2405.98,303,2,0,2,0,1.1666668958333333,ESCALATE
SHORTAGE_CLAIM,3542.08,True,1,0,2144.59,610,2,2,0,0,1.3000002558333332,DENY
SUBSTITUTED_RETURN_CLAIM,2746.63,False,0,1,1649.9,1210,0,0,0,0,999.0,REQUEST_EVIDENCE
SHORTAGE_CLAIM,763.98,True,1,0,2012.93,1079,0,0,0,0,999.0,APPROVE
NON_DELIVERY_CLAIM,5045.1,False,0,1,886.05,1277,1,1,0,0,1.283333585,REQUEST_EVIDENCE
SHORTAGE_CLAIM,811.87,True,1,1,2892.87,544,2,1,1,0,9.250001900555556,APPROVE
WRONG_ITEM_CLAIM,306.73,True,1,0,1145.31,878,0,0,0,0,999.0,APPROVE
NON_DELIVERY_CLAIM,6078.03,True,1,2,1274.42,293,3,3,0,0,0.2333333777777778,ESCALATE
SUBSTITUTED_RETURN_CLAIM,4580.17,False,0,0,123.55,494,2,1,0,0,5.4500011475,REQUEST_EVIDENCE
WRONG_ITEM_CLAIM,1394.08,True,1,0,1715.77,542,2,0,2,0,14.833336330833333,APPROVE
SUBSTITUTED_RETURN_CLAIM,121.15,False,0,2,1525.62,1381,1,0,1,0,10.916668899166666,REQUEST_EVIDENCE
SHORTAGE_CLAIM,5160.1,True,1,1,2670.88,110,1,0,0,1,9.683335320277777,DENY
WRONG_ITEM_CLAIM,704.45,False,0,0,27.57,684,0,0,0,0,999.0,REQUEST_EVIDENCE
WRONG_ITEM_CLAIM,7304.05,True,1,4,5309.57,1456,0,0,0,0,999.0,ESCALATE
WRONG_ITEM_CLAIM,3360.7,False,0,0,1764.93,838,1,0,1,0,16.416669979444443,REQUEST_EVIDENCE
SHORTAGE_CLAIM,7194.0,False,0,0,2144.59,610,3,2,0,0,0.2333333791666667,REQUEST_EVIDENCE
SHORTAGE_CLAIM,1914.66,False,0,1,5381.96,1442,0,0,0,0,999.0,REQUEST_EVIDENCE
SUBSTITUTED_RETURN_CLAIM,2311.52,True,1,1,729.95,695,1,0,1,0,13.400002715277777,APPROVE
WRONG_ITEM_CLAIM,2336.43,False,0,0,12.37,438,0,0,0,0,999.0,REQUEST_EVIDENCE
WRONG_ITEM_CLAIM,1563.22,True,1,1,413.98,879,1,0,1,0,2.4333338383333336,APPROVE
WRONG_ITEM_CLAIM,2053.41,True,1,1,1064.87,390,3,2,0,0,8.416668402777777,APPROVE
WRONG_ITEM_CLAIM,3557.46,True,1,0,2225.08,518,1,1,0,0,14.233336215277777,APPROVE
SHORTAGE_CLAIM,4949.87,False,0,0,1556.83,296,2,0,1,0,1.6666669944444445,DENY
NON_DELIVERY_CLAIM,7811.03,True,1,1,2574.66,861,4,1,2,0,5.066667717222222,ESCALATE
WRONG_ITEM_CLAIM,3080.52,True,1,1,1598.16,1087,1,1,0,0,2.3000004783333337,APPROVE
WRONG_ITEM_CLAIM,5905.9,False,0,1,760.9,450,0,0,0,0,999.0,REQUEST_EVIDENCE
SHORTAGE_CLAIM,694.12,False,0,0,399.61,624,0,0,0,0,999.0,REQUEST_EVIDENCE
WRONG_ITEM_CLAIM,4934.36,False,0,0,2056.53,1166,2,2,0,0,6.066667935833333,REQUEST_EVIDENCE
WRONG_ITEM_CLAIM,2984.73,False,0,0,1302.75,473,0,0,0,0,999.0,REQUEST_EVIDENCE
WRONG_ITEM_CLAIM,3942.85,True,1,0,967.81,320,0,0,0,0,999.0,APPROVE
WRONG_ITEM_CLAIM,364.74,True,1,0,180.33,1453,3,1,2,0,7.216668163333334,APPROVE
SUBSTITUTED_RETURN_CLAIM,1834.29,True,1,0,956.15,1213,1,0,1,0,3.383334026111111,APPROVE
SHORTAGE_CLAIM,295.75,False,0,1,1539.71,289,3,1,2,0,3.650000746388889,REQUEST_EVIDENCE
SHORTAGE_CLAIM,4485.89,True,1,1,1728.85,1442,1,0,1,0,0.933333515,DENY
SUBSTITUTED_RETURN_CLAIM,2758.74,True,1,0,2862.47,1034,0,0,0,0,999.0,APPROVE
NON_DELIVERY_CLAIM,4705.81,True,1,0,916.53,591,1,1,0,0,11.566669024722222,APPROVE
SUBSTITUTED_RETURN_CLAIM,4779.41,True,1,2,2257.05,1487,2,1,1,0,3.3333340169444443,APPROVE
WRONG_ITEM_CLAIM,2216.34,True,1,0,544.22,1450,2,1,1,0,0.9500001847222223,APPROVE
NON_DELIVERY_CLAIM,3597.1,False,0,1,237.06,334,2,1,1,0,0.7000001358333333,REQUEST_EVIDENCE
NON_DELIVERY_CLAIM,3992.33,False,0,0,66.11,1138,0,0,0,0,999.0,REQUEST_EVIDENCE
SHORTAGE_CLAIM,1636.5,True,1,1,1598.16,1087,2,2,0,0,0.2666667177777778,APPROVE
WRONG_ITEM_CLAIM,1314.66,True,1,0,2687.1,194,0,0,0,0,999.0,APPROVE
WRONG_ITEM_CLAIM,2530.6,False,0,0,2777.03,590,0,0,0,0,999.0,REQUEST_EVIDENCE
SUBSTITUTED_RETURN_CLAIM,3225.26,True,1,1,1646.41,1474,0,0,0,0,999.0,APPROVE
SUBSTITUTED_RETURN_CLAIM,4256.51,True,1,0,2065.5,1450,1,1,0,0,17.966670286666666,APPROVE
WRONG_ITEM_CLAIM,6862.36,True,1,0,947.07,828,0,0,0,0,999.0,ESCALATE
SUBSTITUTED_RETURN_CLAIM,226.2,True,1,4,5503.38,253,1,1,0,0,9.700001990277778,APPROVE
SUBSTITUTED_RETURN_CLAIM,1799.75,False,0,0,2990.55,1063,2,0,1,1,11.133335606944444,REQUEST_EVIDENCE
WRONG_ITEM_CLAIM,3924.78,False,0,0,443.23,1288,1,0,0,1,6.75000140388889,REQUEST_EVIDENCE
SHORTAGE_CLAIM,5238.22,False,0,0,1145.31,878,1,1,0,0,0.7166668075,DENY
SHORTAGE_CLAIM,5042.25,False,0,3,4869.1,661,2,0,2,0,10.233335427222222,REQUEST_EVIDENCE
SUBSTITUTED_RETURN_CLAIM,2630.42,True,1,1,1190.02,1452,2,2,0,0,7.4666682125,APPROVE
SHORTAGE_CLAIM,1985.91,True,1,0,1004.79,1297,3,1,1,1,2.2333337719444444,APPROVE
NON_DELIVERY_CLAIM,6749.7,False,0,1,1842.87,1477,1,1,0,0,15.650003158333334,REQUEST_EVIDENCE
NON_DELIVERY_CLAIM,2622.21,True,1,0,255.46,1478,0,0,0,0,999.0,APPROVE
SHORTAGE_CLAIM,6362.16,False,0,2,2763.58,167,0,0,0,0,999.0,DENY
WRONG_ITEM_CLAIM,601.78,False,0,1,2892.87,544,3,2,1,0,0.8500001669444445,REQUEST_EVIDENCE
WRONG_ITEM_CLAIM,396.76,True,1,0,2312.3,1117,1,0,1,0,17.250003475555555,APPROVE
WRONG_ITEM_CLAIM,1961.0,True,1,0,143.18,1008,0,0,0,0,999.0,APPROVE
NON_DELIVERY_CLAIM,410.51,True,1,1,263.39,822,0,0,0,0,999.0,APPROVE
SHORTAGE_CLAIM,6916.98,True,1,0,2211.35,1152,1,1,0,0,7.100001477777778,ESCALATE
NON_DELIVERY_CLAIM,1022.93,True,1,0,2390.3,1438,0,0,0,0,999.0,APPROVE
SUBSTITUTED_RETURN_CLAIM,3123.03,False,0,0,1259.48,1276,1,1,0,0,13.816669468611112,REQUEST_EVIDENCE
NON_DELIVERY_CLAIM,3515.7,True,1,1,2470.02,295,0,0,0,0,999.0,APPROVE
SHORTAGE_CLAIM,1916.54,False,0,0,2563.46,1185,0,0,0,0,999.0,DENY
SUBSTITUTED_RETURN_CLAIM,5433.04,False,0,1,182.1,175,2,2,0,0,3.2166673280555558,REQUEST_EVIDENCE
SHORTAGE_CLAIM,4115.13,False,0,0,2511.24,789,1,0,0,0,14.333336235277779,DENY
NON_DELIVERY_CLAIM,1350.3,True,1,2,3034.03,43,2,1,1,0,4.133334176666667,APPROVE
SUBSTITUTED_RETURN_CLAIM,2278.21,False,0,1,361.62,190,0,0,0,0,999.0,REQUEST_EVIDENCE
WRONG_ITEM_CLAIM,1726.78,True,1,0,1777.89,424,0,0,0,0,999.0,APPROVE
SHORTAGE_CLAIM,2522.15,True,1,0,1594.41,918,0,0,0,0,999.0,DENY
WRONG_ITEM_CLAIM,2835.84,False,0,0,2962.05,1031,0,0,0,0,999.0,REQUEST_EVIDENCE
WRONG_ITEM_CLAIM,1691.77,False,0,1,953.85,325,0,0,0,0,999.0,REQUEST_EVIDENCE
WRONG_ITEM_CLAIM,5465.17,False,0,1,2521.92,1435,2,2,0,0,5.116667709166667,REQUEST_EVIDENCE
SHORTAGE_CLAIM,2144.05,False,0,3,1312.78,743,2,0,2,0,8.000001654166667,REQUEST_EVIDENCE
WRONG_ITEM_CLAIM,506.8,False,0,1,2834.96,1345,1,0,1,0,9.783335341666668,REQUEST_EVIDENCE
WRONG_ITEM_CLAIM,8316.39,False,0,0,2056.77,322,2,2,0,0,3.333334018611111,REQUEST_EVIDENCE
NON_DELIVERY_CLAIM,1973.91,True,1,0,2289.33,690,1,1,0,0,8.233335035,APPROVE
WRONG_ITEM_CLAIM,7213.96,True,1,0,2198.02,550,3,3,0,0,9.316668583611111,ESCALATE
SUBSTITUTED_RETURN_CLAIM,783.17,False,0,1,278.85,49,1,1,0,0,16.383336640555555,REQUEST_EVIDENCE
SUBSTITUTED_RETURN_CLAIM,5570.06,True,1,1,2066.55,393,2,2,0,0,2.8166672233333334,ESCALATE
NON_DELIVERY_CLAIM,2481.25,False,0,0,1826.98,292,0,0,0,0,999.0,REQUEST_EVIDENCE
NON_DELIVERY_CLAIM,4932.35,True,1,0,849.89,169,1,1,0,0,13.533336081388889,APPROVE
SHORTAGE_CLAIM,2665.98,True,1,0,2428.44,1038,3,2,1,0,1.6000003175000002,APPROVE
SHORTAGE_CLAIM,1897.56,True,1,1,2698.77,1173,0,0,0,0,999.0,APPROVE
NON_DELIVERY_CLAIM,1494.79,True,1,1,478.11,179,1,1,0,0,9.216668561111112,APPROVE
SHORTAGE_CLAIM,2816.44,True,1,1,2066.55,393,3,2,0,1,0.10000001916666666,APPROVE
SUBSTITUTED_RETURN_CLAIM,1530.62,True,1,1,1812.16,572,0,0,0,0,999.0,APPROVE
WRONG_ITEM_CLAIM,4867.6,False,0,0,243.19,1425,0,0,0,0,999.0,REQUEST_EVIDENCE
SUBSTITUTED_RETURN_CLAIM,9419.18,False,0,4,3769.08,707,0,0,0,0,999.0,REQUEST_EVIDENCE
SUBSTITUTED_RETURN_CLAIM,132.34,True,1,0,2786.9,1381,1,0,1,0,13.450002731666666,APPROVE
SUBSTITUTED_RETURN_CLAIM,6369.37,False,0,0,1201.68,312,0,0,0,0,999.0,REQUEST_EVIDENCE
SUBSTITUTED_RETURN_CLAIM,2053.87,False,0,3,5911.44,1222,1,0,1,0,4.0833341658333335,REQUEST_EVIDENCE
NON_DELIVERY_CLAIM,5077.07,True,1,0,2255.89,238,0,0,0,0,999.0,ESCALATE
SHORTAGE_CLAIM,593.63,True,1,0,2383.8,1032,1,1,0,0,10.466668812222222,APPROVE
SUBSTITUTED_RETURN_CLAIM,3524.34,False,0,3,6284.76,1306,0,0,0,0,999.0,REQUEST_EVIDENCE
NON_DELIVERY_CLAIM,7438.0,False,0,3,3287.03,662,0,0,0,0,999.0,REQUEST_EVIDENCE
SUBSTITUTED_RETURN_CLAIM,1466.83,True,1,1,1413.66,1128,0,0,0,0,999.0,APPROVE
SUBSTITUTED_RETURN_CLAIM,1928.69,False,0,0,1580.05,1061,1,0,0,1,10.933335569166665,REQUEST_EVIDENCE
WRONG_ITEM_CLAIM,294.29,True,1,1,1714.11,445,1,1,0,0,4.566667596388889,APPROVE
WRONG_ITEM_CLAIM,1663.31,True,1,0,1915.56,691,3,2,1,0,1.9000003772222223,APPROVE
NON_DELIVERY_CLAIM,280.31,False,0,4,6658.13,1181,2,0,2,0,4.733334296944444,REQUEST_EVIDENCE
WRONG_ITEM_CLAIM,1809.71,False,0,4,4198.3,1201,1,0,1,0,7.416668205277778,REQUEST_EVIDENCE
NON_DELIVERY_CLAIM,1771.46,True,1,0,2667.56,823,0,0,0,0,999.0,APPROVE
NON_DELIVERY_CLAIM,4961.31,True,1,1,1159.93,1372,0,0,0,0,999.0,APPROVE
SUBSTITUTED_RETURN_CLAIM,5896.54,False,0,1,2834.96,1345,2,0,2,0,0.5000000980555556,REQUEST_EVIDENCE
WRONG_ITEM_CLAIM,2070.47,False,0,1,1116.04,1351,1,1,0,0,11.500002348333334,REQUEST_EVIDENCE
SHORTAGE_CLAIM,5393.36,False,0,0,1513.26,277,1,1,0,0,11.566669028333333,DENY
SHORTAGE_CLAIM,5703.62,True,1,1,957.95,353,1,1,0,0,13.333336039444445,ESCALATE
NON_DELIVERY_CLAIM,2870.32,False,0,1,2267.73,40,0,0,0,0,999.0,REQUEST_EVIDENCE
WRONG_ITEM_CLAIM,2429.55,False,0,0,41.63,768,0,0,0,0,999.0,REQUEST_EVIDENCE
NON_DELIVERY_CLAIM,3546.91,False,0,1,1873.72,184,1,1,0,0,6.583334688888889,REQUEST_EVIDENCE
SHORTAGE_CLAIM,118.67,True,1,2,1549.51,813,2,0,2,0,6.650001375833333,DENY
SHORTAGE_CLAIM,2987.42,False,0,0,1852.69,354,4,2,2,0,2.700000532222222,DENY
NON_DELIVERY_CLAIM,288.1,False,0,1,2648.8,950,2,1,1,0,15.6833365025,REQUEST_EVIDENCE
SHORTAGE_CLAIM,1794.07,False,0,0,847.37,829,1,0,1,0,18.01667029472222,DENY
SHORTAGE_CLAIM,201.61,True,1,0,2307.02,190,0,0,0,0,999.0,APPROVE
NON_DELIVERY_CLAIM,2434.59,False,0,0,1325.65,1218,2,0,2,0,14.833336333055556,REQUEST_EVIDENCE
SHORTAGE_CLAIM,1897.73,False,0,1,927.0,669,4,3,1,0,2.4000004725,DENY
WRONG_ITEM_CLAIM,1671.77,False,0,0,1573.94,162,1,1,0,0,13.383336049166667,REQUEST_EVIDENCE
SHORTAGE_CLAIM,2238.57,True,1,1,3640.09,589,1,0,0,0,19.65000396111111,DENY
WRONG_ITEM_CLAIM,7071.6,False,0,0,1285.52,632,1,1,0,0,4.833334313611111,REQUEST_EVIDENCE
SUBSTITUTED_RETURN_CLAIM,2164.57,False,0,0,2703.82,918,1,0,0,1,15.550003140833333,REQUEST_EVIDENCE
NON_DELIVERY_CLAIM,2382.92,False,0,0,1111.13,270,0,0,0,0,999.0,REQUEST_EVIDENCE
NON_DELIVERY_CLAIM,2734.38,False,0,0,68.24,1301,1,1,0,0,17.18333679527778,REQUEST_EVIDENCE
SHORTAGE_CLAIM,1681.07,True,1,2,2570.25,731,2,2,0,0,11.63333570388889,APPROVE
WRONG_ITEM_CLAIM,3762.99,True,1,0,2542.0,1396,2,1,1,0,8.166668349722222,APPROVE
SUBSTITUTED_RETURN_CLAIM,1679.3,True,1,0,1346.53,40,0,0,0,0,999.0,APPROVE
SUBSTITUTED_RETURN_CLAIM,4990.08,False,0,0,2532.09,1239,0,0,0,0,999.0,REQUEST_EVIDENCE
SUBSTITUTED_RETURN_CLAIM,671.69,False,0,2,1400.45,357,1,0,1,0,6.416667965,REQUEST_EVIDENCE
SHORTAGE_CLAIM,2475.21,True,1,1,1812.16,572,1,1,0,0,0.7166668061111111,DENY
SHORTAGE_CLAIM,2485.67,True,1,0,132.89,1129,0,0,0,0,999.0,APPROVE
SUBSTITUTED_RETURN_CLAIM,1975.83,True,1,0,2065.5,1450,2,2,0,0,1.4666669575,APPROVE
NON_DELIVERY_CLAIM,2696.0,False,0,1,1728.85,1442,2,0,1,0,1.6666669972222221,REQUEST_EVIDENCE
SUBSTITUTED_RETURN_CLAIM,5772.87,False,0,0,153.47,912,0,0,0,0,999.0,REQUEST_EVIDENCE
SHORTAGE_CLAIM,1814.47,False,0,1,770.91,880,0,0,0,0,999.0,DENY
SUBSTITUTED_RETURN_CLAIM,1968.8,False,0,0,1000.55,1430,2,1,0,1,13.50000274,REQUEST_EVIDENCE
SHORTAGE_CLAIM,3339.29,True,1,0,1250.32,1455,0,0,0,0,999.0,APPROVE
WRONG_ITEM_CLAIM,1689.8,True,1,2,3147.56,233,0,0,0,0,999.0,APPROVE
NON_DELIVERY_CLAIM,914.1,False,0,0,458.25,812,0,0,0,0,999.0,REQUEST_EVIDENCE
SUBSTITUTED_RETURN_CLAIM,5481.48,True,1,0,2250.51,675,0,0,0,0,999.0,ESCALATE
SHORTAGE_CLAIM,966.66,True,1,1,2342.92,672,2,0,2,0,6.133334574722222,DENY
SUBSTITUTED_RETURN_CLAIM,5552.74,True,1,1,968.04,373,1,1,0,0,19.883337336944443,ESCALATE
SUBSTITUTED_RETURN_CLAIM,2188.37,True,1,1,2992.1,1135,2,1,1,0,5.016667681944445,APPROVE
SHORTAGE_CLAIM,5789.84,True,1,4,2326.22,652,1,1,0,0,6.400001293611112,ESCALATE
NON_DELIVERY_CLAIM,1561.42,False,0,1,1810.91,604,0,0,0,0,999.0,REQUEST_EVIDENCE
NON_DELIVERY_CLAIM,340.75,True,1,0,1966.77,708,1,0,1,0,15.1000030525,APPROVE
SUBSTITUTED_RETURN_CLAIM,2491.95,True,1,0,1982.17,623,0,0,0,0,999.0,APPROVE
WRONG_ITEM_CLAIM,3407.71,True,1,0,1065.42,998,2,2,0,0,6.433334632777778,APPROVE
SHORTAGE_CLAIM,1576.38,False,0,0,2862.47,1034,1,1,0,0,1.9166670458333332,DENY
SHORTAGE_CLAIM,2502.01,True,1,0,2082.0,1431,1,1,0,0,10.033335386388888,DENY
SUBSTITUTED_RETURN_CLAIM,1520.4,True,1,1,710.25,951,0,0,0,0,999.0,APPROVE
NON_DELIVERY_CLAIM,7847.71,True,1,0,1476.17,558,0,0,0,0,999.0,ESCALATE
SUBSTITUTED_RETURN_CLAIM,3485.23,False,0,0,1419.48,633,2,1,1,0,10.283335435277777,REQUEST_EVIDENCE
NON_DELIVERY_CLAIM,3155.52,True,1,0,524.11,554,1,0,1,0,18.76667044194444,APPROVE
WRONG_ITEM_CLAIM,7199.29,False,0,0,2198.02,550,4,3,0,1,1.2833335825,REQUEST_EVIDENCE
WRONG_ITEM_CLAIM,1765.16,True,1,1,983.04,909,2,0,1,1,9.733335326666666,APPROVE
WRONG_ITEM_CLAIM,2599.22,False,0,0,380.46,376,2,1,1,0,3.7500007375,REQUEST_EVIDENCE
SHORTAGE_CLAIM,2536.52,False,0,0,399.61,624,1,0,1,0,2.2000004344444446,REQUEST_EVIDENCE
SUBSTITUTED_RETURN_CLAIM,3958.05,False,0,4,4864.35,963,2,0,1,0,10.266668765555554,REQUEST_EVIDENCE
NON_DELIVERY_CLAIM,7183.38,True,1,0,2198.87,770,1,1,0,0,7.383334843611111,ESCALATE
SUBSTITUTED_RETURN_CLAIM,2124.96,True,1,3,5911.44,1222,2,0,2,0,1.1500002247222223,APPROVE
WRONG_ITEM_CLAIM,3176.44,False,0,0,1201.87,1406,1,0,1,0,9.366668587777777,REQUEST_EVIDENCE
WRONG_ITEM_CLAIM,5954.83,True,1,1,1238.84,400,2,2,0,0,9.700001987777778,ESCALATE
WRONG_ITEM_CLAIM,1962.49,False,0,2,7522.46,1124,2,1,1,0,15.366669771388889,REQUEST_EVIDENCE
NON_DELIVERY_CLAIM,5983.31,False,0,0,2563.46,1185,1,0,0,0,1.6833336616666668,REQUEST_EVIDENCE
SUBSTITUTED_RETURN_CLAIM,2323.71,False,0,0,780.02,1457,1,0,0,0,4.650000941111111,REQUEST_EVIDENCE
WRONG_ITEM_CLAIM,5583.55,False,0,0,1183.05,1094,0,0,0,0,999.0,REQUEST_EVIDENCE
WRONG_ITEM_CLAIM,1964.16,True,1,0,827.89,809,3,1,1,0,5.900001189444445,APPROVE
WRONG_ITEM_CLAIM,4181.86,False,0,0,351.03,564,0,0,0,0,999.0,REQUEST_EVIDENCE
WRONG_ITEM_CLAIM,1937.7,True,1,0,608.14,834,1,0,1,0,7.800001610000001,APPROVE
SHORTAGE_CLAIM,609.72,True,1,2,2281.54,322,1,0,1,0,19.566670599444446,DENY
SUBSTITUTED_RETURN_CLAIM,2171.67,False,0,0,2973.26,1233,2,1,0,1,4.9500009997222225,REQUEST_EVIDENCE
WRONG_ITEM_CLAIM,1044.65,False,0,1,789.95,125,1,1,0,0,13.950002826944443,REQUEST_EVIDENCE
SUBSTITUTED_RETURN_CLAIM,1266.58,False,0,0,352.66,1488,0,0,0,0,999.0,REQUEST_EVIDENCE
NON_DELIVERY_CLAIM,4663.6,False,0,1,6891.08,559,1,1,0,0,11.716669053611112,REQUEST_EVIDENCE
WRONG_ITEM_CLAIM,4679.56,False,0,2,7522.46,1124,3,1,2,0,0.20000003833333332,REQUEST_EVIDENCE
SUBSTITUTED_RETURN_CLAIM,1965.84,False,0,0,460.47,1326,0,0,0,0,999.0,REQUEST_EVIDENCE
NON_DELIVERY_CLAIM,349.08,True,1,1,588.3,1459,2,0,1,1,7.200001451944445,APPROVE
NON_DELIVERY_CLAIM,3911.01,True,1,0,2202.9,1172,0,0,0,0,999.0,APPROVE
SHORTAGE_CLAIM,212.15,False,0,0,1295.52,163,1,1,0,0,4.250000836944444,REQUEST_EVIDENCE
WRONG_ITEM_CLAIM,2052.73,True,1,1,5394.91,439,2,0,0,2,10.566668824999999,APPROVE
NON_DELIVERY_CLAIM,2721.06,False,0,0,886.67,1052,2,1,0,0,15.983336558333333,REQUEST_EVIDENCE
SUBSTITUTED_RETURN_CLAIM,4557.97,True,1,1,2071.56,1379,1,1,0,0,10.566668825277777,APPROVE
NON_DELIVERY_CLAIM,4687.98,False,0,3,1116.41,1003,0,0,0,0,999.0,REQUEST_EVIDENCE
WRONG_ITEM_CLAIM,7262.32,True,1,0,2569.87,1248,0,0,0,0,999.0,ESCALATE
NON_DELIVERY_CLAIM,3805.86,True,1,2,2717.01,68,3,1,2,0,7.900001622222223,APPROVE
NON_DELIVERY_CLAIM,7828.67,False,0,0,1976.67,1159,1,1,0,0,7.2500014625,REQUEST_EVIDENCE
NON_DELIVERY_CLAIM,370.37,True,1,0,1763.44,1300,1,1,0,0,12.650002571111111,APPROVE
SUBSTITUTED_RETURN_CLAIM,3833.68,False,0,0,2052.27,481,0,0,0,0,999.0,REQUEST_EVIDENCE
WRONG_ITEM_CLAIM,1755.55,True,1,2,230.84,164,1,0,1,0,8.766668468333332,APPROVE
SHORTAGE_CLAIM,4251.19,False,0,0,2296.42,718,1,0,1,0,7.50000151138889,REQUEST_EVIDENCE
NON_DELIVERY_CLAIM,2558.71,False,0,0,1297.52,1225,4,2,2,0,3.950000777222222,REQUEST_EVIDENCE
NON_DELIVERY_CLAIM,1698.66,True,1,1,2090.63,455,0,0,0,0,999.0,APPROVE
SUBSTITUTED_RETURN_CLAIM,1336.86,False,0,1,464.42,1169,0,0,0,0,999.0,REQUEST_EVIDENCE
WRONG_ITEM_CLAIM,3929.3,False,0,2,2709.38,89,1,0,1,0,20.516670789722223,REQUEST_EVIDENCE
SHORTAGE_CLAIM,5359.88,True,1,1,4234.3,642,0,0,0,0,999.0,ESCALATE
NON_DELIVERY_CLAIM,2158.27,False,0,1,2405.98,303,3,0,2,1,3.283333980277778,REQUEST_EVIDENCE
SUBSTITUTED_RETURN_CLAIM,2701.37,False,0,0,1630.29,1217,3,2,0,1,12.450002531666668,REQUEST_EVIDENCE
NON_DELIVERY_CLAIM,2246.44,True,1,0,508.75,818,1,1,0,0,15.450003122777778,APPROVE
WRONG_ITEM_CLAIM,2041.9,True,1,0,1238.88,94,0,0,0,0,999.0,APPROVE
SUBSTITUTED_RETURN_CLAIM,3774.43,False,0,0,2914.88,611,4,3,1,0,3.8166674175,REQUEST_EVIDENCE
NON_DELIVERY_CLAIM,2520.03,False,0,3,3287.03,662,1,0,1,0,1.7666670119444443,REQUEST_EVIDENCE
SUBSTITUTED_RETURN_CLAIM,150.57,False,0,1,478.11,179,2,2,0,0,1.9666670525,REQUEST_EVIDENCE
SUBSTITUTED_RETURN_CLAIM,2859.99,True,1,1,2167.23,520,0,0,0,0,999.0,APPROVE
NON_DELIVERY_CLAIM,566.87,False,0,4,5735.08,784,0,0,0,0,999.0,REQUEST_EVIDENCE
WRONG_ITEM_CLAIM,2044.76,False,0,0,835.7,465,1,0,1,0,12.850002610555556,REQUEST_EVIDENCE
SUBSTITUTED_RETURN_CLAIM,2477.52,True,1,2,1410.03,388,2,1,0,1,9.300001906666667,APPROVE
SHORTAGE_CLAIM,1624.2,False,0,3,5731.08,1386,2,0,1,1,13.983336171111112,REQUEST_EVIDENCE
NON_DELIVERY_CLAIM,5563.69,True,1,1,263.39,822,1,1,0,0,2.500000491666667,ESCALATE
WRONG_ITEM_CLAIM,1616.84,False,0,3,4160.43,672,2,1,1,0,9.5500019575,REQUEST_EVIDENCE
NON_DELIVERY_CLAIM,746.43,True,1,0,49.91,642,2,0,2,0,11.633335705277778,APPROVE
NON_DELIVERY_CLAIM,2996.0,False,0,1,2764.6,1017,0,0,0,0,999.0,REQUEST_EVIDENCE
WRONG_ITEM_CLAIM,5118.64,True,1,0,2140.11,635,1,1,0,0,9.883335357777778,ESCALATE
WRONG_ITEM_CLAIM,956.71,False,0,0,1973.49,493,2,0,1,0,6.016667880833333,REQUEST_EVIDENCE
WRONG_ITEM_CLAIM,1625.41,True,1,0,2049.67,1299,1,1,0,0,4.616667576666667,APPROVE
NON_DELIVERY_CLAIM,338.48,True,1,1,699.0,287,0,0,0,0,999.0,APPROVE
SHORTAGE_CLAIM,1593.58,True,1,0,505.91,1330,2,1,0,1,4.600000906666667,APPROVE
NON_DELIVERY_CLAIM,1561.31,False,0,1,248.06,94,0,0,0,0,999.0,REQUEST_EVIDENCE
WRONG_ITEM_CLAIM,7634.82,False,0,0,849.89,169,2,2,0,0,2.283333781388889,REQUEST_EVIDENCE
SHORTAGE_CLAIM,1505.15,False,0,3,7364.62,1382,1,0,1,0,4.633334245833333,REQUEST_EVIDENCE
SHORTAGE_CLAIM,1653.78,False,0,0,1697.44,1287,0,0,0,0,999.0,REQUEST_EVIDENCE
SUBSTITUTED_RETURN_CLAIM,5415.72,True,1,0,2883.64,98,0,0,0,0,999.0,ESCALATE
NON_DELIVERY_CLAIM,1987.44,True,1,0,529.85,1355,0,0,0,0,999.0,APPROVE
WRONG_ITEM_CLAIM,2410.16,True,1,0,12.37,438,1,0,1,0,3.4333340105555554,APPROVE
SHORTAGE_CLAIM,6359.6,True,1,0,2290.71,671,2,0,2,0,5.416667759722222,ESCALATE
NON_DELIVERY_CLAIM,4279.76,True,1,0,1015.64,1316,1,0,1,0,6.566667988888889,APPROVE
WRONG_ITEM_CLAIM,3834.49,True,1,1,256.84,324,1,0,0,1,4.550000896111111,APPROVE
SHORTAGE_CLAIM,1990.85,True,1,0,956.15,1213,2,1,1,0,3.2833339819444443,DENY
WRONG_ITEM_CLAIM,1876.36,True,1,4,5735.08,784,1,0,1,0,0.4000000791666667,APPROVE
SUBSTITUTED_RETURN_CLAIM,5876.43,True,1,1,2600.32,1404,0,0,0,0,999.0,ESCALATE
SHORTAGE_CLAIM,1388.6,False,0,0,2406.5,1011,1,0,0,1,13.600002760277778,DENY
SHORTAGE_CLAIM,2615.37,True,1,1,1116.93,995,0,0,0,0,999.0,APPROVE
WRONG_ITEM_CLAIM,1184.96,False,0,1,1559.85,813,1,0,0,1,17.383336834999998,REQUEST_EVIDENCE
SUBSTITUTED_RETURN_CLAIM,4545.32,True,1,0,1162.58,266,1,1,0,0,15.883336542499999,APPROVE
WRONG_ITEM_CLAIM,2000.92,True,1,2,2927.9,734,0,0,0,0,999.0,APPROVE
SHORTAGE_CLAIM,1446.02,True,1,1,501.49,1200,0,0,0,0,999.0,DENY
SUBSTITUTED_RETURN_CLAIM,497.09,True,1,0,2351.37,1127,1,0,0,0,7.533334846111111,APPROVE
SHORTAGE_CLAIM,3728.53,True,1,1,2436.36,1139,1,1,0,0,15.450003120833333,APPROVE
WRONG_ITEM_CLAIM,2137.24,True,1,1,2574.66,861,5,1,2,1,3.6000007094444446,APPROVE
NON_DELIVERY_CLAIM,1508.32,True,1,0,2461.28,974,2,0,2,0,8.416668360833333,APPROVE
NON_DELIVERY_CLAIM,4366.79,False,0,1,212.1,313,2,0,1,0,6.583334656111111,REQUEST_EVIDENCE
SHORTAGE_CLAIM,6886.92,False,0,0,1390.28,525,2,0,1,1,7.0000014055555555,REQUEST_EVIDENCE
SHORTAGE_CLAIM,3032.6,True,1,2,1440.03,329,0,0,0,0,999.0,DENY
SUBSTITUTED_RETURN_CLAIM,2063.92,True,1,1,1598.16,1087,3,3,0,0,3.400000671388889,APPROVE
SUBSTITUTED_RETURN_CLAIM,1587.64,False,0,1,5394.91,439,3,1,0,2,1.066666876111111,REQUEST_EVIDENCE
SHORTAGE_CLAIM,1082.25,False,0,0,1630.29,1217,4,2,1,1,0.8000001572222223,REQUEST_EVIDENCE
WRONG_ITEM_CLAIM,6847.75,False,0,0,2857.91,643,0,0,0,0,999.0,REQUEST_EVIDENCE
WRONG_ITEM_CLAIM,1004.4,True,1,1,529.82,1167,0,0,0,0,999.0,APPROVE
SUBSTITUTED_RETURN_CLAIM,629.14,False,0,0,662.55,1435,3,0,1,1,12.75000258861111,REQUEST_EVIDENCE
SUBSTITUTED_RETURN_CLAIM,1532.97,True,1,1,1705.43,186,0,0,0,0,999.0,APPROVE
WRONG_ITEM_CLAIM,2069.43,True,1,1,760.01,1268,0,0,0,0,999.0,APPROVE
SHORTAGE_CLAIM,1815.65,True,1,0,1733.76,1392,0,0,0,0,999.0,APPROVE
NON_DELIVERY_CLAIM,2415.58,True,1,0,1907.63,723,2,0,2,0,10.016668713055555,APPROVE
SUBSTITUTED_RETURN_CLAIM,2857.13,False,0,0,2817.42,535,1,0,1,0,18.666670419444447,REQUEST_EVIDENCE
SHORTAGE_CLAIM,2392.88,True,1,0,351.03,564,1,0,1,0,1.4333336147222222,APPROVE
SHORTAGE_CLAIM,8002.51,True,1,0,1906.06,224,1,0,1,0,16.050003238055556,ESCALATE
SHORTAGE_CLAIM,4088.25,False,0,0,1918.58,306,1,0,1,0,6.566667985555555,REQUEST_EVIDENCE
SUBSTITUTED_RETURN_CLAIM,523.95,True,1,1,2648.8,950,3,1,2,0,2.400000469444444,APPROVE
SUBSTITUTED_RETURN_CLAIM,2350.48,True,1,0,1567.0,236,2,0,2,0,7.066668084444444,APPROVE
NON_DELIVERY_CLAIM,2994.35,False,0,0,1609.25,1130,0,0,0,0,999.0,REQUEST_EVIDENCE
NON_DELIVERY_CLAIM,3368.58,False,0,0,717.19,1173,0,0,0,0,999.0,REQUEST_EVIDENCE
WRONG_ITEM_CLAIM,3229.58,True,1,0,2668.09,1034,1,1,0,0,12.066669119166667,APPROVE
NON_DELIVERY_CLAIM,4371.7,False,0,0,2112.42,282,2,1,1,0,10.90000222111111,REQUEST_EVIDENCE
NON_DELIVERY_CLAIM,2176.93,False,0,3,6966.39,1370,1,0,1,0,6.766668026666666,REQUEST_EVIDENCE
SHORTAGE_CLAIM,1754.9,False,0,0,1623.43,668,0,0,0,0,999.0,DENY
SHORTAGE_CLAIM,1416.44,True,1,0,1565.31,1336,1,1,0,0,16.98333675527778,APPROVE
SHORTAGE_CLAIM,2466.48,False,0,0,1772.25,371,0,0,0,0,999.0,DENY
SHORTAGE_CLAIM,3747.97,True,1,1,2967.82,857,3,2,1,0,17.266670144444443,APPROVE
SHORTAGE_CLAIM,3930.1,False,0,0,2437.93,374,0,0,0,0,999.0,DENY
SHORTAGE_CLAIM,910.19,False,0,0,1284.32,507,1,0,1,0,7.5333348438888885,REQUEST_EVIDENCE
NON_DELIVERY_CLAIM,2814.95,True,1,0,2837.06,1295,0,0,0,0,999.0,APPROVE
SUBSTITUTED_RETURN_CLAIM,531.58,True,1,2,2307.66,1355,1,1,0,0,16.116669918333333,APPROVE
SHORTAGE_CLAIM,3682.67,True,1,0,267.01,110,0,0,0,0,999.0,APPROVE
WRONG_ITEM_CLAIM,6005.47,False,0,0,2662.74,46,2,1,1,0,9.833335343611111,REQUEST_EVIDENCE
NON_DELIVERY_CLAIM,6603.84,False,0,1,416.38,1493,3,0,3,0,12.350002507777777,REQUEST_EVIDENCE
WRONG_ITEM_CLAIM,2594.69,True,1,1,1360.3,934,1,0,0,0,6.800001362222223,APPROVE
SUBSTITUTED_RETURN_CLAIM,1839.62,True,1,1,575.65,1191,1,0,1,0,14.533336274444444,APPROVE
SUBSTITUTED_RETURN_CLAIM,1564.35,False,0,1,2803.3,801,1,1,0,0,6.966668065,REQUEST_EVIDENCE
NON_DELIVERY_CLAIM,3101.56,False,0,0,297.25,1058,0,0,0,0,999.0,REQUEST_EVIDENCE
SUBSTITUTED_RETURN_CLAIM,3334.86,False,0,1,1116.93,995,1,1,0,0,0.8000001555555556,REQUEST_EVIDENCE
NON_DELIVERY_CLAIM,5482.42,True,1,1,2764.6,1017,1,0,1,0,1.1500002230555555,ESCALATE
NON_DELIVERY_CLAIM,1501.82,True,1,0,939.81,724,2,1,1,0,8.783335095555556,APPROVE
WRONG_ITEM_CLAIM,4639.28,False,0,0,1344.81,531,1,0,1,0,11.916669088055555,REQUEST_EVIDENCE
NON_DELIVERY_CLAIM,5987.98,True,1,0,1106.94,827,3,3,0,0,8.616668394722222,ESCALATE
NON_DELIVERY_CLAIM,4590.11,False,0,0,297.25,1058,1,0,1,0,0.10000002027777777,REQUEST_EVIDENCE
NON_DELIVERY_CLAIM,4721.54,True,1,4,4852.42,1328,1,0,1,0,6.333334605,APPROVE
WRONG_ITEM_CLAIM,236.67,True,1,2,2252.07,119,2,0,1,1,6.816668035833333,APPROVE
SUBSTITUTED_RETURN_CLAIM,1189.51,False,0,0,929.72,1056,1,1,0,0,20.666670815000003,REQUEST_EVIDENCE
NON_DELIVERY_CLAIM,1392.3,False,0,0,244.22,139,3,1,2,0,10.116668735000001,REQUEST_EVIDENCE
SUBSTITUTED_RETURN_CLAIM,2072.44,False,0,1,1071.13,1041,0,0,0,0,999.0,REQUEST_EVIDENCE
WRONG_ITEM_CLAIM,1989.59,False,0,0,2228.78,828,3,2,1,0,5.3500010527777775,REQUEST_EVIDENCE
NON_DELIVERY_CLAIM,2000.86,True,1,0,1859.27,728,1,0,1,0,21.55000432472222,APPROVE
WRONG_ITEM_CLAIM,1636.89,False,0,4,4852.42,1328,2,1,1,0,0.11666669083333334,REQUEST_EVIDENCE
SUBSTITUTED_RETURN_CLAIM,445.88,True,1,0,2255.89,238,1,0,0,1,3.3500006583333333,APPROVE
SHORTAGE_CLAIM,314.57,False,0,1,4623.76,328,1,0,1,0,8.533335043333333,REQUEST_EVIDENCE
SUBSTITUTED_RETURN_CLAIM,1909.54,True,1,4,2326.22,652,2,1,0,1,2.533333831111111,APPROVE
SUBSTITUTED_RETURN_CLAIM,2084.3,True,1,0,1476.17,558,1,0,0,1,2.4166671424999997,APPROVE
SUBSTITUTED_RETURN_CLAIM,4566.96,False,0,2,853.83,749,0,0,0,0,999.0,REQUEST_EVIDENCE
WRONG_ITEM_CLAIM,5786.25,False,0,1,1728.85,1442,3,0,2,0,2.76666721,REQUEST_EVIDENCE
SUBSTITUTED_RETURN_CLAIM,5132.85,False,0,0,449.89,576,1,0,0,0,7.483334834166667,REQUEST_EVIDENCE
NON_DELIVERY_CLAIM,648.33,True,1,1,2803.3,801,2,1,1,0,0.38333341,APPROVE
NON_DELIVERY_CLAIM,1142.06,False,0,0,2487.16,181,0,0,0,0,999.0,REQUEST_EVIDENCE
NON_DELIVERY_CLAIM,1803.26,True,1,0,367.57,737,1,1,0,0,6.8666680427777775,APPROVE
WRONG_ITEM_CLAIM,1433.29,True,1,1,1939.02,543,0,0,0,0,999.0,APPROVE
WRONG_ITEM_CLAIM,2542.62,True,1,0,1906.06,224,2,0,1,1,0.8166668288888889,APPROVE
NON_DELIVERY_CLAIM,4365.09,True,1,0,1406.09,335,1,1,0,0,11.350002311111112,APPROVE
SUBSTITUTED_RETURN_CLAIM,2281.35,True,1,0,1552.83,550,0,0,0,0,999.0,APPROVE
WRONG_ITEM_CLAIM,2659.52,True,1,2,3034.03,43,3,2,1,0,4.016667456666667,APPROVE
WRONG_ITEM_CLAIM,1589.31,True,1,1,4261.31,756,1,0,0,1,21.533337655,APPROVE
SUBSTITUTED_RETURN_CLAIM,2040.99,True,1,0,1093.48,426,2,1,1,0,6.400001261111112,APPROVE
SHORTAGE_CLAIM,2065.51,True,1,4,5735.08,784,2,1,1,0,1.3666669366666666,DENY
SHORTAGE_CLAIM,2134.5,False,0,1,2745.35,1213,3,1,2,0,10.966668902777776,REQUEST_EVIDENCE
WRONG_ITEM_CLAIM,4172.05,False,0,0,2999.86,1012,1,1,0,0,16.833336728888888,REQUEST_EVIDENCE
WRONG_ITEM_CLAIM,1447.32,False,0,0,1058.69,661,0,0,0,0,999.0,REQUEST_EVIDENCE
SUBSTITUTED_RETURN_CLAIM,2972.44,True,1,1,88.07,560,1,0,0,0,5.783334471944445,APPROVE
SUBSTITUTED_RETURN_CLAIM,239.83,False,0,0,1537.93,1239,0,0,0,0,999.0,REQUEST_EVIDENCE
NON_DELIVERY_CLAIM,5874.69,False,0,0,1201.68,312,1,0,1,0,3.7666674083333334,REQUEST_EVIDENCE
NON_DELIVERY_CLAIM,2393.04,False,0,1,2734.82,1264,0,0,0,0,999.0,REQUEST_EVIDENCE
SUBSTITUTED_RETURN_CLAIM,4823.26,True,1,1,207.06,476,0,0,0,0,999.0,APPROVE
SHORTAGE_CLAIM,1889.94,True,1,0,2703.82,918,2,0,1,1,3.300000651111111,APPROVE
NON_DELIVERY_CLAIM,1875.51,False,0,1,402.6,1193,1,0,1,0,5.9000011613888885,REQUEST_EVIDENCE
WRONG_ITEM_CLAIM,5731.72,True,1,0,835.7,465,2,0,2,0,1.933333715,ESCALATE
SUBSTITUTED_RETURN_CLAIM,1370.23,True,1,0,2957.87,1334,0,0,0,0,999.0,APPROVE
SUBSTITUTED_RETURN_CLAIM,332.4,True,1,2,4499.43,1444,0,0,0,0,999.0,APPROVE
SHORTAGE_CLAIM,2054.08,False,0,4,5153.5,505,2,1,0,1,12.383335850555556,REQUEST_EVIDENCE
WRONG_ITEM_CLAIM,2068.25,True,1,0,1080.37,909,0,0,0,0,999.0,APPROVE
WRONG_ITEM_CLAIM,2040.44,False,0,4,1372.8,925,1,0,1,0,18.85000379027778,REQUEST_EVIDENCE
SUBSTITUTED_RETURN_CLAIM,359.32,False,0,0,83.93,112,1,1,0,0,13.85000280888889,REQUEST_EVIDENCE
NON_DELIVERY_CLAIM,4080.33,True,1,1,7943.66,290,1,0,0,0,6.533334620833334,APPROVE
NON_DELIVERY_CLAIM,5748.59,False,0,1,1055.05,385,0,0,0,0,999.0,REQUEST_EVIDENCE
NON_DELIVERY_CLAIM,890.94,False,0,1,760.01,1268,1,1,0,0,1.3333335983333334,REQUEST_EVIDENCE
SUBSTITUTED_RETURN_CLAIM,1757.04,True,1,2,2927.9,734,1,1,0,0,1.616666986388889,APPROVE
WRONG_ITEM_CLAIM,2201.7,True,1,0,1074.26,830,1,1,0,0,10.500002143888889,APPROVE
NON_DELIVERY_CLAIM,2077.95,True,1,1,968.04,373,2,1,0,1,3.2000006302777777,APPROVE
SUBSTITUTED_RETURN_CLAIM,1042.38,False,0,1,2639.85,1195,1,0,0,0,7.050001388611111,REQUEST_EVIDENCE
SUBSTITUTED_RETURN_CLAIM,4517.08,False,0,0,1423.84,898,2,0,2,0,19.183337190277776,REQUEST_EVIDENCE
SUBSTITUTED_RETURN_CLAIM,4429.08,False,0,1,1194.39,1018,3,1,2,0,6.9500013705555554,REQUEST_EVIDENCE
SUBSTITUTED_RETURN_CLAIM,1829.67,True,1,0,1168.7,754,0,0,0,0,999.0,APPROVE
SUBSTITUTED_RETURN_CLAIM,2046.23,False,0,0,1623.43,668,1,0,0,0,1.2333335791666669,REQUEST_EVIDENCE
NON_DELIVERY_CLAIM,3666.27,False,0,3,6284.76,1306,1,0,1,0,4.083334136111111,REQUEST_EVIDENCE
NON_DELIVERY_CLAIM,1691.51,True,1,0,1431.36,1409,0,0,0,0,999.0,APPROVE
WRONG_ITEM_CLAIM,3817.61,False,0,0,2808.74,1261,1,0,1,0,11.066668923055555,REQUEST_EVIDENCE
WRONG_ITEM_CLAIM,1060.83,True,1,0,2947.14,1282,0,0,0,0,999.0,APPROVE
SUBSTITUTED_RETURN_CLAIM,3344.64,False,0,1,1554.31,1159,0,0,0,0,999.0,REQUEST_EVIDENCE
WRONG_ITEM_CLAIM,724.41,False,0,1,2456.85,1075,0,0,0,0,999.0,REQUEST_EVIDENCE
WRONG_ITEM_CLAIM,4960.56,True,1,1,1123.93,1255,1,0,0,0,22.500004512777778,APPROVE
SUBSTITUTED_RETURN_CLAIM,4695.66,False,0,1,853.31,1067,1,0,1,0,19.583337270833333,REQUEST_EVIDENCE
SUBSTITUTED_RETURN_CLAIM,4263.16,True,1,0,1761.01,335,1,0,1,0,13.150002668055555,APPROVE
SHORTAGE_CLAIM,3748.03,True,1,0,68.24,1301,2,1,1,0,3.7500007408333333,DENY
NON_DELIVERY_CLAIM,1514.8,True,1,0,1001.38,33,0,0,0,0,999.0,APPROVE
WRONG_ITEM_CLAIM,8664.31,False,0,0,2622.35,887,1,1,0,0,18.41667037388889,REQUEST_EVIDENCE
NON_DELIVERY_CLAIM,1562.84,False,0,1,1650.3,834,0,0,0,0,999.0,REQUEST_EVIDENCE
SUBSTITUTED_RETURN_CLAIM,1592.58,True,1,1,1939.02,543,1,1,0,0,0.8166668308333334,APPROVE
WRONG_ITEM_CLAIM,693.72,True,1,1,983.04,909,3,1,1,1,3.300000652777778,APPROVE
NON_DELIVERY_CLAIM,4569.96,False,0,2,5852.54,244,0,0,0,0,999.0,REQUEST_EVIDENCE
SUBSTITUTED_RETURN_CLAIM,3164.21,False,0,0,1747.11,1494,5,3,1,1,9.100001823055555,REQUEST_EVIDENCE
SHORTAGE_CLAIM,759.83,False,0,1,416.38,1493,4,0,4,0,1.366666941388889,DENY
SHORTAGE_CLAIM,622.22,True,1,2,2281.54,322,2,0,1,0,3.1166672855555553,DENY
SHORTAGE_CLAIM,508.89,True,1,0,2318.54,332,2,2,0,0,7.366668121666667,APPROVE
SUBSTITUTED_RETURN_CLAIM,511.31,False,0,0,1537.93,1239,1,0,1,0,0.7333334805555555,REQUEST_EVIDENCE
SUBSTITUTED_RETURN_CLAIM,8999.42,False,0,0,2228.78,828,4,2,2,0,1.1666668999999998,REQUEST_EVIDENCE
SUBSTITUTED_RETURN_CLAIM,533.39,False,0,1,1946.54,731,0,0,0,0,999.0,REQUEST_EVIDENCE
SHORTAGE_CLAIM,3190.61,False,0,0,2949.04,441,0,0,0,0,999.0,DENY
WRONG_ITEM_CLAIM,1932.86,True,1,0,2144.59,610,4,2,1,0,5.816667816388889,APPROVE
WRONG_ITEM_CLAIM,4586.98,False,0,0,1552.83,550,1,1,0,0,0.9666668608333334,REQUEST_EVIDENCE
NON_DELIVERY_CLAIM,2195.41,True,1,0,2111.01,622,0,0,0,0,999.0,APPROVE
WRONG_ITEM_CLAIM,3591.43,True,1,0,1129.43,1261,0,0,0,0,999.0,APPROVE
SHORTAGE_CLAIM,4314.16,False,0,0,2511.24,789,2,0,0,0,5.033334325555556,REQUEST_EVIDENCE
SHORTAGE_CLAIM,5362.34,False,0,0,1242.55,1295,1,0,1,0,23.183337984166666,DENY
SHORTAGE_CLAIM,1689.36,True,1,1,6121.48,623,2,0,2,0,15.283336427222222,APPROVE
SUBSTITUTED_RETURN_CLAIM,2283.57,True,1,0,449.89,576,2,0,1,0,1.1833335705555554,APPROVE
SUBSTITUTED_RETURN_CLAIM,1662.28,True,1,0,1706.0,967,3,3,0,0,7.000001381666666,APPROVE
SUBSTITUTED_RETURN_CLAIM,2240.14,False,0,0,2461.28,974,3,1,2,0,2.2166671072222224,REQUEST_EVIDENCE
SUBSTITUTED_RETURN_CLAIM,994.04,True,1,0,443.23,1288,2,0,1,1,5.433334408055556,APPROVE
SUBSTITUTED_RETURN_CLAIM,3799.06,False,0,0,1267.61,782,2,1,1,0,16.583336684722223,REQUEST_EVIDENCE
SHORTAGE_CLAIM,1530.02,False,0,1,96.92,616,0,0,0,0,999.0,REQUEST_EVIDENCE
SUBSTITUTED_RETURN_CLAIM,3106.0,True,1,1,402.6,1193,2,0,2,0,0.9333335188888889,APPROVE
WRONG_ITEM_CLAIM,1212.9,False,0,1,1539.71,289,4,1,3,0,5.766667806111111,REQUEST_EVIDENCE
WRONG_ITEM_CLAIM,2347.53,False,0,1,362.41,1313,0,0,0,0,999.0,REQUEST_EVIDENCE
SHORTAGE_CLAIM,2471.36,False,0,1,237.06,334,3,1,2,0,5.700001126944444,REQUEST_EVIDENCE
SUBSTITUTED_RETURN_CLAIM,689.51,False,0,2,2709.38,89,2,0,2,0,3.100000613333333,REQUEST_EVIDENCE
WRONG_ITEM_CLAIM,2309.49,False,0,0,2625.54,355,2,1,1,0,8.8833351125,REQUEST_EVIDENCE
SUBSTITUTED_RETURN_CLAIM,229.53,False,0,0,1367.35,973,0,0,0,0,999.0,REQUEST_EVIDENCE
WRONG_ITEM_CLAIM,1100.26,True,1,4,7591.04,828,1,0,0,1,11.3166689725,APPROVE
SUBSTITUTED_RETURN_CLAIM,2236.96,False,0,1,2698.77,1173,1,1,0,0,5.016667654444444,REQUEST_EVIDENCE
NON_DELIVERY_CLAIM,4016.96,False,0,0,1761.01,335,2,1,1,0,0.6333334583333333,REQUEST_EVIDENCE
WRONG_ITEM_CLAIM,4829.53,True,1,1,2836.1,281,0,0,0,0,999.0,APPROVE
SUBSTITUTED_RETURN_CLAIM,151.82,True,1,0,341.86,158,0,0,0,0,999.0,APPROVE
SUBSTITUTED_RETURN_CLAIM,2870.94,True,1,0,1868.09,894,0,0,0,0,999.0,APPROVE
SUBSTITUTED_RETURN_CLAIM,2669.11,True,1,2,594.8,835,2,1,0,1,8.6500017325,APPROVE
SHORTAGE_CLAIM,4341.42,False,0,1,1213.69,332,0,0,0,0,999.0,REQUEST_EVIDENCE
SUBSTITUTED_RETURN_CLAIM,1789.96,True,1,0,2390.3,1438,1,1,0,0,5.516667753888889,APPROVE
NON_DELIVERY_CLAIM,2050.55,False,0,4,3470.4,1125,1,1,0,0,14.1333361975,REQUEST_EVIDENCE
NON_DELIVERY_CLAIM,1960.14,False,0,0,1868.09,894,1,1,0,0,0.08333334972222223,REQUEST_EVIDENCE
SUBSTITUTED_RETURN_CLAIM,4921.58,True,1,0,849.89,169,3,2,1,0,2.9333339138888888,APPROVE
SUBSTITUTED_RETURN_CLAIM,4320.25,True,1,0,1605.3,651,1,0,1,0,10.700002144722223,APPROVE
SUBSTITUTED_RETURN_CLAIM,440.34,False,0,1,2521.92,1435,3,2,1,0,5.400001064444444,REQUEST_EVIDENCE
NON_DELIVERY_CLAIM,1243.64,False,0,0,1382.98,1352,1,0,0,1,23.716671422222223,REQUEST_EVIDENCE
WRONG_ITEM_CLAIM,681.08,True,1,0,2700.73,951,3,0,2,0,10.683335474444444,APPROVE
WRONG_ITEM_CLAIM,1562.21,True,1,1,2472.57,1145,0,0,0,0,999.0,APPROVE
NON_DELIVERY_CLAIM,2883.07,False,0,0,2413.01,685,1,0,1,0,19.300003882222224,REQUEST_EVIDENCE
NON_DELIVERY_CLAIM,2858.43,True,1,1,939.22,1161,1,0,1,0,15.266669754722223,APPROVE
SUBSTITUTED_RETURN_CLAIM,2460.13,False,0,0,2255.89,238,2,1,0,1,1.8166670272222223,REQUEST_EVIDENCE
WRONG_ITEM_CLAIM,5233.82,False,0,0,95.45,119,0,0,0,0,999.0,REQUEST_EVIDENCE
SUBSTITUTED_RETURN_CLAIM,6663.96,False,0,1,182.1,175,3,2,1,0,5.666667782777778,REQUEST_EVIDENCE
SUBSTITUTED_RETURN_CLAIM,5365.48,True,1,1,1445.22,1386,3,0,2,0,13.766669457777777,ESCALATE
SHORTAGE_CLAIM,1638.95,False,0,1,2967.82,857,4,3,1,0,2.316667126388889,REQUEST_EVIDENCE
SHORTAGE_CLAIM,3929.37,True,1,0,2625.54,355,3,1,2,0,0.43333341833333333,APPROVE
SUBSTITUTED_RETURN_CLAIM,5282.01,True,1,1,1946.54,731,1,0,1,0,0.7833334855555556,ESCALATE
NON_DELIVERY_CLAIM,2086.96,False,0,0,1117.31,43,1,1,0,0,19.250003871666667,REQUEST_EVIDENCE
WRONG_ITEM_CLAIM,765.33,True,1,0,1011.09,44,1,1,0,0,8.30000163611111,APPROVE
SUBSTITUTED_RETURN_CLAIM,614.19,False,0,2,432.23,1000,2,0,1,0,7.566668158611111,REQUEST_EVIDENCE
NON_DELIVERY_CLAIM,7779.68,True,1,0,2202.9,1172,1,1,0,0,3.90000077,ESCALATE
SHORTAGE_CLAIM,1621.17,True,1,1,189.3,1346,3,0,3,0,16.333336632777776,APPROVE
WRONG_ITEM_CLAIM,1187.38,True,1,0,570.4,130,0,0,0,0,999.0,APPROVE
WRONG_ITEM_CLAIM,2159.57,False,0,0,1438.47,889,1,0,1,0,11.700002369722222,REQUEST_EVIDENCE
NON_DELIVERY_CLAIM,125.9,True,1,0,816.4,580,0,0,0,0,999.0,APPROVE
SUBSTITUTED_RETURN_CLAIM,784.95,False,0,2,7640.85,706,3,1,2,0,7.6000014997222225,REQUEST_EVIDENCE
SUBSTITUTED_RETURN_CLAIM,1637.58,False,0,1,6845.74,1016,0,0,0,0,999.0,REQUEST_EVIDENCE
NON_DELIVERY_CLAIM,6893.52,True,1,0,1238.88,94,1,1,0,0,3.666667392777778,ESCALATE
WRONG_ITEM_CLAIM,4798.44,True,1,0,302.69,261,0,0,0,0,999.0,APPROVE
SHORTAGE_CLAIM,2276.08,True,1,0,1759.83,297,1,0,0,1,17.466670193055556,APPROVE
NON_DELIVERY_CLAIM,7296.01,True,1,0,1460.9,113,2,2,0,0,7.650001510277778,ESCALATE
SHORTAGE_CLAIM,2146.3,True,1,0,973.54,436,1,0,0,1,20.800004181111113,DENY
SUBSTITUTED_RETURN_CLAIM,7234.0,False,0,1,1341.2,805,1,0,0,1,11.5500023175,REQUEST_EVIDENCE
WRONG_ITEM_CLAIM,5675.13,True,1,0,1907.63,723,3,1,2,0,2.8833339075,ESCALATE
SHORTAGE_CLAIM,5868.36,False,0,0,2012.93,1079,1,1,0,0,7.066668063888889,DENY
NON_DELIVERY_CLAIM,2150.56,False,0,2,2311.1,300,1,1,0,0,22.7166712225,REQUEST_EVIDENCE
WRONG_ITEM_CLAIM,5634.64,False,0,1,1221.02,1025,3,3,0,0,11.966669096111112,REQUEST_EVIDENCE
SHORTAGE_CLAIM,5834.21,True,1,1,1650.48,344,2,1,1,0,19.366670565833335,ESCALATE
WRONG_ITEM_CLAIM,956.55,False,0,3,5188.05,1456,1,0,1,0,15.083336387777777,REQUEST_EVIDENCE
SHORTAGE_CLAIM,6807.21,True,1,0,973.54,436,2,0,0,1,0.13333335916666667,DENY
SUBSTITUTED_RETURN_CLAIM,128.98,False,0,4,6970.61,414,0,0,0,0,999.0,REQUEST_EVIDENCE
NON_DELIVERY_CLAIM,5118.03,False,0,0,1884.89,136,0,0,0,0,999.0,REQUEST_EVIDENCE
SUBSTITUTED_RETURN_CLAIM,3587.64,True,1,0,1540.06,1165,1,0,1,0,9.916668651111111,APPROVE
WRONG_ITEM_CLAIM,1922.32,False,0,0,244.22,139,4,1,3,0,2.4500004869444445,REQUEST_EVIDENCE
SUBSTITUTED_RETURN_CLAIM,4767.24,False,0,0,2701.37,1002,0,0,0,0,999.0,REQUEST_EVIDENCE
WRONG_ITEM_CLAIM,679.98,False,0,0,2428.44,1038,4,3,1,0,5.916667834166667,REQUEST_EVIDENCE
WRONG_ITEM_CLAIM,8261.12,False,0,1,2571.39,378,1,1,0,0,21.016670890555556,REQUEST_EVIDENCE
SUBSTITUTED_RETURN_CLAIM,2180.07,False,0,1,6091.98,1272,0,0,0,0,999.0,REQUEST_EVIDENCE
WRONG_ITEM_CLAIM,3876.07,False,0,1,1619.8,1160,2,2,0,0,17.50000353277778,REQUEST_EVIDENCE
SHORTAGE_CLAIM,1372.66,False,0,3,5911.44,1222,3,1,2,0,4.683334260555555,DENY
SHORTAGE_CLAIM,2123.76,False,0,1,2670.88,110,2,0,0,1,7.2000014227777775,REQUEST_EVIDENCE
WRONG_ITEM_CLAIM,2136.83,False,0,1,1954.65,508,0,0,0,0,999.0,REQUEST_EVIDENCE
NON_DELIVERY_CLAIM,2620.71,False,0,0,1260.19,1044,1,0,1,0,17.783336921388887,REQUEST_EVIDENCE
SUBSTITUTED_RETURN_CLAIM,3265.12,False,0,1,5658.33,815,0,0,0,0,999.0,REQUEST_EVIDENCE
NON_DELIVERY_CLAIM,4955.02,True,1,1,1649.99,1490,1,0,1,0,8.550001686666667,APPROVE
WRONG_ITEM_CLAIM,5279.21,True,1,1,828.74,997,4,0,4,0,7.750001529444445,ESCALATE
SHORTAGE_CLAIM,2853.57,True,1,3,3920.1,35,0,0,0,0,999.0,APPROVE
SUBSTITUTED_RETURN_CLAIM,1520.04,False,0,1,147.87,324,1,1,0,0,17.950003620833336,REQUEST_EVIDENCE
NON_DELIVERY_CLAIM,6230.95,False,0,0,1370.24,124,1,1,0,0,17.93333695,REQUEST_EVIDENCE
NON_DELIVERY_CLAIM,5294.28,False,0,1,1493.22,887,0,0,0,0,999.0,REQUEST_EVIDENCE
SUBSTITUTED_RETURN_CLAIM,2593.52,False,0,0,1879.39,512,4,2,0,2,10.450002089166667,REQUEST_EVIDENCE
SHORTAGE_CLAIM,4936.36,False,0,1,263.39,822,2,1,0,1,4.083334138888889,REQUEST_EVIDENCE
SUBSTITUTED_RETURN_CLAIM,1922.19,False,0,0,2033.09,613,1,0,1,0,16.633336692777778,REQUEST_EVIDENCE
SUBSTITUTED_RETURN_CLAIM,1702.01,True,1,0,2009.5,1133,3,1,2,0,14.63333629638889,APPROVE
WRONG_ITEM_CLAIM,6311.2,True,1,1,1563.34,205,0,0,0,0,999.0,ESCALATE
WRONG_ITEM_CLAIM,1510.47,False,0,1,1705.43,186,1,1,0,0,3.4666673541666664,REQUEST_EVIDENCE
NON_DELIVERY_CLAIM,958.02,True,1,2,2252.07,119,3,1,1,1,2.8666672338888888,APPROVE
WRONG_ITEM_CLAIM,373.36,False,0,0,942.71,297,1,1,0,0,14.533336274166667,REQUEST_EVIDENCE
SUBSTITUTED_RETURN_CLAIM,3211.0,True,1,0,2217.55,1422,3,1,2,0,14.033336176944445,APPROVE
SHORTAGE_CLAIM,5084.06,False,0,1,2836.1,281,1,1,0,0,1.2500002472222222,REQUEST_EVIDENCE
WRONG_ITEM_CLAIM,4724.72,False,0,0,835.7,465,3,0,2,1,2.350000465,REQUEST_EVIDENCE
SUBSTITUTED_RETURN_CLAIM,4450.1,False,0,2,943.51,207,2,0,1,0,21.083337565555556,REQUEST_EVIDENCE
WRONG_ITEM_CLAIM,767.29,True,1,2,1569.02,389,1,0,1,0,9.500001898611112,APPROVE
WRONG_ITEM_CLAIM,2362.43,True,1,1,1238.84,400,3,2,0,1,5.0500009975,APPROVE
SUBSTITUTED_RETURN_CLAIM,5771.27,True,1,0,928.4,1415,1,1,0,0,25.40000509472222,ESCALATE
WRONG_ITEM_CLAIM,5051.8,True,1,0,351.03,564,2,1,1,0,3.5500007036111114,ESCALATE
NON_DELIVERY_CLAIM,2895.44,False,0,0,599.0,1005,1,0,1,0,15.683336501944444,REQUEST_EVIDENCE
SUBSTITUTED_RETURN_CLAIM,1507.28,True,1,1,2778.13,1242,2,2,0,0,7.933334898055556,APPROVE
SUBSTITUTED_RETURN_CLAIM,1672.69,True,1,0,2703.23,212,0,0,0,0,999.0,APPROVE
WRONG_ITEM_CLAIM,162.89,True,1,0,2449.48,683,1,0,1,0,11.933335720833334,APPROVE
SUBSTITUTED_RETURN_CLAIM,7973.63,True,1,1,1728.05,1291,0,0,0,0,999.0,ESCALATE
NON_DELIVERY_CLAIM,188.36,False,0,0,2012.93,1079,2,1,0,0,0.7833334858333333,REQUEST_EVIDENCE
SUBSTITUTED_RETURN_CLAIM,926.27,True,1,0,1567.0,236,3,1,2,0,3.600000714166667,APPROVE
NON_DELIVERY_CLAIM,5734.78,True,1,0,2999.86,1012,2,1,1,0,2.716667203333333,ESCALATE
SUBSTITUTED_RETURN_CLAIM,6918.64,False,0,1,7746.51,356,0,0,0,0,999.0,REQUEST_EVIDENCE
NON_DELIVERY_CLAIM,3517.61,False,0,1,1649.9,1210,1,0,1,0,7.933334899444444,REQUEST_EVIDENCE
SUBSTITUTED_RETURN_CLAIM,4237.14,False,0,0,146.85,112,2,1,1,0,15.950003223333333,REQUEST_EVIDENCE
SHORTAGE_CLAIM,4480.54,False,0,1,828.74,997,5,0,4,1,0.5333334377777778,REQUEST_EVIDENCE
SUBSTITUTED_RETURN_CLAIM,2510.75,True,1,0,2689.85,1455,0,0,0,0,999.0,APPROVE
SUBSTITUTED_RETURN_CLAIM,2446.98,True,1,1,1598.16,1087,4,4,0,0,3.9666674508333335,APPROVE
SHORTAGE_CLAIM,508.0,True,1,0,1314.33,1353,1,0,1,0,18.73333710861111,DENY
NON_DELIVERY_CLAIM,2209.95,True,1,0,1281.34,1449,1,0,1,0,21.200004254444444,APPROVE
SHORTAGE_CLAIM,2550.83,False,0,1,4996.81,774,1,0,1,0,12.266669119444444,REQUEST_EVIDENCE
SUBSTITUTED_RETURN_CLAIM,421.42,True,1,1,236.78,412,1,1,0,0,8.366668316666667,APPROVE
WRONG_ITEM_CLAIM,3876.05,False,0,0,2257.68,521,1,0,1,0,9.383335183333333,REQUEST_EVIDENCE
WRONG_ITEM_CLAIM,5482.65,True,1,1,417.54,975,0,0,0,0,999.0,ESCALATE
WRONG_ITEM_CLAIM,1591.59,False,0,4,4864.35,963,3,0,2,0,5.500001085555555,REQUEST_EVIDENCE
NON_DELIVERY_CLAIM,5768.78,False,0,0,2448.84,940,2,1,1,0,19.683337290555556,REQUEST_EVIDENCE
SHORTAGE_CLAIM,1585.71,False,0,4,3427.47,972,0,0,0,0,999.0,REQUEST_EVIDENCE
NON_DELIVERY_CLAIM,2925.15,True,1,0,967.81,320,1,1,0,0,7.716668189444444,APPROVE
SHORTAGE_CLAIM,1076.65,False,0,1,1728.85,1442,4,0,3,0,3.2333339722222223,REQUEST_EVIDENCE
SHORTAGE_CLAIM,1788.31,False,0,2,296.06,58,0,0,0,0,999.0,REQUEST_EVIDENCE
SUBSTITUTED_RETURN_CLAIM,4229.99,True,1,1,2439.06,1131,2,0,1,0,8.383334985833333,APPROVE
NON_DELIVERY_CLAIM,2316.85,True,1,0,524.11,554,2,1,1,0,5.700001124722222,APPROVE
SUBSTITUTED_RETURN_CLAIM,480.09,True,1,2,296.06,58,1,0,1,0,0.050000009722222225,APPROVE
SHORTAGE_CLAIM,2338.9,True,1,0,219.59,697,1,0,1,0,19.41667057277778,APPROVE
SHORTAGE_CLAIM,1045.25,True,1,0,2127.09,1475,1,0,0,1,18.78333711638889,APPROVE
NON_DELIVERY_CLAIM,6377.66,True,1,2,1281.33,1208,3,1,2,0,8.483335005555556,ESCALATE
WRONG_ITEM_CLAIM,1824.05,True,1,0,1891.95,116,0,0,0,0,999.0,APPROVE
SHORTAGE_CLAIM,2177.93,False,0,0,432.47,1238,0,0,0,0,999.0,DENY
SUBSTITUTED_RETURN_CLAIM,5150.76,True,1,0,2814.27,1004,2,1,1,0,20.8833375275,ESCALATE
SHORTAGE_CLAIM,5352.88,False,0,1,359.64,525,0,0,0,0,999.0,REQUEST_EVIDENCE
SHORTAGE_CLAIM,604.54,False,0,2,594.8,835,3,2,0,1,1.916667043611111,REQUEST_EVIDENCE
SUBSTITUTED_RETURN_CLAIM,2092.95,False,0,1,147.87,324,2,1,1,0,0.9333335163888888,REQUEST_EVIDENCE
WRONG_ITEM_CLAIM,1793.01,False,0,0,1381.11,648,1,0,1,0,12.833335899722222,REQUEST_EVIDENCE
SHORTAGE_CLAIM,2212.99,True,1,1,1649.99,1490,2,1,1,0,1.0166668655555555,APPROVE
NON_DELIVERY_CLAIM,2842.48,True,1,1,2764.6,1017,2,0,1,1,3.800000752222222,APPROVE
SHORTAGE_CLAIM,2231.79,True,1,1,352.04,374,2,1,1,0,18.33333702777778,DENY
WRONG_ITEM_CLAIM,6088.25,False,0,0,1410.41,768,3,1,2,0,9.3500018425,REQUEST_EVIDENCE
SUBSTITUTED_RETURN_CLAIM,7390.4,True,1,0,36.57,144,0,0,0,0,999.0,ESCALATE
WRONG_ITEM_CLAIM,1615.69,False,0,0,2808.74,1261,2,0,2,0,2.850000561388889,REQUEST_EVIDENCE
NON_DELIVERY_CLAIM,7495.91,False,0,1,751.82,652,2,1,1,0,25.91667185722222,REQUEST_EVIDENCE
WRONG_ITEM_CLAIM,2454.07,False,0,0,1419.48,633,3,1,2,0,6.033334523611111,REQUEST_EVIDENCE
WRONG_ITEM_CLAIM,5346.69,True,1,0,1129.43,1261,1,1,0,0,2.48333382,ESCALATE
WRONG_ITEM_CLAIM,1605.43,False,0,2,1649.74,1130,1,0,1,0,17.616670217777777,REQUEST_EVIDENCE
SHORTAGE_CLAIM,5515.0,True,1,0,364.09,624,2,2,0,0,14.850003002222222,DENY
WRONG_ITEM_CLAIM,8292.47,False,0,2,1432.36,860,0,0,0,0,999.0,REQUEST_EVIDENCE
WRONG_ITEM_CLAIM,3034.51,True,1,0,2397.53,229,0,0,0,0,999.0,APPROVE
SHORTAGE_CLAIM,1776.58,True,1,1,1877.38,740,4,1,3,0,12.883335906944444,DENY
SUBSTITUTED_RETURN_CLAIM,2204.14,True,1,0,2908.72,367,2,1,1,0,12.43333581611111,APPROVE
WRONG_ITEM_CLAIM,2455.79,False,0,1,2292.48,481,1,0,1,0,16.916670079722223,REQUEST_EVIDENCE
WRONG_ITEM_CLAIM,4059.92,True,1,1,654.03,1258,0,0,0,0,999.0,APPROVE
SHORTAGE_CLAIM,3467.77,True,1,0,1554.89,1408,2,1,1,0,19.566670604444443,DENY
NON_DELIVERY_CLAIM,4677.57,True,1,0,1129.01,1137,1,1,0,0,23.5833380575,APPROVE
WRONG_ITEM_CLAIM,2819.64,False,0,4,4067.54,1449,0,0,0,0,999.0,REQUEST_EVIDENCE
SHORTAGE_CLAIM,1746.07,False,0,0,113.18,210,2,0,2,0,12.016669063611111,DENY
SUBSTITUTED_RETURN_CLAIM,2172.96,False,0,0,793.19,814,3,1,2,0,13.566669402222223,REQUEST_EVIDENCE
WRONG_ITEM_CLAIM,1874.91,False,0,0,341.86,158,1,1,0,0,2.3666671325,REQUEST_EVIDENCE
SUBSTITUTED_RETURN_CLAIM,990.25,False,0,0,1129.01,1137,2,2,0,0,0.08333334916666667,REQUEST_EVIDENCE
SHORTAGE_CLAIM,2474.16,False,0,0,2058.55,602,2,0,2,0,17.550003536111113,REQUEST_EVIDENCE
SHORTAGE_CLAIM,3506.25,True,1,1,897.31,490,0,0,0,0,999.0,APPROVE
SUBSTITUTED_RETURN_CLAIM,1839.34,False,0,0,460.47,1326,1,0,1,0,5.950001174444445,REQUEST_EVIDENCE
NON_DELIVERY_CLAIM,1132.35,True,1,1,789.95,125,2,1,1,0,6.033334523888889,APPROVE
SHORTAGE_CLAIM,5725.06,True,1,0,1747.11,1494,6,3,2,1,3.0000005894444444,ESCALATE
NON_DELIVERY_CLAIM,500.93,False,0,1,604.39,145,5,1,2,0,9.366668511666667,REQUEST_EVIDENCE
WRONG_ITEM_CLAIM,2975.57,True,1,0,2541.52,133,3,1,2,0,17.51667019638889,APPROVE
WRONG_ITEM_CLAIM,2255.28,True,1,0,113.89,1192,0,0,0,0,999.0,APPROVE
SHORTAGE_CLAIM,1563.5,False,0,1,3901.1,1094,1,0,1,0,25.233338384166665,REQUEST_EVIDENCE
SHORTAGE_CLAIM,3208.34,True,1,0,1568.13,958,0,0,0,0,999.0,APPROVE
WRONG_ITEM_CLAIM,985.25,False,0,0,504.4,1236,2,2,0,0,16.26666994861111,REQUEST_EVIDENCE
SUBSTITUTED_RETURN_CLAIM,1623.05,False,0,2,1410.03,388,3,2,0,1,5.600001104166666,REQUEST_EVIDENCE
WRONG_ITEM_CLAIM,1013.66,False,0,0,334.65,187,1,1,0,0,23.93333812638889,REQUEST_EVIDENCE
NON_DELIVERY_CLAIM,2466.28,False,0,0,297.25,1058,2,0,2,0,4.333334189166667,REQUEST_EVIDENCE
WRONG_ITEM_CLAIM,1546.17,True,1,0,2309.9,1081,0,0,0,0,999.0,APPROVE
SUBSTITUTED_RETURN_CLAIM,3268.79,True,1,1,417.04,186,2,1,1,0,9.516668541388889,APPROVE
WRONG_ITEM_CLAIM,3346.82,False,0,1,1630.5,299,0,0,0,0,999.0,REQUEST_EVIDENCE
WRONG_ITEM_CLAIM,1143.68,False,0,1,1975.22,316,1,1,0,0,20.416670768611112,REQUEST_EVIDENCE
WRONG_ITEM_CLAIM,1107.02,False,0,0,2999.86,1012,3,1,1,1,1.2333335741666667,REQUEST_EVIDENCE
SHORTAGE_CLAIM,2132.96,True,1,0,243.19,1425,1,0,1,0,7.716668186666666,APPROVE
SUBSTITUTED_RETURN_CLAIM,1758.89,True,1,3,3920.1,35,1,1,0,0,1.716667003611111,APPROVE
WRONG_ITEM_CLAIM,821.15,True,1,1,1559.85,813,2,0,1,1,5.333334386111111,APPROVE
NON_DELIVERY_CLAIM,5173.17,False,0,4,5153.5,505,3,1,1,1,3.816667419722222,REQUEST_EVIDENCE
NON_DELIVERY_CLAIM,5821.89,False,0,0,1185.43,766,2,0,1,0,11.083335542222223,REQUEST_EVIDENCE
SHORTAGE_CLAIM,357.2,True,1,1,2629.18,188,1,0,0,0,20.833337516944443,APPROVE
SHORTAGE_CLAIM,2409.25,True,1,0,2318.54,332,3,3,0,0,3.3000006475,APPROVE
NON_DELIVERY_CLAIM,579.94,False,0,0,2168.65,538,1,0,1,0,24.28333819583333,REQUEST_EVIDENCE
SHORTAGE_CLAIM,3420.57,True,1,0,354.92,559,2,2,0,0,11.183335563333332,APPROVE
SHORTAGE_CLAIM,3074.21,True,1,0,1476.17,558,2,1,0,1,4.383334198611111,DENY
SHORTAGE_CLAIM,803.21,True,1,2,7632.14,989,0,0,0,0,999.0,APPROVE
SUBSTITUTED_RETURN_CLAIM,2164.57,True,1,0,2703.82,918,3,1,1,1,4.033334128333333,APPROVE
WRONG_ITEM_CLAIM,2226.64,True,1,2,1826.62,1154,2,1,1,0,12.716669200277778,APPROVE
NON_DELIVERY_CLAIM,2965.35,True,1,0,1973.49,493,3,0,2,0,5.8333344825,APPROVE
WRONG_ITEM_CLAIM,6319.92,True,1,1,2469.59,928,0,0,0,0,999.0,ESCALATE
NON_DELIVERY_CLAIM,5857.24,False,0,1,1877.38,740,5,1,3,0,0.7500001475,REQUEST_EVIDENCE
SHORTAGE_CLAIM,1906.51,True,1,0,2625.54,355,4,2,2,0,2.650000521388889,APPROVE
SHORTAGE_CLAIM,3676.77,False,0,1,1714.11,445,2,2,0,0,7.816668204444444,DENY
SHORTAGE_CLAIM,1039.71,True,1,0,2021.02,706,1,0,1,0,19.16667052472222,APPROVE
SUBSTITUTED_RETURN_CLAIM,970.42,False,0,0,2808.74,1261,3,0,3,0,0.9500001863888888,REQUEST_EVIDENCE
SHORTAGE_CLAIM,1663.78,False,0,0,1650.72,791,0,0,0,0,999.0,REQUEST_EVIDENCE
SUBSTITUTED_RETURN_CLAIM,4629.41,False,0,0,1735.03,565,1,0,1,0,16.216669938888888,REQUEST_EVIDENCE
SUBSTITUTED_RETURN_CLAIM,2976.43,False,0,1,1705.43,186,2,1,1,0,1.9166670424999999,REQUEST_EVIDENCE
NON_DELIVERY_CLAIM,3458.95,False,0,1,5324.85,503,2,2,0,0,21.300004276388886,REQUEST_EVIDENCE
SUBSTITUTED_RETURN_CLAIM,3880.15,False,0,0,351.03,564,3,1,1,1,1.7833336841666667,REQUEST_EVIDENCE
SHORTAGE_CLAIM,1799.18,True,1,1,278.85,49,2,1,1,0,8.283334964166666,DENY
SHORTAGE_CLAIM,494.03,True,1,0,1382.98,1352,2,0,1,1,2.983333919722222,DENY
SHORTAGE_CLAIM,3356.23,True,1,4,3057.04,1284,1,0,1,0,25.666671801388887,APPROVE
SHORTAGE_CLAIM,2541.95,True,1,0,1242.55,1295,2,0,1,0,3.5000006886111112,DENY
SHORTAGE_CLAIM,2390.2,False,0,0,1899.72,471,1,0,1,0,26.866672041944444,REQUEST_EVIDENCE
SHORTAGE_CLAIM,1525.37,False,0,0,1537.93,1239,2,0,2,0,3.6833340572222224,REQUEST_EVIDENCE
WRONG_ITEM_CLAIM,5226.77,True,1,0,297.25,1058,3,0,3,0,0.6166667894444444,ESCALATE
NON_DELIVERY_CLAIM,1756.81,True,1,1,5603.62,1156,1,1,0,0,23.716671419166666,APPROVE
SUBSTITUTED_RETURN_CLAIM,3390.72,True,1,1,2602.43,333,1,0,0,1,10.516668740555556,APPROVE
SUBSTITUTED_RETURN_CLAIM,4580.38,True,1,1,2470.02,295,1,1,0,0,8.70000171388889,APPROVE
WRONG_ITEM_CLAIM,1028.88,False,0,2,1410.03,388,4,2,1,1,0.7166668094444444,REQUEST_EVIDENCE
SUBSTITUTED_RETURN_CLAIM,2401.0,False,0,0,895.5,1424,0,0,0,0,999.0,REQUEST_EVIDENCE
SUBSTITUTED_RETURN_CLAIM,1618.79,True,1,1,321.97,468,0,0,0,0,999.0,APPROVE
WRONG_ITEM_CLAIM,970.02,True,1,1,2759.07,1122,1,1,0,0,16.1833366,APPROVE
SUBSTITUTED_RETURN_CLAIM,4670.8,False,0,0,471.02,1178,2,1,0,0,12.183335764166667,REQUEST_EVIDENCE
WRONG_ITEM_CLAIM,3967.64,False,0,2,3147.56,233,1,1,0,0,7.5500014888888884,REQUEST_EVIDENCE
WRONG_ITEM_CLAIM,3423.72,True,1,2,2940.14,918,0,0,0,0,999.0,APPROVE
SUBSTITUTED_RETURN_CLAIM,4357.58,True,1,1,1113.59,190,0,0,0,0,999.0,APPROVE
WRONG_ITEM_CLAIM,381.57,False,0,0,1540.06,1165,2,1,1,0,2.6500005197222225,REQUEST_EVIDENCE
SHORTAGE_CLAIM,2339.77,False,0,0,2747.56,102,1,0,1,0,17.96667028638889,REQUEST_EVIDENCE
WRONG_ITEM_CLAIM,4621.86,False,0,1,321.97,468,1,1,0,0,0.1333333588888889,REQUEST_EVIDENCE
WRONG_ITEM_CLAIM,2022.34,False,0,1,654.03,1258,1,1,0,0,1.2166669058333335,REQUEST_EVIDENCE
WRONG_ITEM_CLAIM,3915.45,False,0,2,7120.96,933,3,0,2,0,14.250002843055556,REQUEST_EVIDENCE
SUBSTITUTED_RETURN_CLAIM,3120.69,False,0,4,3057.04,1284,2,1,1,0,0.3500000688888889,REQUEST_EVIDENCE
SUBSTITUTED_RETURN_CLAIM,2605.3,False,0,0,206.29,871,1,1,0,0,27.100005420833334,REQUEST_EVIDENCE
SUBSTITUTED_RETURN_CLAIM,2899.09,True,1,1,2977.46,1202,2,1,0,1,12.70000253138889,APPROVE
NON_DELIVERY_CLAIM,1419.31,True,1,0,36.57,144,1,0,0,1,1.5000002966666666,APPROVE
SUBSTITUTED_RETURN_CLAIM,4040.48,False,0,0,2112.42,282,3,1,2,0,5.666667786944445,REQUEST_EVIDENCE
SHORTAGE_CLAIM,3336.11,True,1,2,7501.36,1447,2,2,0,0,18.166670326666665,APPROVE
SUBSTITUTED_RETURN_CLAIM,794.88,False,0,0,1269.12,269,0,0,0,0,999.0,REQUEST_EVIDENCE
NON_DELIVERY_CLAIM,5585.69,True,1,0,1181.15,292,1,1,0,0,22.450004503611108,ESCALATE
SHORTAGE_CLAIM,6180.04,False,0,1,751.82,652,3,1,2,0,1.5500003069444446,DENY
NON_DELIVERY_CLAIM,2864.93,True,1,0,2102.18,1434,1,0,1,0,11.850002361666666,APPROVE
WRONG_ITEM_CLAIM,2249.54,False,0,0,2351.4,647,0,0,0,0,999.0,REQUEST_EVIDENCE
SHORTAGE_CLAIM,1492.17,False,0,0,1238.88,94,2,1,0,1,3.166667288611111,REQUEST_EVIDENCE
SUBSTITUTED_RETURN_CLAIM,297.23,True,1,0,586.64,643,1,0,0,0,10.350002040555555,APPROVE
SUBSTITUTED_RETURN_CLAIM,3399.33,False,0,1,147.87,324,3,1,2,0,1.7666670144444445,REQUEST_EVIDENCE
WRONG_ITEM_CLAIM,6176.59,True,1,1,1539.71,289,5,1,4,0,3.9166674375,ESCALATE
NON_DELIVERY_CLAIM,1948.48,False,0,0,1849.05,949,1,0,1,0,23.00000461,REQUEST_EVIDENCE
SHORTAGE_CLAIM,4332.07,False,0,0,1735.03,565,2,0,2,0,0.7166668080555555,REQUEST_EVIDENCE
NON_DELIVERY_CLAIM,2286.75,False,0,0,2608.42,1264,2,0,1,1,19.283337213333333,REQUEST_EVIDENCE
SUBSTITUTED_RETURN_CLAIM,2744.82,False,0,4,7591.04,828,2,1,0,1,3.883334097777778,REQUEST_EVIDENCE
SUBSTITUTED_RETURN_CLAIM,3064.77,True,1,0,2021.02,706,2,1,1,0,0.8166668275,APPROVE
WRONG_ITEM_CLAIM,1798.81,False,0,0,2814.27,1004,3,1,1,1,1.9333337127777779,REQUEST_EVIDENCE
SUBSTITUTED_RETURN_CLAIM,4066.78,True,1,0,2862.47,1034,2,1,0,0,7.850001547222223,APPROVE
WRONG_ITEM_CLAIM,2208.25,False,0,0,1250.32,1455,1,1,0,0,8.066668255555555,REQUEST_EVIDENCE
SHORTAGE_CLAIM,742.38,False,0,4,4988.53,1226,1,0,1,0,22.950004599166665,REQUEST_EVIDENCE
NON_DELIVERY_CLAIM,4188.7,False,0,0,886.67,1052,3,1,1,0,7.350001448611112,REQUEST_EVIDENCE
WRONG_ITEM_CLAIM,322.05,True,1,0,1615.24,142,1,1,0,0,23.083337958333335,APPROVE
NON_DELIVERY_CLAIM,1583.25,True,1,0,66.11,1138,1,0,1,0,9.766668593333332,APPROVE
SUBSTITUTED_RETURN_CLAIM,1499.66,False,0,1,789.65,291,0,0,0,0,999.0,REQUEST_EVIDENCE
NON_DELIVERY_CLAIM,2808.57,True,1,0,1096.77,717,1,1,0,0,11.983335695,APPROVE
SHORTAGE_CLAIM,2126.81,False,0,0,1588.25,1395,0,0,0,0,999.0,REQUEST_EVIDENCE
NON_DELIVERY_CLAIM,1246.9,True,1,1,789.65,291,1,0,1,0,0.050000009444444445,APPROVE
NON_DELIVERY_CLAIM,3255.01,True,1,1,2440.59,1441,0,0,0,0,999.0,APPROVE
WRONG_ITEM_CLAIM,6040.55,True,1,3,1830.43,803,2,0,1,1,11.950002354166667,ESCALATE
WRONG_ITEM_CLAIM,3010.56,False,0,1,189.3,1346,4,1,3,0,3.6333340480555556,REQUEST_EVIDENCE
WRONG_ITEM_CLAIM,1521.05,False,0,0,1346.53,40,1,1,0,0,8.433334995555555,REQUEST_EVIDENCE
SUBSTITUTED_RETURN_CLAIM,542.02,False,0,1,362.41,1313,1,0,1,0,4.250000836111111,REQUEST_EVIDENCE
WRONG_ITEM_CLAIM,5217.85,True,1,0,1015.1,929,2,1,1,0,24.53333824555556,ESCALATE
SHORTAGE_CLAIM,1019.0,True,1,1,1218.63,1289,2,2,0,0,16.00000322777778,APPROVE
SHORTAGE_CLAIM,747.68,False,0,2,2709.38,89,3,0,3,0,4.266667506388889,REQUEST_EVIDENCE
SHORTAGE_CLAIM,4792.33,False,0,0,2406.5,1011,2,0,0,1,6.783334670555556,DENY
SHORTAGE_CLAIM,3533.52,True,1,0,109.66,1102,0,0,0,0,999.0,APPROVE
NON_DELIVERY_CLAIM,1978.91,False,0,0,1260.19,1044,2,0,2,0,3.250000637222222,REQUEST_EVIDENCE
SHORTAGE_CLAIM,858.58,False,0,1,2089.06,889,1,0,1,0,14.15000281611111,DENY
SHORTAGE_CLAIM,2045.37,True,1,0,577.64,241,1,0,0,0,25.26667172138889,APPROVE
WRONG_ITEM_CLAIM,1210.71,True,1,1,402.6,1193,3,1,2,0,4.433334205,APPROVE
NON_DELIVERY_CLAIM,2234.93,True,1,3,2118.02,53,0,0,0,0,999.0,APPROVE
SUBSTITUTED_RETURN_CLAIM,1027.13,False,0,0,2542.0,1396,3,2,1,0,8.650001705555557,REQUEST_EVIDENCE
NON_DELIVERY_CLAIM,2834.52,False,0,1,1116.04,1351,2,1,1,0,9.000001771944444,REQUEST_EVIDENCE
SHORTAGE_CLAIM,718.0,True,1,4,6658.13,1181,3,0,3,0,9.100001791111112,APPROVE
WRONG_ITEM_CLAIM,5025.99,True,1,1,1842.87,1477,2,1,1,0,9.9166686225,ESCALATE
NON_DELIVERY_CLAIM,1428.36,True,1,1,242.88,1444,0,0,0,0,999.0,APPROVE
NON_DELIVERY_CLAIM,3870.32,False,0,0,2379.17,258,2,0,1,0,14.683336259166667,REQUEST_EVIDENCE
WRONG_ITEM_CLAIM,1198.16,True,1,0,1556.83,296,3,0,1,0,10.483335399722222,APPROVE
SUBSTITUTED_RETURN_CLAIM,654.5,True,1,0,939.81,724,3,2,1,0,6.166667884444444,APPROVE
WRONG_ITEM_CLAIM,1326.35,False,0,0,1609.25,1130,1,0,1,0,6.550001292777778,REQUEST_EVIDENCE
NON_DELIVERY_CLAIM,1837.91,True,1,2,7501.36,1447,3,3,0,0,0.8333334952777778,APPROVE
NON_DELIVERY_CLAIM,2593.58,False,0,0,2537.9,338,0,0,0,0,999.0,REQUEST_EVIDENCE
SUBSTITUTED_RETURN_CLAIM,2311.42,False,0,0,2716.88,1251,1,1,0,0,20.283337409166666,REQUEST_EVIDENCE
SUBSTITUTED_RETURN_CLAIM,3446.92,False,0,0,2012.93,1079,3,1,1,0,3.050000598611111,REQUEST_EVIDENCE
WRONG_ITEM_CLAIM,1501.78,False,0,0,2147.01,261,1,0,0,0,26.516671967222223,REQUEST_EVIDENCE
SUBSTITUTED_RETURN_CLAIM,1700.98,False,0,1,96.92,616,1,0,1,0,4.716667593055556,REQUEST_EVIDENCE
NON_DELIVERY_CLAIM,4115.91,False,0,0,1758.48,1387,0,0,0,0,999.0,REQUEST_EVIDENCE
SUBSTITUTED_RETURN_CLAIM,4367.79,False,0,0,852.3,428,1,0,0,1,16.68333669472222,REQUEST_EVIDENCE
SHORTAGE_CLAIM,3867.62,False,0,1,2089.06,889,2,0,1,0,0.35000006944444445,DENY
NON_DELIVERY_CLAIM,3536.87,False,0,0,111.01,86,0,0,0,0,999.0,REQUEST_EVIDENCE
SHORTAGE_CLAIM,3904.27,False,0,1,2298.85,1107,1,0,1,0,22.950004600277776,DENY
SHORTAGE_CLAIM,3508.05,True,1,2,1569.02,389,2,1,1,0,3.333333988333333,APPROVE
SUBSTITUTED_RETURN_CLAIM,964.67,True,1,0,1085.35,477,0,0,0,0,999.0,APPROVE
NON_DELIVERY_CLAIM,5170.64,False,0,0,2049.67,1299,2,2,0,0,7.533334816666667,REQUEST_EVIDENCE
WRONG_ITEM_CLAIM,4417.67,False,0,0,993.28,1018,2,2,0,0,12.316669093611111,REQUEST_EVIDENCE
WRONG_ITEM_CLAIM,1093.13,True,1,0,2777.03,590,1,0,1,0,10.45000206138889,APPROVE
NON_DELIVERY_CLAIM,3897.48,False,0,0,2563.05,1495,1,0,0,1,28.600005719444443,REQUEST_EVIDENCE
NON_DELIVERY_CLAIM,2655.36,False,0,0,2309.9,1081,1,1,0,0,2.083333743611111,REQUEST_EVIDENCE
SUBSTITUTED_RETURN_CLAIM,513.24,True,1,0,1431.36,1409,1,1,0,0,5.516667751944444,APPROVE
SUBSTITUTED_RETURN_CLAIM,5047.38,True,1,1,2067.93,1190,1,1,0,0,13.450002677222223,ESCALATE
WRONG_ITEM_CLAIM,4036.36,True,1,0,1623.43,668,2,0,1,0,5.583334431388889,APPROVE
SHORTAGE_CLAIM,404.63,True,1,0,2893.72,1363,0,0,0,0,999.0,APPROVE
NON_DELIVERY_CLAIM,3261.28,False,0,1,1939.02,543,2,2,0,0,5.383334391388889,REQUEST_EVIDENCE
SHORTAGE_CLAIM,1687.74,False,0,0,715.72,1294,5,3,2,0,16.333336624444446,REQUEST_EVIDENCE
WRONG_ITEM_CLAIM,1465.92,False,0,1,1213.69,332,1,0,1,0,4.783334272499999,REQUEST_EVIDENCE
SHORTAGE_CLAIM,1641.44,True,1,1,1424.61,837,1,1,0,0,22.81667123916667,APPROVE
NON_DELIVERY_CLAIM,3953.97,True,1,1,610.67,1141,1,1,0,0,20.166670719722223,APPROVE
NON_DELIVERY_CLAIM,2892.03,False,0,0,1868.09,894,2,1,1,0,4.783334271944445,REQUEST_EVIDENCE
SHORTAGE_CLAIM,2755.91,False,0,0,2102.18,1434,2,1,1,0,1.2333335730555557,REQUEST_EVIDENCE
SUBSTITUTED_RETURN_CLAIM,5627.64,False,0,0,1272.93,619,1,0,1,0,20.166670720555555,REQUEST_EVIDENCE
WRONG_ITEM_CLAIM,1271.53,False,0,0,1162.58,266,2,2,0,0,7.500001478333334,REQUEST_EVIDENCE
WRONG_ITEM_CLAIM,2577.57,False,0,0,1211.98,1085,0,0,0,0,999.0,REQUEST_EVIDENCE
WRONG_ITEM_CLAIM,3062.31,True,1,0,2662.74,46,3,1,2,0,6.8666680216666665,APPROVE
WRONG_ITEM_CLAIM,1316.51,True,1,3,4839.82,379,0,0,0,0,999.0,APPROVE
WRONG_ITEM_CLAIM,2008.97,False,0,1,730.71,217,1,0,1,0,13.850002756944445,REQUEST_EVIDENCE
SUBSTITUTED_RETURN_CLAIM,4043.16,False,0,0,2141.3,1469,2,0,2,0,17.23333680416667,REQUEST_EVIDENCE
SHORTAGE_CLAIM,5302.55,True,1,0,2317.12,50,0,0,0,0,999.0,DENY
WRONG_ITEM_CLAIM,589.05,True,1,1,960.7,661,1,0,1,0,22.46667117361111,APPROVE
SHORTAGE_CLAIM,2868.03,True,1,0,2556.58,1498,1,1,0,0,12.016669032777779,APPROVE
NON_DELIVERY_CLAIM,1120.3,False,0,0,608.14,834,2,1,1,0,8.716668385277778,REQUEST_EVIDENCE
SUBSTITUTED_RETURN_CLAIM,1881.01,True,1,0,27.57,684,1,0,1,0,11.36666890638889,APPROVE
WRONG_ITEM_CLAIM,4832.9,True,1,1,1437.06,272,0,0,0,0,999.0,APPROVE
SUBSTITUTED_RETURN_CLAIM,4373.73,False,0,0,1526.21,820,0,0,0,0,999.0,REQUEST_EVIDENCE
WRONG_ITEM_CLAIM,166.08,False,0,4,2683.58,1062,1,0,1,0,17.5333368625,REQUEST_EVIDENCE
WRONG_ITEM_CLAIM,3194.31,False,0,0,1162.58,266,3,2,1,0,0.23333337861111111,REQUEST_EVIDENCE
SUBSTITUTED_RETURN_CLAIM,1809.8,True,1,1,2028.7,1373,1,1,0,0,19.78333730916667,APPROVE
SHORTAGE_CLAIM,983.34,False,0,0,1615.24,142,2,2,0,0,1.2666669155555554,REQUEST_EVIDENCE
SUBSTITUTED_RETURN_CLAIM,3795.44,False,0,0,330.71,411,1,0,1,0,25.00000500111111,REQUEST_EVIDENCE
SUBSTITUTED_RETURN_CLAIM,1826.53,True,1,1,2521.92,1435,4,2,2,0,5.083334331111112,APPROVE
SUBSTITUTED_RETURN_CLAIM,1164.9,True,1,0,1881.49,123,0,0,0,0,999.0,APPROVE
WRONG_ITEM_CLAIM,1928.4,True,1,0,2168.65,538,2,0,2,0,2.433333810833333,APPROVE
SUBSTITUTED_RETURN_CLAIM,5767.1,False,0,0,62.57,189,1,0,1,0,28.01667226416667,REQUEST_EVIDENCE
SUBSTITUTED_RETURN_CLAIM,1752.07,False,0,1,2637.72,942,4,0,3,1,16.700003363611113,REQUEST_EVIDENCE
SHORTAGE_CLAIM,1905.07,True,1,4,1372.8,925,2,0,2,0,6.333334579722222,APPROVE
SUBSTITUTED_RETURN_CLAIM,7231.82,True,1,0,219.59,697,2,1,1,0,3.5000006872222222,ESCALATE
SHORTAGE_CLAIM,5051.74,True,1,1,2067.93,1190,2,1,0,1,0.6000001166666666,DENY
NON_DELIVERY_CLAIM,4054.6,False,0,0,764.99,978,1,1,0,0,20.48333744583333,REQUEST_EVIDENCE
NON_DELIVERY_CLAIM,3608.41,False,0,2,5815.51,1211,0,0,0,0,999.0,REQUEST_EVIDENCE
WRONG_ITEM_CLAIM,3641.35,False,0,1,2745.35,1213,4,1,3,0,6.666667979444444,REQUEST_EVIDENCE
NON_DELIVERY_CLAIM,391.65,True,1,0,113.18,210,3,0,2,0,3.0833339391666668,APPROVE
SUBSTITUTED_RETURN_CLAIM,1613.61,True,1,1,5658.33,815,1,0,1,0,4.466667543333333,APPROVE
SHORTAGE_CLAIM,7285.02,False,0,0,1201.75,316,2,1,1,0,19.700003958055557,REQUEST_EVIDENCE
SHORTAGE_CLAIM,1171.25,False,0,0,780.02,1457,2,0,1,0,9.16666847361111,DENY
WRONG_ITEM_CLAIM,2843.27,True,1,1,1677.34,1230,0,0,0,0,999.0,APPROVE
SHORTAGE_CLAIM,2313.78,False,0,0,341.86,158,2,1,1,0,3.1333339494444443,REQUEST_EVIDENCE
SHORTAGE_CLAIM,1509.0,True,1,0,1474.86,1003,0,0,0,0,999.0,DENY
NON_DELIVERY_CLAIM,2328.19,True,1,1,1194.39,1018,4,1,3,0,6.38333459,APPROVE
SHORTAGE_CLAIM,3623.53,True,1,1,1630.5,299,1,0,1,0,2.883333901388889,DENY
WRONG_ITEM_CLAIM,870.56,True,1,0,288.94,592,1,1,0,0,19.416670568055558,APPROVE
NON_DELIVERY_CLAIM,485.53,False,0,1,1714.11,445,3,2,0,0,2.5833338425,REQUEST_EVIDENCE
SHORTAGE_CLAIM,1681.71,True,1,0,1259.48,1276,2,1,1,0,11.033335505277778,APPROVE
SHORTAGE_CLAIM,6102.62,False,0,1,643.71,411,1,0,0,1,18.216670332777777,DENY
SUBSTITUTED_RETURN_CLAIM,3317.04,True,1,1,4261.31,756,2,1,0,1,6.950001369166666,APPROVE
SHORTAGE_CLAIM,2430.97,False,0,2,7632.14,989,1,1,0,0,2.766667211388889,DENY
SUBSTITUTED_RETURN_CLAIM,1762.03,True,1,0,1065.42,998,3,3,0,0,9.66666857138889,APPROVE
NON_DELIVERY_CLAIM,674.04,True,1,0,83.93,112,2,1,1,0,6.683334649722222,APPROVE
WRONG_ITEM_CLAIM,4510.92,True,1,0,1782.13,980,0,0,0,0,999.0,APPROVE
SHORTAGE_CLAIM,2628.47,True,1,1,2820.88,58,0,0,0,0,999.0,APPROVE
SUBSTITUTED_RETURN_CLAIM,3332.78,True,1,1,303.87,256,1,1,0,0,12.450002455277778,APPROVE
SUBSTITUTED_RETURN_CLAIM,4026.53,True,1,0,586.64,643,2,1,0,0,2.0333337344444447,APPROVE
WRONG_ITEM_CLAIM,3485.81,False,0,0,1966.77,708,2,1,1,0,9.800001933055555,REQUEST_EVIDENCE
SHORTAGE_CLAIM,1609.88,True,1,3,2756.82,1053,1,0,1,0,25.300005063055554,APPROVE
WRONG_ITEM_CLAIM,1703.76,False,0,1,1576.43,1072,1,1,0,0,18.350003694166666,REQUEST_EVIDENCE
SHORTAGE_CLAIM,1270.81,False,0,0,2595.2,1207,1,1,0,0,20.13333737888889,REQUEST_EVIDENCE
SHORTAGE_CLAIM,2049.76,True,1,4,3470.4,1125,2,1,1,0,5.750001131944445,APPROVE
WRONG_ITEM_CLAIM,591.63,False,0,1,2139.33,798,2,0,1,0,18.200003663055554,REQUEST_EVIDENCE
NON_DELIVERY_CLAIM,1447.33,False,0,0,611.2,1023,0,0,0,0,999.0,REQUEST_EVIDENCE
SHORTAGE_CLAIM,2349.73,False,0,0,2693.8,1135,2,1,1,0,21.933337735833334,REQUEST_EVIDENCE
NON_DELIVERY_CLAIM,2394.6,False,0,0,364.09,624,3,2,0,0,3.7333340705555553,REQUEST_EVIDENCE
NON_DELIVERY_CLAIM,2438.4,True,1,1,2629.18,188,2,1,0,0,3.1166672813888887,APPROVE
SUBSTITUTED_RETURN_CLAIM,1394.13,False,0,0,1513.26,277,2,1,0,0,10.616668758055557,REQUEST_EVIDENCE
SUBSTITUTED_RETURN_CLAIM,2133.55,True,1,0,2536.55,1403,1,1,0,0,16.533336626388888,APPROVE
WRONG_ITEM_CLAIM,1510.14,False,0,0,2808.74,1261,4,0,4,0,2.9333339125,REQUEST_EVIDENCE
SHORTAGE_CLAIM,1301.65,True,1,1,355.79,935,2,1,0,0,23.333338012777777,APPROVE
WRONG_ITEM_CLAIM,6709.45,False,0,0,2477.12,848,1,1,0,0,14.066669464444443,REQUEST_EVIDENCE
SHORTAGE_CLAIM,317.78,False,0,0,586.64,643,3,2,0,0,0.2666667177777778,DENY
SHORTAGE_CLAIM,1320.59,False,0,0,1371.96,93,1,0,1,0,13.816669389444444,REQUEST_EVIDENCE
WRONG_ITEM_CLAIM,1773.67,False,0,1,2440.59,1441,1,1,0,0,2.0166670641666666,REQUEST_EVIDENCE
NON_DELIVERY_CLAIM,2862.5,True,1,1,2863.67,99,2,0,1,0,24.216671516944444,APPROVE
SUBSTITUTED_RETURN_CLAIM,7157.62,False,0,0,435.46,259,1,0,1,0,26.416671950555553,REQUEST_EVIDENCE
WRONG_ITEM_CLAIM,2461.87,False,0,0,2413.01,685,2,0,2,0,5.883334491388889,REQUEST_EVIDENCE
WRONG_ITEM_CLAIM,2138.71,True,1,0,849.89,169,4,3,1,0,6.000001180277778,APPROVE
SUBSTITUTED_RETURN_CLAIM,1862.7,True,1,3,2659.97,1410,2,2,0,0,19.033337159722223,APPROVE
SUBSTITUTED_RETURN_CLAIM,5742.15,True,1,2,1391.28,215,1,0,1,0,27.95000558388889,ESCALATE
SHORTAGE_CLAIM,3699.7,False,0,0,1526.21,820,1,0,1,0,1.0333335380555555,REQUEST_EVIDENCE
NON_DELIVERY_CLAIM,821.91,True,1,0,2141.3,1469,3,0,3,0,1.1666668969444443,APPROVE
SHORTAGE_CLAIM,2572.88,True,1,0,2721.73,1144,1,1,0,0,16.683336654166666,APPROVE
NON_DELIVERY_CLAIM,4782.08,True,1,1,4440.31,1475,1,0,1,0,23.33333801472222,APPROVE
NON_DELIVERY_CLAIM,147.2,False,0,3,4119.67,1296,2,0,0,1,16.183336552222222,REQUEST_EVIDENCE
WRONG_ITEM_CLAIM,694.12,True,1,0,399.61,624,2,0,2,0,10.083335322222222,APPROVE
SHORTAGE_CLAIM,6228.65,False,0,0,2165.02,448,1,1,0,0,29.500005892777775,REQUEST_EVIDENCE
SHORTAGE_CLAIM,1291.68,False,0,2,2248.0,883,2,0,1,0,20.98333754777778,REQUEST_EVIDENCE
SUBSTITUTED_RETURN_CLAIM,6402.7,True,1,0,380.46,376,3,1,2,0,10.150002001944445,ESCALATE
SHORTAGE_CLAIM,5842.98,True,1,1,417.54,975,1,0,0,1,4.650000916111111,ESCALATE
SHORTAGE_CLAIM,2618.84,True,1,1,1724.72,1223,1,1,0,0,16.850003355277778,APPROVE
WRONG_ITEM_CLAIM,294.41,False,0,0,2819.73,107,0,0,0,0,999.0,REQUEST_EVIDENCE
SHORTAGE_CLAIM,5209.84,True,1,0,36.57,144,2,1,0,1,2.800000550277778,ESCALATE
SHORTAGE_CLAIM,2144.78,False,0,4,5309.57,1456,1,0,0,1,12.633335824166666,REQUEST_EVIDENCE
SUBSTITUTED_RETURN_CLAIM,1774.67,True,1,0,2049.67,1299,3,2,1,0,1.7500003458333335,APPROVE
NON_DELIVERY_CLAIM,1204.84,True,1,0,1806.06,369,0,0,0,0,999.0,APPROVE
SUBSTITUTED_RETURN_CLAIM,4231.07,False,0,1,3901.1,1094,2,0,2,0,3.90000077,REQUEST_EVIDENCE
SHORTAGE_CLAIM,588.74,True,1,3,3287.03,662,2,0,2,0,9.55000188361111,APPROVE
SUBSTITUTED_RETURN_CLAIM,4489.43,False,0,0,2067.07,653,2,1,0,0,22.650004545833333,REQUEST_EVIDENCE
SHORTAGE_CLAIM,1141.9,False,0,0,780.67,1333,2,2,0,0,16.200003221666666,REQUEST_EVIDENCE
NON_DELIVERY_CLAIM,616.44,True,1,1,1554.31,1159,1,0,1,0,7.233334759444444,APPROVE
WRONG_ITEM_CLAIM,3249.64,False,0,0,2974.59,825,0,0,0,0,999.0,REQUEST_EVIDENCE
WRONG_ITEM_CLAIM,1880.09,True,1,0,2971.85,1093,1,1,0,0,27.450005488333332,APPROVE
SHORTAGE_CLAIM,3335.68,True,1,1,2934.07,678,2,2,0,0,16.58333663361111,APPROVE
NON_DELIVERY_CLAIM,2272.64,True,1,0,2379.17,258,3,0,2,0,2.2000004363888888,APPROVE
NON_DELIVERY_CLAIM,2211.38,True,1,1,1193.15,35,1,1,0,0,19.96667068111111,APPROVE
WRONG_ITEM_CLAIM,468.21,True,1,0,2056.53,1166,3,2,1,0,12.616669157222223,APPROVE
SHORTAGE_CLAIM,3595.55,True,1,0,2111.01,622,1,1,0,0,6.9833347097222225,APPROVE
SHORTAGE_CLAIM,1708.66,True,1,0,319.65,198,2,1,1,0,16.650003313055556,APPROVE
SUBSTITUTED_RETURN_CLAIM,2456.58,False,0,0,501.14,257,2,1,1,0,26.933338721111113,REQUEST_EVIDENCE
WRONG_ITEM_CLAIM,1863.34,True,1,0,628.58,212,0,0,0,0,999.0,APPROVE
WRONG_ITEM_CLAIM,3583.19,True,1,1,2637.72,942,5,0,4,1,1.38333361,APPROVE
NON_DELIVERY_CLAIM,4762.63,False,0,0,2309.9,1081,2,1,1,0,1.9833337272222222,REQUEST_EVIDENCE
SHORTAGE_CLAIM,4190.82,True,1,0,1915.56,691,4,3,1,0,11.516668936111111,APPROVE
SHORTAGE_CLAIM,1984.32,True,1,1,2139.33,798,3,0,2,0,0.8833335083333334,DENY
SHORTAGE_CLAIM,273.41,True,1,1,1477.27,1327,1,0,1,0,29.01667246277778,APPROVE
SUBSTITUTED_RETURN_CLAIM,3052.01,True,1,0,1269.12,269,1,0,1,0,3.1500006205555553,APPROVE
NON_DELIVERY_CLAIM,1584.99,True,1,0,1973.49,493,4,1,2,0,3.8500007605555555,APPROVE
WRONG_ITEM_CLAIM,1689.45,False,0,4,2786.15,609,1,1,0,0,21.41667096777778,REQUEST_EVIDENCE
SUBSTITUTED_RETURN_CLAIM,516.42,False,0,0,529.85,1355,1,1,0,0,9.566668553888888,REQUEST_EVIDENCE
SHORTAGE_CLAIM,4654.44,False,0,0,1423.84,898,3,0,3,0,7.700001519722222,REQUEST_EVIDENCE
WRONG_ITEM_CLAIM,2707.45,True,1,1,708.59,387,0,0,0,0,999.0,APPROVE
SUBSTITUTED_RETURN_CLAIM,5361.77,True,1,1,1193.15,35,2,2,0,0,0.2833333880555555,ESCALATE
WRONG_ITEM_CLAIM,3957.1,True,1,0,68.24,1301,3,1,1,0,7.53333481861111,APPROVE
SHORTAGE_CLAIM,1006.89,True,1,0,2670.74,834,0,0,0,0,999.0,APPROVE
WRONG_ITEM_CLAIM,1532.97,False,0,1,1705.43,186,3,1,2,0,3.83333409,REQUEST_EVIDENCE
NON_DELIVERY_CLAIM,1282.69,False,0,0,2608.42,1264,3,0,2,1,3.1333339519444445,REQUEST_EVIDENCE
SUBSTITUTED_RETURN_CLAIM,1520.83,True,1,1,321.97,468,2,1,1,0,3.48333402,APPROVE
WRONG_ITEM_CLAIM,989.96,True,1,1,1123.93,1255,2,1,0,0,7.6666681783333335,APPROVE
SUBSTITUTED_RETURN_CLAIM,3582.3,False,0,0,849.89,169,5,4,1,0,0.8666668380555556,REQUEST_EVIDENCE
NON_DELIVERY_CLAIM,3424.19,False,0,0,1420.73,228,0,0,0,0,999.0,REQUEST_EVIDENCE
SHORTAGE_CLAIM,1072.34,True,1,1,2829.16,206,0,0,0,0,999.0,APPROVE
NON_DELIVERY_CLAIM,2055.94,True,1,0,2211.35,1152,2,1,0,1,12.500002463333333,APPROVE
SUBSTITUTED_RETURN_CLAIM,4155.97,True,1,1,71.73,430,1,0,1,0,16.90000336027778,APPROVE
SUBSTITUTED_RETURN_CLAIM,1422.69,False,0,3,4160.43,672,3,1,2,0,10.033335311666667,REQUEST_EVIDENCE
WRONG_ITEM_CLAIM,3928.42,False,0,0,662.55,1435,4,0,2,1,9.40000185611111,REQUEST_EVIDENCE
NON_DELIVERY_CLAIM,2766.9,False,0,2,1569.02,389,3,2,1,0,2.4833338247222225,REQUEST_EVIDENCE
SHORTAGE_CLAIM,2377.14,True,1,0,2018.41,285,1,1,0,0,22.500004515833332,APPROVE
WRONG_ITEM_CLAIM,1829.16,True,1,0,2141.3,1469,4,1,3,0,0.9500001888888889,APPROVE
SUBSTITUTED_RETURN_CLAIM,4100.46,True,1,2,2763.58,167,1,0,0,0,12.700002506388888,APPROVE
SHORTAGE_CLAIM,1047.68,True,1,0,2033.09,613,2,0,2,0,6.0500011916666665,APPROVE
SUBSTITUTED_RETURN_CLAIM,6234.73,True,1,2,3034.03,43,4,3,1,0,8.516668346388888,ESCALATE
SHORTAGE_CLAIM,2667.05,False,0,0,2471.69,834,1,0,0,1,29.050005801944447,REQUEST_EVIDENCE
NON_DELIVERY_CLAIM,4220.52,False,0,1,64.06,249,0,0,0,0,999.0,REQUEST_EVIDENCE
NON_DELIVERY_CLAIM,1672.17,False,0,0,1250.32,1455,2,1,1,0,3.3500006619444442,REQUEST_EVIDENCE
WRONG_ITEM_CLAIM,1925.8,False,0,0,2228.78,828,5,2,3,0,7.700001515833333,REQUEST_EVIDENCE
NON_DELIVERY_CLAIM,1076.36,False,0,0,1973.49,493,5,2,2,0,0.48333342777777777,REQUEST_EVIDENCE
WRONG_ITEM_CLAIM,2378.72,False,0,1,3875.66,793,4,2,2,0,16.450003271388887,REQUEST_EVIDENCE
NON_DELIVERY_CLAIM,2012.26,False,0,1,2863.67,99,3,1,1,0,1.2333335772222223,REQUEST_EVIDENCE
SHORTAGE_CLAIM,1718.86,True,1,0,25.26,1435,2,2,0,0,14.500002857777778,APPROVE
WRONG_ITEM_CLAIM,5945.42,False,0,0,2786.9,1381,2,1,1,0,12.300002423055556,REQUEST_EVIDENCE
NON_DELIVERY_CLAIM,240.71,True,1,0,113.72,797,0,0,0,0,999.0,APPROVE
WRONG_ITEM_CLAIM,3089.84,True,1,0,403.46,971,1,1,0,0,19.16667051888889,APPROVE
NON_DELIVERY_CLAIM,1585.6,True,1,0,212.77,290,0,0,0,0,999.0,APPROVE
SUBSTITUTED_RETURN_CLAIM,5402.51,True,1,0,343.38,596,2,1,0,1,26.866672037500003,ESCALATE
NON_DELIVERY_CLAIM,2457.03,True,1,0,2537.9,338,1,0,1,0,2.9666672519444446,APPROVE
SUBSTITUTED_RETURN_CLAIM,4571.54,False,0,1,1677.34,1230,1,1,0,0,1.9500003852777779,REQUEST_EVIDENCE
SHORTAGE_CLAIM,3154.37,True,1,0,2999.86,1012,4,1,2,1,4.750000936666666,DENY
NON_DELIVERY_CLAIM,2823.15,True,1,0,2597.86,724,1,0,1,0,21.56667099277778,APPROVE
SUBSTITUTED_RETURN_CLAIM,3791.17,False,0,0,1973.49,493,6,2,3,0,0.2166667075,REQUEST_EVIDENCE
SHORTAGE_CLAIM,367.99,False,0,0,973.54,436,3,0,0,1,6.7666679975,REQUEST_EVIDENCE
SHORTAGE_CLAIM,2065.44,True,1,1,886.05,1277,2,1,1,0,13.916669410833332,APPROVE
SHORTAGE_CLAIM,1789.61,False,0,0,206.29,871,2,1,1,0,4.0000007886111115,REQUEST_EVIDENCE
WRONG_ITEM_CLAIM,3175.23,True,1,0,2098.85,248,3,0,1,0,20.2500040675,APPROVE
WRONG_ITEM_CLAIM,2128.24,False,0,4,2497.91,624,0,0,0,0,999.0,REQUEST_EVIDENCE
WRONG_ITEM_CLAIM,429.0,False,0,1,5708.94,1446,2,2,0,0,17.316670106944446,REQUEST_EVIDENCE
SHORTAGE_CLAIM,2063.15,True,1,0,2777.03,590,2,1,1,0,2.916667241944445,DENY
SUBSTITUTED_RETURN_CLAIM,1147.54,False,0,0,1715.77,542,3,1,2,0,13.933336080277778,REQUEST_EVIDENCE
SUBSTITUTED_RETURN_CLAIM,2539.19,True,1,2,2927.9,734,2,2,0,0,8.566668354722221,APPROVE
SUBSTITUTED_RETURN_CLAIM,391.81,False,0,0,1295.52,163,2,1,1,0,11.1166688575,REQUEST_EVIDENCE
WRONG_ITEM_CLAIM,2544.35,False,0,0,123.45,359,0,0,0,0,999.0,REQUEST_EVIDENCE
WRONG_ITEM_CLAIM,1558.36,True,1,0,1659.93,446,1,0,0,0,29.116672480277778,APPROVE
SUBSTITUTED_RETURN_CLAIM,2167.7,True,1,1,4261.31,756,3,2,0,1,2.0666670736111112,APPROVE
SUBSTITUTED_RETURN_CLAIM,8196.97,False,0,0,1858.55,231,1,1,0,0,19.91667066611111,REQUEST_EVIDENCE
SUBSTITUTED_RETURN_CLAIM,1521.24,False,0,1,1939.02,543,3,2,1,0,2.933333911944444,REQUEST_EVIDENCE
SHORTAGE_CLAIM,1403.53,True,1,0,1956.2,1115,1,0,1,0,22.93333793,APPROVE
SUBSTITUTED_RETURN_CLAIM,3017.45,False,0,0,770.28,281,0,0,0,0,999.0,REQUEST_EVIDENCE
NON_DELIVERY_CLAIM,1873.89,False,0,0,1807.57,1448,2,2,0,0,19.816670644444446,REQUEST_EVIDENCE
WRONG_ITEM_CLAIM,1738.18,True,1,0,2527.63,1344,0,0,0,0,999.0,APPROVE
NON_DELIVERY_CLAIM,2423.48,False,0,4,2730.14,542,3,1,1,0,21.56667099166667,REQUEST_EVIDENCE
SUBSTITUTED_RETURN_CLAIM,2864.65,False,0,2,2234.81,1456,2,1,1,0,27.91667224361111,REQUEST_EVIDENCE
NON_DELIVERY_CLAIM,2906.69,True,1,1,708.59,387,1,1,0,0,1.0000001941666667,APPROVE
SHORTAGE_CLAIM,185.36,False,0,1,359.93,425,2,2,0,0,21.600004331944447,REQUEST_EVIDENCE
SHORTAGE_CLAIM,4956.14,True,1,1,2964.46,301,0,0,0,0,999.0,APPROVE
WRONG_ITEM_CLAIM,790.99,False,0,0,113.18,210,4,1,2,0,2.4833338224999997,REQUEST_EVIDENCE
SUBSTITUTED_RETURN_CLAIM,403.44,True,1,3,1181.74,1107,1,0,1,0,21.26667093111111,APPROVE
SHORTAGE_CLAIM,4544.26,False,0,0,1881.49,123,1,1,0,0,2.6833338624999996,REQUEST_EVIDENCE
NON_DELIVERY_CLAIM,3523.76,True,1,1,2822.97,909,0,0,0,0,999.0,APPROVE
WRONG_ITEM_CLAIM,4242.52,True,1,0,895.5,1424,1,0,1,0,4.650000913611112,APPROVE
WRONG_ITEM_CLAIM,2773.54,True,1,0,403.46,971,2,2,0,0,0.6166667866666666,APPROVE
WRONG_ITEM_CLAIM,1307.57,False,0,0,1281.34,1449,2,1,1,0,6.400001258055556,REQUEST_EVIDENCE
WRONG_ITEM_CLAIM,1861.85,True,1,1,3068.03,1421,2,0,1,0,16.983336705833334,APPROVE
SHORTAGE_CLAIM,1685.3,True,1,1,710.25,951,1,1,0,0,11.98333569388889,DENY
SUBSTITUTED_RETURN_CLAIM,442.89,False,0,0,2353.32,1166,2,1,0,1,16.516669945833335,REQUEST_EVIDENCE
SUBSTITUTED_RETURN_CLAIM,1090.33,False,0,0,2217.55,1422,4,2,2,0,6.850001345833333,REQUEST_EVIDENCE
WRONG_ITEM_CLAIM,2918.0,False,0,1,339.49,1057,0,0,0,0,999.0,REQUEST_EVIDENCE
SHORTAGE_CLAIM,2892.59,False,0,0,813.93,441,1,0,1,0,18.86667041666667,REQUEST_EVIDENCE
NON_DELIVERY_CLAIM,3199.79,False,0,0,2383.8,1032,2,2,0,0,13.016669226388888,REQUEST_EVIDENCE
WRONG_ITEM_CLAIM,1574.78,False,0,0,315.67,474,1,0,0,0,26.70000533861111,REQUEST_EVIDENCE
NON_DELIVERY_CLAIM,4036.8,False,0,1,2967.82,857,5,3,2,0,7.833334872777778,REQUEST_EVIDENCE
NON_DELIVERY_CLAIM,258.15,True,1,0,2018.41,1406,1,1,0,0,24.86667164416667,APPROVE
NON_DELIVERY_CLAIM,782.51,True,1,0,146.85,112,3,1,2,0,6.666667975555556,APPROVE
WRONG_ITEM_CLAIM,5215.56,False,0,1,2418.81,1392,1,0,0,0,23.733338087222222,REQUEST_EVIDENCE
SUBSTITUTED_RETURN_CLAIM,4454.03,False,0,0,1651.49,183,0,0,0,0,999.0,REQUEST_EVIDENCE
WRONG_ITEM_CLAIM,2223.33,False,0,0,1106.94,827,4,3,0,1,9.966668630555555,REQUEST_EVIDENCE
WRONG_ITEM_CLAIM,1931.52,True,1,0,2848.14,653,1,0,0,1,21.03333755138889,APPROVE
SHORTAGE_CLAIM,115.13,False,0,0,83.93,112,3,2,1,0,2.5833338402777777,REQUEST_EVIDENCE
SHORTAGE_CLAIM,733.75,True,1,0,1706.76,1067,1,0,1,0,20.33333741222222,APPROVE
WRONG_ITEM_CLAIM,2407.2,False,0,0,2317.12,50,1,0,0,0,3.2666673086111113,REQUEST_EVIDENCE
SHORTAGE_CLAIM,3972.99,True,1,0,2065.84,623,0,0,0,0,999.0,APPROVE
NON_DELIVERY_CLAIM,9472.56,False,0,1,1477.27,1327,2,1,1,0,1.5833336405555554,REQUEST_EVIDENCE
SHORTAGE_CLAIM,3760.8,False,0,1,2964.46,301,1,1,0,0,0.4666667569444444,REQUEST_EVIDENCE
WRONG_ITEM_CLAIM,451.99,False,0,1,2996.46,1183,1,1,0,0,21.33333761,REQUEST_EVIDENCE
NON_DELIVERY_CLAIM,765.62,False,0,0,1235.28,951,2,2,0,0,28.533339031388888,REQUEST_EVIDENCE
SUBSTITUTED_RETURN_CLAIM,7891.69,False,0,1,1241.96,1185,1,1,0,0,16.51666994388889,REQUEST_EVIDENCE
WRONG_ITEM_CLAIM,2157.71,True,1,0,412.7,771,0,0,0,0,999.0,APPROVE
SUBSTITUTED_RETURN_CLAIM,2441.43,True,1,0,1777.89,424,1,1,0,0,13.750002705,APPROVE
NON_DELIVERY_CLAIM,2197.77,False,0,4,3427.47,972,1,0,1,0,6.733334656388889,REQUEST_EVIDENCE
SUBSTITUTED_RETURN_CLAIM,1667.86,False,0,0,544.22,1450,3,2,1,0,14.316669486666667,REQUEST_EVIDENCE
WRONG_ITEM_CLAIM,2241.91,False,0,1,3068.03,1421,3,1,1,0,0.46666675722222223,REQUEST_EVIDENCE
WRONG_ITEM_CLAIM,4891.76,True,1,0,153.47,912,1,0,1,0,12.73333583861111,APPROVE
SHORTAGE_CLAIM,2544.65,False,0,3,3920.1,35,2,2,0,0,5.783334468611112,DENY
SUBSTITUTED_RETURN_CLAIM,2327.18,False,0,0,2974.59,825,1,0,1,0,2.0166670591666667,REQUEST_EVIDENCE
SUBSTITUTED_RETURN_CLAIM,4842.28,True,1,0,2111.01,622,2,2,0,0,1.9333337077777777,APPROVE
SHORTAGE_CLAIM,1340.37,False,0,0,2012.93,1079,4,1,2,0,4.083334135277778,REQUEST_EVIDENCE
SHORTAGE_CLAIM,973.86,True,1,1,355.79,935,3,2,0,0,2.600000508055556,DENY
NON_DELIVERY_CLAIM,2310.24,False,0,0,267.42,924,0,0,0,0,999.0,REQUEST_EVIDENCE
NON_DELIVERY_CLAIM,300.03,True,1,0,1852.69,354,5,2,2,0,13.200002596666666,APPROVE
SHORTAGE_CLAIM,730.21,True,1,2,2281.54,322,3,0,1,0,9.13333512638889,DENY
SUBSTITUTED_RETURN_CLAIM,6735.76,True,1,0,2857.91,643,1,0,1,0,11.000002165,ESCALATE
SUBSTITUTED_RETURN_CLAIM,4604.38,False,0,1,1224.78,1045,2,1,1,0,23.11667129638889,REQUEST_EVIDENCE
NON_DELIVERY_CLAIM,4994.15,True,1,0,2947.14,1282,1,1,0,0,9.433335187777777,APPROVE
SUBSTITUTED_RETURN_CLAIM,3116.18,True,1,1,2670.88,110,3,0,1,1,7.783334859722222,APPROVE
SHORTAGE_CLAIM,1512.42,True,1,1,1507.18,69,1,0,1,0,22.516671175833334,APPROVE
WRONG_ITEM_CLAIM,5691.46,True,1,0,64.48,478,2,1,1,0,27.033338734166666,ESCALATE
SHORTAGE_CLAIM,1980.21,False,0,2,1826.62,1154,3,2,1,0,5.833334478333333,REQUEST_EVIDENCE
SHORTAGE_CLAIM,2397.04,True,1,0,2224.18,118,1,1,0,0,26.450005287777778,APPROVE
SUBSTITUTED_RETURN_CLAIM,4225.98,True,1,1,2863.67,99,4,1,2,0,1.4833336213888888,APPROVE
WRONG_ITEM_CLAIM,3108.99,False,0,0,1074.86,1227,0,0,0,0,999.0,REQUEST_EVIDENCE
SHORTAGE_CLAIM,4656.66,False,0,1,2167.23,520,1,1,0,0,11.883335672222222,DENY
NON_DELIVERY_CLAIM,2811.7,False,0,1,2067.93,1190,3,1,0,1,3.483334018611111,REQUEST_EVIDENCE
NON_DELIVERY_CLAIM,3424.1,True,1,0,1379.26,1054,1,0,1,0,23.73333808611111,APPROVE
SHORTAGE_CLAIM,486.14,False,0,1,3619.51,516,1,0,0,0,16.450003238055558,REQUEST_EVIDENCE
SUBSTITUTED_RETURN_CLAIM,651.02,False,0,1,2629.18,188,3,2,0,0,2.9666672472222224,REQUEST_EVIDENCE
NON_DELIVERY_CLAIM,5167.04,True,1,1,3068.03,1421,4,1,2,0,0.41666674861111114,ESCALATE
WRONG_ITEM_CLAIM,518.28,True,1,1,1392.74,51,0,0,0,0,999.0,APPROVE
NON_DELIVERY_CLAIM,610.34,True,1,1,303.87,256,2,2,0,0,3.2000006258333333,APPROVE
WRONG_ITEM_CLAIM,1544.61,False,0,0,717.19,1173,1,0,1,0,11.06666884638889,REQUEST_EVIDENCE
SHORTAGE_CLAIM,969.07,True,1,0,1758.48,1387,1,0,1,0,4.433334204722222,APPROVE
NON_DELIVERY_CLAIM,3863.48,False,0,2,667.66,311,1,0,1,0,24.550004914166667,REQUEST_EVIDENCE
WRONG_ITEM_CLAIM,7002.46,False,0,0,2732.36,324,2,0,1,0,15.916669799166666,REQUEST_EVIDENCE
WRONG_ITEM_CLAIM,1085.61,True,1,0,247.91,593,1,0,1,0,22.050004418333334,APPROVE
SHORTAGE_CLAIM,3088.2,True,1,0,1168.7,754,1,1,0,0,9.866668606944444,DENY
WRONG_ITEM_CLAIM,655.46,False,0,1,2521.92,1435,5,3,2,0,3.816667416944444,REQUEST_EVIDENCE
NON_DELIVERY_CLAIM,3632.54,False,0,1,2376.38,298,1,1,0,0,20.91667085972222,REQUEST_EVIDENCE
SUBSTITUTED_RETURN_CLAIM,4294.62,True,1,0,443.23,1288,3,1,1,1,9.316668496944443,APPROVE
SHORTAGE_CLAIM,2153.33,False,0,0,1169.95,1219,1,0,1,0,19.55000388111111,REQUEST_EVIDENCE
WRONG_ITEM_CLAIM,3401.56,False,0,0,1918.58,306,2,0,2,0,11.300002226944445,REQUEST_EVIDENCE
WRONG_ITEM_CLAIM,2734.37,False,0,0,2607.02,36,1,0,1,0,33.166673286666665,REQUEST_EVIDENCE
NON_DELIVERY_CLAIM,1813.84,False,0,1,2376.72,43,1,0,1,0,17.800003531111113,REQUEST_EVIDENCE
WRONG_ITEM_CLAIM,3090.7,False,0,0,2224.18,118,2,2,0,0,0.40000008111111107,REQUEST_EVIDENCE
SUBSTITUTED_RETURN_CLAIM,917.18,True,1,0,1344.81,531,2,0,2,0,10.93333548861111,APPROVE
SUBSTITUTED_RETURN_CLAIM,719.35,False,0,0,1201.75,316,3,1,2,0,3.7500007372222224,REQUEST_EVIDENCE
SHORTAGE_CLAIM,2030.2,False,0,0,552.73,985,0,0,0,0,999.0,REQUEST_EVIDENCE
SUBSTITUTED_RETURN_CLAIM,2397.27,True,1,0,1891.95,116,1,1,0,0,7.350001444444445,APPROVE
WRONG_ITEM_CLAIM,1619.03,True,1,1,7746.51,356,1,0,1,0,7.7666681925,APPROVE
SHORTAGE_CLAIM,461.39,True,1,0,2819.73,107,1,0,1,0,2.916667238888889,DENY
SUBSTITUTED_RETURN_CLAIM,6866.09,True,1,1,3535.58,1018,1,0,1,0,22.400004488611113,ESCALATE
SUBSTITUTED_RETURN_CLAIM,2799.67,False,0,2,1420.71,1310,2,0,1,0,29.683339258333334,REQUEST_EVIDENCE
NON_DELIVERY_CLAIM,5715.6,True,1,1,1360.3,934,2,1,0,0,11.183335538055557,ESCALATE
SHORTAGE_CLAIM,3183.45,True,1,0,1588.25,1395,1,0,1,0,5.333334382222223,APPROVE
SUBSTITUTED_RETURN_CLAIM,1822.8,True,1,0,1995.32,497,0,0,0,0,999.0,APPROVE
WRONG_ITEM_CLAIM,1385.55,False,0,0,1852.69,354,6,3,2,0,0.7500001494444444,REQUEST_EVIDENCE
NON_DELIVERY_CLAIM,1801.99,False,0,0,2250.51,675,1,0,0,1,13.516669327777777,REQUEST_EVIDENCE
NON_DELIVERY_CLAIM,4992.72,False,0,0,2595.92,950,0,0,0,0,999.0,REQUEST_EVIDENCE
SHORTAGE_CLAIM,3000.7,False,0,0,2471.69,834,2,0,1,1,2.2166670994444444,REQUEST_EVIDENCE
WRONG_ITEM_CLAIM,3032.12,False,0,1,1159.93,1372,1,1,0,0,14.166669453888888,REQUEST_EVIDENCE
SHORTAGE_CLAIM,8749.18,False,0,0,1609.25,1130,2,0,2,0,5.033334322777778,REQUEST_EVIDENCE
NON_DELIVERY_CLAIM,4002.84,True,1,1,478.11,179,3,2,1,0,12.550002470555555,APPROVE
SUBSTITUTED_RETURN_CLAIM,2418.0,False,0,2,2252.07,119,4,2,1,1,8.300001630833334,REQUEST_EVIDENCE
SUBSTITUTED_RETURN_CLAIM,1586.86,False,0,0,286.66,510,0,0,0,0,999.0,REQUEST_EVIDENCE
NON_DELIVERY_CLAIM,3746.96,False,0,0,2065.5,1450,3,3,0,0,13.783336046111112,REQUEST_EVIDENCE
NON_DELIVERY_CLAIM,3478.82,True,1,0,2914.88,611,5,3,2,0,12.650002490277778,APPROVE
SHORTAGE_CLAIM,2392.27,False,0,0,2228.78,828,6,2,4,0,2.3000004488888885,REQUEST_EVIDENCE
NON_DELIVERY_CLAIM,2475.71,False,0,3,2659.97,1410,3,3,0,0,3.4333340066666667,REQUEST_EVIDENCE
WRONG_ITEM_CLAIM,3240.97,False,0,0,1325.65,1218,3,0,3,0,14.100002775,REQUEST_EVIDENCE
NON_DELIVERY_CLAIM,4555.74,False,0,0,2000.03,857,2,1,1,0,20.400004051388887,REQUEST_EVIDENCE
NON_DELIVERY_CLAIM,4404.28,False,0,3,5658.64,1369,0,0,0,0,999.0,REQUEST_EVIDENCE
WRONG_ITEM_CLAIM,2228.16,True,1,2,1281.33,1208,4,1,2,1,7.7666681961111115,APPROVE
WRONG_ITEM_CLAIM,2012.15,True,1,0,2056.53,1166,4,3,1,0,3.050000597222222,APPROVE
WRONG_ITEM_CLAIM,1984.23,False,0,1,220.59,697,0,0,0,0,999.0,REQUEST_EVIDENCE
WRONG_ITEM_CLAIM,2167.98,True,1,1,4742.58,360,2,0,2,0,18.166670271388888,APPROVE
SUBSTITUTED_RETURN_CLAIM,1727.5,True,1,0,1222.48,265,1,0,0,0,32.166673080277775,APPROVE
WRONG_ITEM_CLAIM,4818.3,True,1,1,501.49,1200,1,0,0,0,12.250002414166667,APPROVE
NON_DELIVERY_CLAIM,3012.75,False,0,0,1185.43,766,3,0,2,0,6.950001367777778,REQUEST_EVIDENCE
NON_DELIVERY_CLAIM,1171.74,True,1,0,1588.25,1395,2,1,1,0,0.41666674972222223,APPROVE
SUBSTITUTED_RETURN_CLAIM,5387.22,False,0,1,1165.41,663,4,2,2,0,16.800003308055555,REQUEST_EVIDENCE
NON_DELIVERY_CLAIM,620.56,True,1,3,3287.03,662,3,1,2,0,3.3333339875,APPROVE
NON_DELIVERY_CLAIM,1911.23,True,1,0,1379.26,1054,2,1,1,0,0.9500001891666666,APPROVE
NON_DELIVERY_CLAIM,1283.64,False,0,2,1549.51,813,3,0,2,0,14.41666950527778,REQUEST_EVIDENCE
NON_DELIVERY_CLAIM,1420.53,False,0,1,1946.54,731,2,0,1,1,9.483335199722221,REQUEST_EVIDENCE
SHORTAGE_CLAIM,2163.5,False,0,1,1936.96,89,1,0,0,0,27.450005486666665,DENY
SHORTAGE_CLAIM,4908.1,True,1,0,1460.9,113,3,2,0,1,9.283335156944446,APPROVE
SHORTAGE_CLAIM,2641.38,True,1,1,758.61,194,3,2,1,0,17.366670086666666,DENY
WRONG_ITEM_CLAIM,1436.33,False,0,1,1936.96,89,2,0,0,0,0.050000009722222225,REQUEST_EVIDENCE
NON_DELIVERY_CLAIM,1271.53,False,0,0,1162.58,266,4,2,2,0,4.750000935,REQUEST_EVIDENCE
SHORTAGE_CLAIM,3800.1,False,0,0,27.57,684,2,1,1,0,4.833334284166666,REQUEST_EVIDENCE
SUBSTITUTED_RETURN_CLAIM,529.09,True,1,0,471.02,1178,3,1,1,0,6.583334626666667,APPROVE
WRONG_ITEM_CLAIM,1435.05,False,0,0,1272.93,619,2,0,2,0,5.050000993333333,REQUEST_EVIDENCE
SUBSTITUTED_RETURN_CLAIM,2545.11,True,1,1,7943.66,290,2,1,0,0,10.966668827777777,APPROVE
SHORTAGE_CLAIM,509.79,True,1,0,2067.07,653,3,1,1,0,3.5333340286111112,APPROVE
WRONG_ITEM_CLAIM,3705.78,True,1,0,2082.0,1431,2,1,0,0,13.98333609,APPROVE
NON_DELIVERY_CLAIM,6023.97,False,0,0,1291.85,249,1,0,0,1,21.950004399999997,REQUEST_EVIDENCE
SUBSTITUTED_RETURN_CLAIM,1509.0,True,1,0,1474.86,1003,1,0,0,0,4.533334227222222,APPROVE
SUBSTITUTED_RETURN_CLAIM,463.4,True,1,0,2150.6,1469,1,0,1,0,21.650004340000002,APPROVE
SUBSTITUTED_RETURN_CLAIM,2407.67,False,0,1,2745.35,1213,5,1,4,0,4.683334257222222,REQUEST_EVIDENCE
SUBSTITUTED_RETURN_CLAIM,3912.16,False,0,0,15.09,1417,1,1,0,0,33.26667330222222,REQUEST_EVIDENCE
SHORTAGE_CLAIM,1713.3,True,1,0,2211.35,1152,3,2,0,1,3.0833339397222224,DENY
SHORTAGE_CLAIM,1832.44,False,0,1,478.11,179,4,3,1,0,0.6666668016666666,REQUEST_EVIDENCE
WRONG_ITEM_CLAIM,6617.36,False,0,1,143.41,1142,1,1,0,0,20.450004063055555,REQUEST_EVIDENCE
SUBSTITUTED_RETURN_CLAIM,5400.9,False,0,1,1064.87,390,4,3,0,0,16.300003213611113,REQUEST_EVIDENCE
NON_DELIVERY_CLAIM,2786.48,True,1,1,2292.48,481,2,0,2,0,7.933334896388889,APPROVE
SHORTAGE_CLAIM,2189.0,True,1,2,3034.03,43,5,3,1,1,3.0166672602777775,DENY
NON_DELIVERY_CLAIM,2734.89,True,1,1,2167.23,520,2,1,0,0,1.4000002797222222,APPROVE
NON_DELIVERY_CLAIM,4034.49,True,1,0,343.38,596,3,1,0,2,2.8333338919444446,APPROVE
SHORTAGE_CLAIM,2185.94,False,0,4,4198.3,1201,2,0,2,0,15.016669624166667,DENY
SHORTAGE_CLAIM,3414.19,False,0,1,2439.06,1131,3,1,1,0,8.483335005,DENY
SUBSTITUTED_RETURN_CLAIM,146.2,True,1,0,2608.42,1264,4,0,3,1,3.350000658611111,APPROVE
SUBSTITUTED_RETURN_CLAIM,2753.02,True,1,0,68.24,1301,4,2,1,0,3.4166673377777776,APPROVE
NON_DELIVERY_CLAIM,2233.85,True,1,0,416.9,1087,3,1,2,0,17.100003369166668,APPROVE
NON_DELIVERY_CLAIM,4247.09,False,0,0,1511.24,649,2,0,1,0,18.850003741111113,REQUEST_EVIDENCE
WRONG_ITEM_CLAIM,7079.53,True,1,1,1064.87,390,5,3,1,0,0.18333336861111113,ESCALATE
SUBSTITUTED_RETURN_CLAIM,5545.62,True,1,0,2118.68,443,0,0,0,0,999.0,ESCALATE
WRONG_ITEM_CLAIM,3426.86,True,1,3,1116.41,1003,1,0,1,0,13.783336050277779,APPROVE
SUBSTITUTED_RETURN_CLAIM,3391.39,False,0,0,2524.22,520,0,0,0,0,999.0,REQUEST_EVIDENCE
WRONG_ITEM_CLAIM,2917.86,True,1,2,1410.03,388,5,2,2,1,7.1166680675,APPROVE
SHORTAGE_CLAIM,1392.8,False,0,1,616.48,1442,3,0,2,0,28.050005606666666,DENY
WRONG_ITEM_CLAIM,2128.82,False,0,0,204.86,1041,0,0,0,0,999.0,REQUEST_EVIDENCE
SUBSTITUTED_RETURN_CLAIM,5416.52,True,1,1,604.39,145,6,1,3,0,7.983334907777778,ESCALATE
NON_DELIVERY_CLAIM,959.18,False,0,1,242.88,1444,1,1,0,0,6.133334542777778,REQUEST_EVIDENCE
WRONG_ITEM_CLAIM,887.82,True,1,1,2629.18,188,4,2,1,0,1.6166669891666667,APPROVE
SHORTAGE_CLAIM,2609.35,True,1,1,237.06,334,4,1,3,0,10.650002098055557,APPROVE
NON_DELIVERY_CLAIM,1253.75,True,1,1,616.48,1442,4,0,2,0,0.10000002027777777,APPROVE
SHORTAGE_CLAIM,2032.74,False,0,0,341.86,158,3,1,2,0,5.050000996666666,REQUEST_EVIDENCE
WRONG_ITEM_CLAIM,4505.54,False,0,4,3057.04,1284,3,1,2,0,7.050001389166667,REQUEST_EVIDENCE
SHORTAGE_CLAIM,867.94,True,1,0,113.18,210,5,1,3,0,2.6833338633333335,DENY
SUBSTITUTED_RETURN_CLAIM,1092.69,False,0,2,1549.51,813,4,0,3,0,0.7833334894444445,REQUEST_EVIDENCE
SUBSTITUTED_RETURN_CLAIM,2810.74,True,1,0,1885.71,64,2,1,1,0,28.283338986388888,APPROVE
NON_DELIVERY_CLAIM,416.34,False,0,2,13.01,1406,2,2,0,0,24.200004845,REQUEST_EVIDENCE
NON_DELIVERY_CLAIM,2480.37,True,1,0,247.91,593,2,1,1,0,1.633333658333333,APPROVE
SHORTAGE_CLAIM,857.01,True,1,0,1505.47,718,0,0,0,0,999.0,APPROVE
NON_DELIVERY_CLAIM,8762.12,True,1,1,237.06,334,5,2,3,0,0.16666669916666668,ESCALATE
WRONG_ITEM_CLAIM,3933.46,False,0,3,1181.74,1107,2,1,1,0,2.783333883333333,REQUEST_EVIDENCE
WRONG_ITEM_CLAIM,918.57,True,1,0,15.09,1417,2,1,1,0,0.6166667872222222,APPROVE
SHORTAGE_CLAIM,1486.52,False,0,1,147.09,1367,2,2,0,0,18.783337060277777,REQUEST_EVIDENCE
NON_DELIVERY_CLAIM,3401.14,True,1,0,1735.03,565,3,0,3,0,6.9666680408333335,APPROVE
NON_DELIVERY_CLAIM,6045.31,True,1,1,664.1,251,1,1,0,0,32.033339743333336,ESCALATE
SHORTAGE_CLAIM,6368.07,True,1,0,113.89,1192,1,1,0,0,8.266668321111112,ESCALATE
SUBSTITUTED_RETURN_CLAIM,7432.89,False,0,1,588.3,1459,3,1,1,1,14.3000028475,REQUEST_EVIDENCE
WRONG_ITEM_CLAIM,2387.26,False,0,1,478.11,179,5,3,2,0,0.683333501111111,REQUEST_EVIDENCE
SHORTAGE_CLAIM,918.67,False,0,0,1540.06,1165,3,1,2,0,7.40000157138889,REQUEST_EVIDENCE
NON_DELIVERY_CLAIM,3034.68,False,0,0,2296.42,718,2,0,2,0,14.133336241944445,REQUEST_EVIDENCE
WRONG_ITEM_CLAIM,2169.11,True,1,1,1493.22,887,1,0,1,0,9.800002054166667,APPROVE
SUBSTITUTED_RETURN_CLAIM,8686.54,False,0,0,883.26,130,1,1,0,0,21.70000443888889,REQUEST_EVIDENCE
WRONG_ITEM_CLAIM,1583.97,True,1,1,2456.85,1075,1,0,1,0,11.616669085833333,APPROVE
WRONG_ITEM_CLAIM,555.85,False,0,4,5503.38,253,2,2,0,0,16.616670075555554,REQUEST_EVIDENCE
NON_DELIVERY_CLAIM,1018.62,False,0,0,1129.43,1261,2,1,0,1,8.80000186888889,REQUEST_EVIDENCE
SHORTAGE_CLAIM,4598.25,False,0,0,2417.82,62,2,0,1,0,19.266670623333336,DENY
WRONG_ITEM_CLAIM,2002.26,False,0,2,1968.52,1479,0,0,0,0,999.0,REQUEST_EVIDENCE
SHORTAGE_CLAIM,3086.16,True,1,2,2940.14,918,1,1,0,0,7.583334965833333,APPROVE
NON_DELIVERY_CLAIM,2757.77,False,0,0,2622.35,887,2,1,1,0,11.61666909638889,REQUEST_EVIDENCE
SUBSTITUTED_RETURN_CLAIM,1678.0,False,0,1,1942.11,581,2,0,2,0,26.566672124444445,REQUEST_EVIDENCE
SUBSTITUTED_RETURN_CLAIM,2494.17,True,1,0,215.24,415,0,0,0,0,999.0,APPROVE
WRONG_ITEM_CLAIM,1759.35,True,1,1,2491.35,423,2,1,1,0,20.46667087722222,APPROVE
SUBSTITUTED_RETURN_CLAIM,500.88,True,1,0,193.42,1435,0,0,0,0,999.0,APPROVE
SUBSTITUTED_RETURN_CLAIM,1654.86,True,1,1,1619.8,1160,3,2,1,0,10.200002161666667,APPROVE
SUBSTITUTED_RETURN_CLAIM,1963.19,True,1,3,1830.43,803,3,0,1,2,7.050001546388889,APPROVE
NON_DELIVERY_CLAIM,2615.04,False,0,4,3769.08,707,1,0,1,0,16.100003329444444,REQUEST_EVIDENCE
SUBSTITUTED_RETURN_CLAIM,1531.45,False,0,0,608.14,834,3,1,2,0,6.0500013525,REQUEST_EVIDENCE
SUBSTITUTED_RETURN_CLAIM,2151.61,True,1,0,1756.34,141,2,2,0,0,21.216671040277777,APPROVE
SUBSTITUTED_RETURN_CLAIM,5554.62,True,1,1,2834.96,1345,3,0,3,0,15.883336626388887,ESCALATE
NON_DELIVERY_CLAIM,877.88,True,1,0,2098.85,248,4,1,1,0,3.633334215277778,APPROVE
SHORTAGE_CLAIM,2260.55,True,1,0,267.01,110,1,1,0,0,13.116669422222222,APPROVE
WRONG_ITEM_CLAIM,2251.14,True,1,1,1224.78,1045,3,1,2,0,2.550000676388889,APPROVE
SUBSTITUTED_RETURN_CLAIM,2960.41,False,0,0,2991.05,1017,2,1,1,0,27.083338920833334,REQUEST_EVIDENCE
NON_DELIVERY_CLAIM,2840.19,True,1,0,2915.57,785,2,0,1,0,31.350006428055554,APPROVE
WRONG_ITEM_CLAIM,315.2,True,1,2,2927.9,734,3,3,0,0,3.6333342236111115,APPROVE
SUBSTITUTED_RETURN_CLAIM,325.29,False,0,3,5007.05,561,3,1,2,0,22.416671310277778,REQUEST_EVIDENCE
WRONG_ITEM_CLAIM,7394.16,False,0,0,1011.09,44,2,2,0,0,10.916668993888889,REQUEST_EVIDENCE
SHORTAGE_CLAIM,1615.44,False,0,1,2018.9,283,2,2,0,0,23.566671564166665,REQUEST_EVIDENCE
SUBSTITUTED_RETURN_CLAIM,3578.42,False,0,0,2217.55,1422,5,2,3,0,3.2666674919444443,REQUEST_EVIDENCE
WRONG_ITEM_CLAIM,4096.15,False,0,1,417.04,186,3,2,1,0,8.700001895833333,REQUEST_EVIDENCE
WRONG_ITEM_CLAIM,3091.95,False,0,0,2307.02,190,1,1,0,0,15.900003315277779,REQUEST_EVIDENCE
NON_DELIVERY_CLAIM,2438.99,True,1,1,207.06,476,1,1,0,0,12.533335986666668,APPROVE
SUBSTITUTED_RETURN_CLAIM,2261.5,True,1,1,1218.63,1289,3,3,0,0,7.266668284722222,APPROVE
WRONG_ITEM_CLAIM,885.01,True,1,4,3300.33,987,2,1,1,0,18.083337084444445,APPROVE
SUBSTITUTED_RETURN_CLAIM,2398.02,True,1,0,1117.31,43,2,1,1,0,11.06666903638889,APPROVE
SHORTAGE_CLAIM,1988.31,False,0,0,1013.16,1347,4,0,2,1,21.5666711375,REQUEST_EVIDENCE
WRONG_ITEM_CLAIM,3892.6,True,1,1,2977.46,1202,3,2,0,1,7.916668419166667,APPROVE
SHORTAGE_CLAIM,2863.46,True,1,0,471.02,1178,4,2,1,0,1.5333338319444445,DENY
WRONG_ITEM_CLAIM,3500.15,False,0,0,628.58,212,1,1,0,0,4.8333344786111105,REQUEST_EVIDENCE
SUBSTITUTED_RETURN_CLAIM,1763.97,False,0,0,715.72,1294,6,3,3,0,6.700001518055555,REQUEST_EVIDENCE
NON_DELIVERY_CLAIM,1886.82,True,1,2,1549.51,813,5,0,4,0,0.933333715,APPROVE
SUBSTITUTED_RETURN_CLAIM,4509.37,False,0,0,2838.78,159,2,1,0,0,21.783337858055557,REQUEST_EVIDENCE
NON_DELIVERY_CLAIM,3313.76,True,1,2,5909.3,1434,3,1,2,0,29.683339462499998,APPROVE
WRONG_ITEM_CLAIM,1628.74,True,1,2,2123.26,914,0,0,0,0,999.0,APPROVE
SHORTAGE_CLAIM,5303.3,True,1,0,2434.37,829,0,0,0,0,999.0,ESCALATE
NON_DELIVERY_CLAIM,5236.71,False,0,0,351.03,564,4,1,2,1,8.500001880277777,REQUEST_EVIDENCE
NON_DELIVERY_CLAIM,4704.91,True,1,0,2777.03,590,3,1,1,0,4.033334335555556,APPROVE
WRONG_ITEM_CLAIM,3774.76,True,1,1,751.82,652,4,1,2,0,8.000001783611111,APPROVE
WRONG_ITEM_CLAIM,1751.87,True,1,0,2837.06,1295,1,1,0,0,13.616669563055556,APPROVE
SUBSTITUTED_RETURN_CLAIM,5213.62,True,1,1,417.54,975,2,0,0,2,5.366667935555555,ESCALATE
SUBSTITUTED_RETURN_CLAIM,6298.57,True,1,1,730.71,217,2,0,2,0,6.700001534722222,ESCALATE
NON_DELIVERY_CLAIM,966.25,False,0,0,2915.57,785,3,1,1,0,0.4666668013888889,REQUEST_EVIDENCE
WRONG_ITEM_CLAIM,1856.89,False,0,0,109.66,1102,1,1,0,0,7.550001704722222,REQUEST_EVIDENCE
NON_DELIVERY_CLAIM,3019.32,True,1,0,393.83,1371,1,0,0,1,31.183339773333334,APPROVE
SUBSTITUTED_RETURN_CLAIM,4474.3,False,0,4,2786.15,609,2,1,1,0,4.966667863611111,REQUEST_EVIDENCE
SUBSTITUTED_RETURN_CLAIM,1067.97,True,1,0,2971.85,1093,2,2,0,0,5.250001255000001,APPROVE
WRONG_ITEM_CLAIM,4154.49,False,0,0,1000.55,1430,3,1,1,1,16.00000337611111,REQUEST_EVIDENCE
NON_DELIVERY_CLAIM,401.97,False,0,0,412.7,771,1,1,0,0,3.400000899722222,REQUEST_EVIDENCE
SHORTAGE_CLAIM,2427.44,True,1,0,15.09,1417,3,2,1,0,1.116667115,APPROVE
SHORTAGE_CLAIM,2148.92,True,1,0,351.03,564,5,1,3,1,0.23333340305555558,APPROVE
SHORTAGE_CLAIM,1730.91,False,0,0,939.81,724,4,3,1,0,7.466668369444445,DENY
NON_DELIVERY_CLAIM,2678.78,False,0,0,2710.76,1279,0,0,0,0,999.0,REQUEST_EVIDENCE
NON_DELIVERY_CLAIM,4615.38,True,1,0,2537.9,338,2,1,1,0,4.483334450555556,APPROVE
NON_DELIVERY_CLAIM,500.67,True,1,1,604.39,145,7,1,3,1,1.450000520277778,APPROVE
NON_DELIVERY_CLAIM,1505.05,False,0,1,1936.0,535,0,0,0,0,999.0,REQUEST_EVIDENCE
WRONG_ITEM_CLAIM,1767.05,True,1,0,704.31,1122,1,0,1,0,25.26667195861111,APPROVE
WRONG_ITEM_CLAIM,646.71,False,0,1,236.78,412,2,2,0,0,10.333335608055556,REQUEST_EVIDENCE
SUBSTITUTED_RETURN_CLAIM,3839.03,True,1,0,504.4,1236,3,2,1,0,9.416668763333334,APPROVE
SUBSTITUTED_RETURN_CLAIM,201.61,True,1,0,2770.91,106,0,0,0,0,999.0,APPROVE
SUBSTITUTED_RETURN_CLAIM,1717.93,True,1,1,1501.43,1229,0,0,0,0,999.0,APPROVE
SUBSTITUTED_RETURN_CLAIM,1902.94,False,0,0,2536.55,1403,2,2,0,0,6.0833347775,REQUEST_EVIDENCE
NON_DELIVERY_CLAIM,295.14,True,1,0,2908.72,367,3,2,1,0,9.816668847777779,APPROVE
NON_DELIVERY_CLAIM,4749.61,False,0,1,1545.81,1352,0,0,0,0,999.0,REQUEST_EVIDENCE
NON_DELIVERY_CLAIM,3606.2,False,0,3,1830.43,803,4,1,1,2,0.9833336211111111,REQUEST_EVIDENCE
SUBSTITUTED_RETURN_CLAIM,3874.15,False,0,0,1868.09,894,3,1,2,0,7.216668343333333,REQUEST_EVIDENCE
SHORTAGE_CLAIM,2039.17,False,0,0,354.92,559,3,3,0,0,9.266668747222223,REQUEST_EVIDENCE
WRONG_ITEM_CLAIM,2699.38,True,1,1,1554.31,1159,2,1,1,0,5.633334698333334,APPROVE
NON_DELIVERY_CLAIM,3745.46,True,1,1,2759.07,1122,2,2,0,0,8.800001990277778,APPROVE
SHORTAGE_CLAIM,1609.47,True,1,1,1501.43,1229,1,1,0,0,0.15000004416666668,DENY
SUBSTITUTED_RETURN_CLAIM,5265.32,True,1,2,981.87,220,1,1,0,0,30.683339720555555,ESCALATE
WRONG_ITEM_CLAIM,1559.07,True,1,2,1389.01,1130,1,0,1,0,26.583338911944445,APPROVE
WRONG_ITEM_CLAIM,1978.43,True,1,0,1117.31,43,3,2,1,0,0.7833335619444444,APPROVE
SUBSTITUTED_RETURN_CLAIM,3026.23,False,0,0,2626.54,485,1,1,0,0,19.616670799722222,REQUEST_EVIDENCE
SHORTAGE_CLAIM,2734.7,True,1,0,2312.3,1117,2,1,1,0,17.766670439444443,APPROVE
NON_DELIVERY_CLAIM,256.34,True,1,0,1420.26,1380,1,0,1,0,33.38334025861111,APPROVE
NON_DELIVERY_CLAIM,2573.41,True,1,0,2590.11,164,0,0,0,0,999.0,APPROVE
WRONG_ITEM_CLAIM,1440.09,False,0,3,4172.98,324,5,1,2,0,19.38333742638889,REQUEST_EVIDENCE
WRONG_ITEM_CLAIM,1632.65,False,0,1,5324.85,503,3,2,1,0,9.216668758611112,REQUEST_EVIDENCE
WRONG_ITEM_CLAIM,1913.73,False,0,0,1930.81,1254,2,0,1,0,27.75000582638889,REQUEST_EVIDENCE
WRONG_ITEM_CLAIM,2081.58,False,0,0,2590.11,164,1,1,0,0,0.06666668583333334,REQUEST_EVIDENCE
WRONG_ITEM_CLAIM,3613.36,False,0,2,2123.26,914,1,1,0,0,0.7833335647222223,REQUEST_EVIDENCE
SUBSTITUTED_RETURN_CLAIM,9885.35,True,1,1,5603.62,1156,2,2,0,0,9.133335413055557,ESCALATE
SUBSTITUTED_RETURN_CLAIM,2383.36,False,0,0,2122.87,952,1,0,0,1,18.883337338333334,REQUEST_EVIDENCE
SUBSTITUTED_RETURN_CLAIM,9071.02,False,0,0,2569.01,446,0,0,0,0,999.0,REQUEST_EVIDENCE
SHORTAGE_CLAIM,1899.43,True,1,1,1241.96,1185,2,1,1,0,4.0333344175,DENY
SHORTAGE_CLAIM,2458.79,False,0,1,359.64,525,1,0,1,0,10.51666902638889,REQUEST_EVIDENCE
NON_DELIVERY_CLAIM,4846.3,False,0,1,789.65,291,2,1,1,0,8.45000195611111,REQUEST_EVIDENCE
SUBSTITUTED_RETURN_CLAIM,1137.49,True,1,1,758.61,194,4,2,1,0,2.600000806388889,APPROVE
SUBSTITUTED_RETURN_CLAIM,1965.45,True,1,0,1615.24,142,3,2,1,0,7.3000017336111105,APPROVE
SUBSTITUTED_RETURN_CLAIM,2287.37,True,1,0,942.71,297,2,1,1,0,11.316669189999999,APPROVE
SHORTAGE_CLAIM,4555.93,True,1,1,710.25,951,2,1,0,0,4.500001185555556,DENY
NON_DELIVERY_CLAIM,862.54,True,1,0,2595.2,1207,2,1,1,0,6.733334956944445,APPROVE
NON_DELIVERY_CLAIM,4567.02,True,1,0,1782.13,980,1,1,0,0,6.866668320277777,APPROVE
WRONG_ITEM_CLAIM,3177.65,True,1,2,1147.44,996,2,0,2,0,32.6000068025,APPROVE
WRONG_ITEM_CLAIM,4269.5,True,1,1,2778.13,1242,3,3,0,0,11.233335848611112,APPROVE
NON_DELIVERY_CLAIM,2221.14,True,1,0,662.55,1435,5,0,3,1,5.533334726111111,APPROVE
NON_DELIVERY_CLAIM,3238.59,True,1,1,2298.85,1107,2,0,1,0,8.0333352225,APPROVE
SUBSTITUTED_RETURN_CLAIM,5253.05,True,1,1,1630.5,299,2,0,1,0,7.100001706944444,ESCALATE
SUBSTITUTED_RETURN_CLAIM,3376.85,False,0,1,5324.85,503,4,2,2,0,0.35000010138888893,REQUEST_EVIDENCE
NON_DELIVERY_CLAIM,4327.07,True,1,0,942.71,297,3,2,1,0,0.16666671416666667,APPROVE
WRONG_ITEM_CLAIM,1998.79,False,0,0,1879.39,512,5,2,1,2,11.616669265277778,REQUEST_EVIDENCE
WRONG_ITEM_CLAIM,3909.32,False,0,1,983.04,909,4,2,1,1,13.283336262777777,REQUEST_EVIDENCE
NON_DELIVERY_CLAIM,552.46,False,0,0,416.9,1087,4,2,2,0,2.4166674580555556,REQUEST_EVIDENCE
SUBSTITUTED_RETURN_CLAIM,2642.27,False,0,0,460.47,1326,2,0,2,0,10.31666901611111,REQUEST_EVIDENCE
WRONG_ITEM_CLAIM,4314.98,True,1,0,1183.05,1094,1,0,1,0,16.45000356222222,APPROVE
NON_DELIVERY_CLAIM,2011.08,False,0,0,288.94,592,2,2,0,0,7.216668410277778,REQUEST_EVIDENCE
WRONG_ITEM_CLAIM,2509.49,False,0,0,2257.68,521,2,0,2,0,11.15000251861111,REQUEST_EVIDENCE
SUBSTITUTED_RETURN_CLAIM,5340.32,False,0,0,2572.95,733,0,0,0,0,999.0,REQUEST_EVIDENCE
WRONG_ITEM_CLAIM,5495.7,False,0,3,3601.78,1370,4,1,3,0,22.01667136,REQUEST_EVIDENCE
SHORTAGE_CLAIM,4755.33,True,1,4,2326.22,652,3,2,0,1,14.383336496388889,APPROVE
SHORTAGE_CLAIM,1877.1,False,0,2,2927.9,734,4,4,0,0,1.6000004697222223,DENY
WRONG_ITEM_CLAIM,6044.01,True,1,0,1511.24,649,3,0,2,0,2.5500008319444447,ESCALATE
SUBSTITUTED_RETURN_CLAIM,1385.75,False,0,3,5920.91,866,1,0,0,0,20.100004292222224,REQUEST_EVIDENCE
SUBSTITUTED_RETURN_CLAIM,902.31,True,1,1,2376.38,298,2,1,1,0,3.8500010949999997,APPROVE
WRONG_ITEM_CLAIM,1571.57,True,1,0,193.42,1435,1,1,0,0,1.8666672166666667,APPROVE
SHORTAGE_CLAIM,3537.26,True,1,0,1096.77,717,2,2,0,0,8.966668770555556,APPROVE
SUBSTITUTED_RETURN_CLAIM,5625.86,False,0,0,113.72,797,1,1,0,0,5.616668110833333,REQUEST_EVIDENCE
NON_DELIVERY_CLAIM,4220.3,True,1,0,501.14,257,3,1,2,0,6.333334918333334,APPROVE
WRONG_ITEM_CLAIM,3837.98,False,0,0,942.71,297,4,3,1,0,0.31666675944444445,REQUEST_EVIDENCE
NON_DELIVERY_CLAIM,4244.79,True,1,0,1782.13,980,2,2,0,0,0.45000013083333334,APPROVE
WRONG_ITEM_CLAIM,2727.64,True,1,3,1116.41,1003,2,1,1,0,2.650000865,APPROVE
SUBSTITUTED_RETURN_CLAIM,2442.93,False,0,2,1389.01,1130,2,1,1,0,0.85000025,REQUEST_EVIDENCE
SUBSTITUTED_RETURN_CLAIM,7081.65,True,1,0,2471.53,539,2,1,0,1,20.400004365555553,ESCALATE
SUBSTITUTED_RETURN_CLAIM,1870.79,True,1,2,7120.96,933,4,0,3,0,9.58333556888889,APPROVE
NON_DELIVERY_CLAIM,1949.71,True,1,1,886.05,1277,3,2,1,0,5.583334781944445,APPROVE
SUBSTITUTED_RETURN_CLAIM,3635.09,True,1,0,2106.67,138,1,1,0,0,27.85000591861111,APPROVE
NON_DELIVERY_CLAIM,2075.04,True,1,1,645.4,323,1,0,1,0,28.566672728333334,APPROVE
WRONG_ITEM_CLAIM,1794.8,True,1,0,704.31,1122,2,1,1,0,1.2000003522222222,APPROVE
SUBSTITUTED_RETURN_CLAIM,1425.11,False,0,0,1272.93,619,3,0,3,0,3.2000009888888887,REQUEST_EVIDENCE
SUBSTITUTED_RETURN_CLAIM,1606.83,False,0,1,1954.65,508,1,0,1,0,12.250002768888889,REQUEST_EVIDENCE
SUBSTITUTED_RETURN_CLAIM,2507.04,False,0,2,3112.35,145,1,1,0,0,27.616672546666667,REQUEST_EVIDENCE
SUBSTITUTED_RETURN_CLAIM,1991.6,True,1,0,1715.29,96,0,0,0,0,999.0,APPROVE
SHORTAGE_CLAIM,1776.05,True,1,1,2292.48,481,3,1,2,0,3.0500009630555556,APPROVE
SHORTAGE_CLAIM,2866.8,False,0,0,1889.59,1192,3,0,0,0,30.000006357222222,DENY
WRONG_ITEM_CLAIM,3230.58,False,0,0,12.37,438,2,1,1,0,16.00000351916667,REQUEST_EVIDENCE
SUBSTITUTED_RETURN_CLAIM,4016.47,True,1,0,2703.23,212,1,1,0,0,11.900002710555556,APPROVE
NON_DELIVERY_CLAIM,743.37,False,0,0,1388.73,1387,1,0,1,0,30.9333398775,REQUEST_EVIDENCE
NON_DELIVERY_CLAIM,7657.1,False,0,0,2837.06,1295,2,2,0,0,1.6500004866666667,REQUEST_EVIDENCE
SUBSTITUTED_RETURN_CLAIM,3617.59,True,1,1,2067.93,1190,4,1,1,1,4.500001263888889,APPROVE
NON_DELIVERY_CLAIM,2103.62,False,0,0,1793.8,650,0,0,0,0,999.0,REQUEST_EVIDENCE
SUBSTITUTED_RETURN_CLAIM,6774.08,True,1,1,525.19,618,1,0,0,1,29.68333964,ESCALATE
SHORTAGE_CLAIM,1430.76,True,1,2,3613.14,287,1,0,0,0,34.33334055444444,APPROVE
NON_DELIVERY_CLAIM,4661.56,True,1,1,6534.77,492,2,1,1,0,31.216673276944444,APPROVE
SHORTAGE_CLAIM,934.63,False,0,0,780.02,1457,3,0,1,0,7.950001948888889,DENY
SHORTAGE_CLAIM,3822.16,False,0,1,2937.77,1046,0,0,0,0,999.0,REQUEST_EVIDENCE
SUBSTITUTED_RETURN_CLAIM,1714.29,False,0,0,1868.09,894,4,1,3,0,1.3500003977777777,REQUEST_EVIDENCE
SHORTAGE_CLAIM,1897.24,True,1,2,200.17,1037,0,0,0,0,999.0,APPROVE
SUBSTITUTED_RETURN_CLAIM,2067.18,True,1,0,2228.78,828,7,2,5,0,3.9333344991666666,APPROVE
SHORTAGE_CLAIM,1203.63,True,1,0,2835.58,866,1,1,0,0,31.666673374722222,APPROVE
WRONG_ITEM_CLAIM,5269.41,True,1,0,2563.46,1185,2,0,1,0,17.2333371225,ESCALATE
WRONG_ITEM_CLAIM,3440.99,False,0,0,1001.38,33,1,1,0,0,14.166669851111111,REQUEST_EVIDENCE
WRONG_ITEM_CLAIM,559.98,False,0,0,1346.53,40,2,1,1,0,9.466668927777777,REQUEST_EVIDENCE
SHORTAGE_CLAIM,3379.77,False,0,1,923.32,1177,0,0,0,0,999.0,DENY
WRONG_ITEM_CLAIM,1681.07,False,0,2,2570.25,731,3,3,0,0,17.966670606944444,REQUEST_EVIDENCE
WRONG_ITEM_CLAIM,2682.96,False,0,1,2804.74,725,0,0,0,0,999.0,REQUEST_EVIDENCE
SHORTAGE_CLAIM,5026.74,False,0,0,2009.5,1133,4,2,2,0,12.483336192777777,REQUEST_EVIDENCE
SUBSTITUTED_RETURN_CLAIM,5361.36,False,0,0,1982.17,623,1,1,0,0,17.650003881666667,REQUEST_EVIDENCE
SHORTAGE_CLAIM,2298.34,False,0,2,1649.74,1130,2,0,2,0,11.500002672499999,REQUEST_EVIDENCE
SHORTAGE_CLAIM,5394.64,True,1,1,1224.78,1045,4,2,2,0,2.4500007202777776,ESCALATE
SUBSTITUTED_RETURN_CLAIM,4369.02,False,0,0,1199.04,1490,0,0,0,0,999.0,REQUEST_EVIDENCE
NON_DELIVERY_CLAIM,5912.89,False,0,0,2437.93,374,1,0,0,0,15.683336836388888,REQUEST_EVIDENCE
SHORTAGE_CLAIM,1327.3,True,1,1,897.31,490,1,1,0,0,11.30000263888889,DENY
NON_DELIVERY_CLAIM,1204.84,False,0,0,1806.06,369,1,1,0,0,7.316668521944444,REQUEST_EVIDENCE
WRONG_ITEM_CLAIM,3287.12,True,1,1,1116.93,995,2,1,1,0,15.55000348361111,APPROVE
SHORTAGE_CLAIM,1380.93,True,1,1,1392.74,51,1,1,0,0,4.8500013766666665,APPROVE
WRONG_ITEM_CLAIM,3306.26,False,0,1,1330.69,93,2,0,1,0,21.76667137638889,REQUEST_EVIDENCE
WRONG_ITEM_CLAIM,8087.2,False,0,0,2118.68,443,1,0,0,1,3.4333344316666667,REQUEST_EVIDENCE
NON_DELIVERY_CLAIM,512.24,False,0,0,2378.22,926,1,0,1,0,37.733341276666664,REQUEST_EVIDENCE
WRONG_ITEM_CLAIM,6923.62,False,0,0,1185.43,766,4,0,3,0,4.100001234444444,REQUEST_EVIDENCE
WRONG_ITEM_CLAIM,731.36,True,1,2,161.41,1455,1,0,1,0,30.633339877222223,APPROVE
NON_DELIVERY_CLAIM,1387.98,False,0,0,1232.3,610,0,0,0,0,999.0,REQUEST_EVIDENCE
SUBSTITUTED_RETURN_CLAIM,777.45,False,0,0,2102.18,1434,3,1,2,0,8.983335535833334,REQUEST_EVIDENCE
SHORTAGE_CLAIM,1395.23,False,0,1,2257.39,648,3,1,2,0,28.650006158055557,DENY
SHORTAGE_CLAIM,2397.19,False,0,0,565.44,1145,2,1,1,0,32.900006994722226,REQUEST_EVIDENCE
SHORTAGE_CLAIM,6386.9,True,1,0,1185.43,766,5,0,4,0,0.10000002972222223,ESCALATE
WRONG_ITEM_CLAIM,2401.29,False,0,4,6970.61,414,1,0,1,0,13.200003035,REQUEST_EVIDENCE
SUBSTITUTED_RETURN_CLAIM,1628.2,True,1,0,1129.43,1261,3,1,1,1,3.033334235277778,APPROVE
SUBSTITUTED_RETURN_CLAIM,1511.43,False,0,0,2962.05,1031,1,0,1,0,19.266670904722226,REQUEST_EVIDENCE
WRONG_ITEM_CLAIM,4323.34,False,0,1,2411.9,437,1,1,0,0,23.750005153333333,REQUEST_EVIDENCE
SUBSTITUTED_RETURN_CLAIM,2386.92,False,0,0,2921.77,1446,0,0,0,0,999.0,REQUEST_EVIDENCE
NON_DELIVERY_CLAIM,1885.22,True,1,0,2747.56,102,2,0,2,0,10.583335866944445,APPROVE
SUBSTITUTED_RETURN_CLAIM,1570.04,True,1,1,2376.38,298,3,2,1,0,1.1333336741666666,APPROVE
NON_DELIVERY_CLAIM,4772.89,False,0,0,501.14,257,4,2,2,0,1.0833336594444445,REQUEST_EVIDENCE
SUBSTITUTED_RETURN_CLAIM,3648.36,False,0,0,947.07,828,1,0,0,1,19.80000435638889,REQUEST_EVIDENCE
SHORTAGE_CLAIM,2178.98,True,1,0,1630.29,1217,5,2,2,1,16.466670368888888,APPROVE
SUBSTITUTED_RETURN_CLAIM,6184.11,False,0,0,1447.5,262,1,0,1,0,22.083338142777777,REQUEST_EVIDENCE
SUBSTITUTED_RETURN_CLAIM,3245.71,True,1,0,1580.05,1061,2,0,1,1,18.966670860277777,APPROVE
SUBSTITUTED_RETURN_CLAIM,3483.13,True,1,0,717.19,1173,2,0,2,0,5.2000014877777785,APPROVE
NON_DELIVERY_CLAIM,2306.99,True,1,1,2670.88,110,4,1,1,1,5.466668209722222,APPROVE
SUBSTITUTED_RETURN_CLAIM,500.42,True,1,1,1619.8,1160,4,3,1,0,3.1000009186111113,APPROVE
NON_DELIVERY_CLAIM,3712.19,True,1,0,1117.31,43,4,3,1,0,1.9833339247222224,APPROVE
WRONG_ITEM_CLAIM,1212.91,True,1,0,1615.24,142,4,3,1,0,1.7166671769444444,APPROVE
SHORTAGE_CLAIM,3457.46,False,0,0,586.22,1376,1,0,1,0,37.55000794777778,REQUEST_EVIDENCE
NON_DELIVERY_CLAIM,6843.29,False,0,0,219.59,697,3,1,1,1,8.916668895555555,REQUEST_EVIDENCE
WRONG_ITEM_CLAIM,2190.82,False,0,0,2497.88,1387,2,1,1,0,22.416671580555555,REQUEST_EVIDENCE
SHORTAGE_CLAIM,2799.76,True,1,1,402.6,1193,4,2,2,0,10.033335783611111,APPROVE
WRONG_ITEM_CLAIM,1519.94,False,0,1,147.09,1367,3,2,1,0,3.566667843888889,REQUEST_EVIDENCE
WRONG_ITEM_CLAIM,900.64,False,0,0,752.67,1301,0,0,0,0,999.0,REQUEST_EVIDENCE
WRONG_ITEM_CLAIM,3377.54,True,1,1,1218.63,1289,4,4,0,0,2.9333342019444446,APPROVE
NON_DELIVERY_CLAIM,4601.98,True,1,1,2071.56,1379,2,2,0,0,17.766670646666665,APPROVE
SUBSTITUTED_RETURN_CLAIM,1928.23,False,0,2,1881.68,463,0,0,0,0,999.0,REQUEST_EVIDENCE
SHORTAGE_CLAIM,439.21,True,1,0,939.81,724,5,3,1,0,2.5166674127777777,APPROVE
SHORTAGE_CLAIM,3800.33,False,0,0,2111.28,1287,0,0,0,0,999.0,REQUEST_EVIDENCE
WRONG_ITEM_CLAIM,3826.29,False,0,0,1916.18,58,1,0,0,1,28.45000616722222,REQUEST_EVIDENCE
SUBSTITUTED_RETURN_CLAIM,349.6,True,1,0,1423.84,898,4,0,4,0,7.600001981666667,APPROVE
NON_DELIVERY_CLAIM,2322.08,False,0,0,2122.87,952,2,0,1,1,2.0500006080555555,REQUEST_EVIDENCE
WRONG_ITEM_CLAIM,1670.43,True,1,0,611.2,1023,1,0,1,0,8.600002182777779,APPROVE
SHORTAGE_CLAIM,329.55,False,0,0,501.14,257,5,2,3,0,0.41666678777777777,DENY
SUBSTITUTED_RETURN_CLAIM,1654.86,True,1,1,1619.8,1160,5,4,1,0,0.3166667577777778,APPROVE
SUBSTITUTED_RETURN_CLAIM,4297.44,True,1,0,1295.52,163,3,1,2,0,6.866668513611111,APPROVE
SHORTAGE_CLAIM,1380.93,True,1,1,1392.74,51,2,2,0,0,0.7666668941666667,APPROVE
SUBSTITUTED_RETURN_CLAIM,1479.32,True,1,0,505.91,1330,3,2,0,1,17.400003924444444,APPROVE
WRONG_ITEM_CLAIM,143.4,True,1,1,1671.07,277,0,0,0,0,999.0,APPROVE
SUBSTITUTED_RETURN_CLAIM,1180.99,False,0,0,929.72,1056,2,1,1,0,16.2500037025,REQUEST_EVIDENCE
NON_DELIVERY_CLAIM,1504.05,True,1,0,206.29,871,3,1,2,0,7.066668560277778,APPROVE
NON_DELIVERY_CLAIM,156.02,True,1,0,1185.43,766,6,0,4,1,0.6833335358333333,APPROVE
SUBSTITUTED_RETURN_CLAIM,3226.75,True,1,1,2189.88,1077,4,2,2,0,23.633338521944445,APPROVE
SUBSTITUTED_RETURN_CLAIM,3779.74,True,1,1,643.71,411,2,0,0,1,9.033335619444443,APPROVE
SHORTAGE_CLAIM,8346.8,False,0,0,796.1,255,1,1,0,0,26.30000576361111,DENY
SHORTAGE_CLAIM,1410.46,True,1,1,708.59,387,2,2,0,0,6.83333519,APPROVE
SHORTAGE_CLAIM,2147.09,True,1,0,1554.89,1408,3,1,1,0,12.416669623333334,APPROVE
SHORTAGE_CLAIM,4010.53,True,1,3,6481.9,1496,0,0,0,0,999.0,APPROVE
WRONG_ITEM_CLAIM,1712.89,True,1,4,3034.13,818,2,0,2,0,25.700005616944445,APPROVE
SUBSTITUTED_RETURN_CLAIM,1047.62,True,1,1,2734.82,1264,1,0,1,0,15.916670318055555,APPROVE
NON_DELIVERY_CLAIM,2473.58,False,0,0,1872.5,1079,1,1,0,0,23.400005154166667,REQUEST_EVIDENCE
SHORTAGE_CLAIM,1958.2,True,1,0,967.81,320,2,2,0,0,13.050003090277777,APPROVE
WRONG_ITEM_CLAIM,6147.64,True,1,0,2662.74,46,4,2,2,0,9.833335792222222,ESCALATE
NON_DELIVERY_CLAIM,2465.84,False,0,1,1349.84,403,1,0,1,0,28.400006194722224,REQUEST_EVIDENCE
WRONG_ITEM_CLAIM,2328.68,False,0,1,886.05,1277,4,3,1,0,1.7333338494444444,REQUEST_EVIDENCE
SUBSTITUTED_RETURN_CLAIM,2121.8,False,0,0,628.58,212,2,1,1,0,3.3500009900000003,REQUEST_EVIDENCE
WRONG_ITEM_CLAIM,1884.12,True,1,1,1071.13,1041,1,0,1,0,16.500003778333333,APPROVE
SUBSTITUTED_RETURN_CLAIM,1697.77,False,0,0,1065.42,998,4,4,0,0,9.216669011388888,REQUEST_EVIDENCE
SHORTAGE_CLAIM,3254.46,True,1,0,2290.71,671,3,0,2,1,17.616670667222223,APPROVE
WRONG_ITEM_CLAIM,6846.67,False,0,1,1071.13,1041,2,1,1,0,0.05000001416666667,REQUEST_EVIDENCE
SHORTAGE_CLAIM,8774.07,True,1,0,1793.8,650,1,0,1,0,1.5833338024999999,ESCALATE
WRONG_ITEM_CLAIM,2032.83,True,1,3,6481.9,1496,1,1,0,0,0.23333340083333332,APPROVE
SHORTAGE_CLAIM,2113.42,False,0,0,895.5,1424,2,1,1,0,7.000001916111111,DENY
SUBSTITUTED_RETURN_CLAIM,288.84,False,0,0,113.18,210,6,1,3,0,4.400001403611111,REQUEST_EVIDENCE
SHORTAGE_CLAIM,3317.04,False,0,1,4261.31,756,4,3,0,1,7.300001977500001,REQUEST_EVIDENCE
SUBSTITUTED_RETURN_CLAIM,1493.67,True,1,1,88.07,560,2,1,0,0,16.233337071666668,APPROVE
SUBSTITUTED_RETURN_CLAIM,4470.71,False,0,0,2225.08,518,2,2,0,0,21.15000471,REQUEST_EVIDENCE
SUBSTITUTED_RETURN_CLAIM,5297.77,True,1,0,2351.37,1127,2,1,0,0,17.56667067277778,ESCALATE
NON_DELIVERY_CLAIM,1931.31,True,1,0,1390.28,525,3,0,2,1,17.500003994722224,APPROVE
NON_DELIVERY_CLAIM,3257.68,False,0,0,1344.81,531,3,1,2,0,5.90000171138889,REQUEST_EVIDENCE
WRONG_ITEM_CLAIM,2042.74,True,1,0,2959.92,1196,0,0,0,0,999.0,APPROVE
SHORTAGE_CLAIM,832.35,True,1,1,1936.96,89,3,0,1,0,5.216668246111111,APPROVE
WRONG_ITEM_CLAIM,5628.03,False,0,0,399.61,624,3,1,2,0,8.883335633611111,REQUEST_EVIDENCE
SUBSTITUTED_RETURN_CLAIM,5809.09,False,0,0,2883.64,98,1,0,0,1,17.916670749166666,REQUEST_EVIDENCE
SHORTAGE_CLAIM,374.53,False,0,1,2863.67,99,5,2,2,0,6.383335148333333,REQUEST_EVIDENCE
SUBSTITUTED_RETURN_CLAIM,4808.67,True,1,2,5256.44,731,0,0,0,0,999.0,APPROVE
NON_DELIVERY_CLAIM,1681.51,False,0,1,2456.85,1075,2,1,1,0,4.3000012736111115,REQUEST_EVIDENCE
SUBSTITUTED_RETURN_CLAIM,3754.78,False,0,1,7706.23,1466,2,0,2,0,22.750005040833333,REQUEST_EVIDENCE
SUBSTITUTED_RETURN_CLAIM,2038.4,True,1,0,1363.93,786,0,0,0,0,999.0,APPROVE
SUBSTITUTED_RETURN_CLAIM,2503.89,True,1,1,616.48,1442,5,1,2,0,4.716668156944444,APPROVE
SHORTAGE_CLAIM,2087.45,False,0,2,2631.28,1030,1,0,0,1,24.00000532027778,REQUEST_EVIDENCE
SUBSTITUTED_RETURN_CLAIM,2802.33,False,0,1,220.59,697,1,0,1,0,5.616668339444445,REQUEST_EVIDENCE
WRONG_ITEM_CLAIM,3282.09,True,1,0,2397.53,229,1,1,0,0,13.1000031475,APPROVE
NON_DELIVERY_CLAIM,561.39,True,1,0,243.19,1425,2,1,1,0,12.600003050277778,APPROVE
SUBSTITUTED_RETURN_CLAIM,6683.03,True,1,0,380.46,376,4,1,2,1,9.033335681944445,ESCALATE
NON_DELIVERY_CLAIM,4712.41,True,1,0,2312.3,1117,3,2,1,0,3.1000009119444445,APPROVE
NON_DELIVERY_CLAIM,5351.91,True,1,0,288.94,592,3,2,1,0,2.583334093611111,ESCALATE
WRONG_ITEM_CLAIM,511.31,False,0,0,1537.93,1239,3,0,3,0,12.166669636388889,REQUEST_EVIDENCE
SHORTAGE_CLAIM,1236.95,False,0,1,1946.54,731,3,0,2,1,5.5666683402777775,REQUEST_EVIDENCE
NON_DELIVERY_CLAIM,600.07,False,0,0,1388.73,1387,2,0,2,0,2.116667290277778,REQUEST_EVIDENCE
SUBSTITUTED_RETURN_CLAIM,1527.65,True,1,0,2289.33,690,2,2,0,0,20.616671305,APPROVE
WRONG_ITEM_CLAIM,2378.17,True,1,0,2857.91,643,2,0,1,1,6.800001923333333,APPROVE
WRONG_ITEM_CLAIM,1596.97,False,0,2,7501.36,1447,4,4,0,0,11.033336088888888,REQUEST_EVIDENCE
WRONG_ITEM_CLAIM,6689.04,False,0,1,2462.22,1296,0,0,0,0,999.0,REQUEST_EVIDENCE
SUBSTITUTED_RETURN_CLAIM,3148.2,False,0,2,910.04,272,1,0,1,0,35.7333410375,REQUEST_EVIDENCE
NON_DELIVERY_CLAIM,511.23,False,0,0,2438.34,188,0,0,0,0,999.0,REQUEST_EVIDENCE
WRONG_ITEM_CLAIM,1725.24,False,0,0,1921.01,179,2,0,1,1,22.93333844,REQUEST_EVIDENCE
SUBSTITUTED_RETURN_CLAIM,4321.91,True,1,2,6452.83,511,2,1,0,1,22.53333836166667,APPROVE
SHORTAGE_CLAIM,1746.22,False,0,1,2803.3,801,3,2,1,0,17.016670612777776,REQUEST_EVIDENCE
WRONG_ITEM_CLAIM,4298.58,False,0,2,2311.1,300,2,1,1,0,14.916670195833333,REQUEST_EVIDENCE
SHORTAGE_CLAIM,351.45,True,1,2,2234.81,1456,3,1,2,0,7.766668793055556,APPROVE
WRONG_ITEM_CLAIM,1820.32,True,1,0,1758.48,1387,2,1,1,0,6.650001909722222,APPROVE
NON_DELIVERY_CLAIM,6245.2,True,1,0,1117.31,43,5,4,1,0,1.4333337486111113,ESCALATE
SHORTAGE_CLAIM,5198.43,True,1,0,1540.06,1165,4,1,3,0,4.816668100833334,ESCALATE
NON_DELIVERY_CLAIM,8770.85,True,1,0,2010.43,456,3,1,1,1,22.183338305833335,ESCALATE
SHORTAGE_CLAIM,2159.66,True,1,2,1649.74,1130,3,0,3,0,2.03333393,DENY
WRONG_ITEM_CLAIM,2239.26,False,0,1,1419.46,284,0,0,0,0,999.0,REQUEST_EVIDENCE
SUBSTITUTED_RETURN_CLAIM,3944.7,False,0,4,4160.88,633,1,0,1,0,35.450007666666664,REQUEST_EVIDENCE
SUBSTITUTED_RETURN_CLAIM,4871.89,False,0,0,1284.32,507,2,0,2,0,17.700004097222223,REQUEST_EVIDENCE
SHORTAGE_CLAIM,4704.05,False,0,0,2957.87,1334,1,1,0,0,16.833337259166665,DENY
NON_DELIVERY_CLAIM,3598.77,True,1,1,1419.46,284,1,0,1,0,0.06666668583333334,APPROVE
SHORTAGE_CLAIM,2547.02,False,0,0,1655.73,1485,1,1,0,0,23.40000522277778,DENY
SHORTAGE_CLAIM,767.63,True,1,1,2418.81,1392,2,0,1,0,7.600002113055555,APPROVE
WRONG_ITEM_CLAIM,2417.58,True,1,0,288.94,592,4,2,1,1,0.45000013083333334,APPROVE
WRONG_ITEM_CLAIM,1024.03,True,1,4,5503.38,253,3,2,1,0,4.916668118055556,APPROVE
NON_DELIVERY_CLAIM,2179.18,True,1,2,1011.35,518,1,1,0,0,25.950005760277776,APPROVE
SUBSTITUTED_RETURN_CLAIM,6686.39,False,0,3,5188.05,1456,2,0,2,0,15.1500036,REQUEST_EVIDENCE
NON_DELIVERY_CLAIM,178.07,True,1,2,676.88,949,4,2,2,0,27.433339432500002,APPROVE
WRONG_ITEM_CLAIM,4788.43,False,0,3,6589.6,332,0,0,0,0,999.0,REQUEST_EVIDENCE
SUBSTITUTED_RETURN_CLAIM,193.53,True,1,0,2065.84,623,1,1,0,0,7.600002122777778,APPROVE
SUBSTITUTED_RETURN_CLAIM,2036.26,True,1,1,2086.88,711,3,0,2,0,27.300006078888888,APPROVE
SHORTAGE_CLAIM,2035.04,False,0,4,6970.61,414,2,0,2,0,2.0000005825,REQUEST_EVIDENCE
SUBSTITUTED_RETURN_CLAIM,3910.89,False,0,2,1281.33,1208,5,2,2,1,6.333335209166667,REQUEST_EVIDENCE
SHORTAGE_CLAIM,1220.36,True,1,1,2648.8,950,4,2,2,0,18.150004207777776,APPROVE
SHORTAGE_CLAIM,3692.15,True,1,1,2067.93,1190,5,2,1,1,2.6666674486111113,DENY
SUBSTITUTED_RETURN_CLAIM,2840.91,False,0,0,1889.59,1192,4,0,0,0,2.7666674783333334,REQUEST_EVIDENCE
NON_DELIVERY_CLAIM,2887.13,False,0,3,7364.62,1382,2,0,2,0,18.833337678333333,REQUEST_EVIDENCE
NON_DELIVERY_CLAIM,3949.65,False,0,1,2639.85,1195,2,0,1,0,16.933337305277778,REQUEST_EVIDENCE
SUBSTITUTED_RETURN_CLAIM,5633.92,True,1,1,2458.81,373,1,0,1,0,27.366672765,ESCALATE
WRONG_ITEM_CLAIM,3118.36,True,1,1,927.0,669,5,3,1,0,20.583338026666667,APPROVE
SHORTAGE_CLAIM,1549.27,False,0,4,4223.44,239,4,3,1,0,23.216671879722224,REQUEST_EVIDENCE
WRONG_ITEM_CLAIM,3358.63,True,1,0,2052.27,481,1,0,1,0,19.433337804166666,APPROVE
SHORTAGE_CLAIM,5451.59,False,0,0,1242.55,1295,3,0,1,0,12.950003192499999,REQUEST_EVIDENCE
NON_DELIVERY_CLAIM,1538.43,False,0,0,1302.75,473,1,0,1,0,22.150005009999997,REQUEST_EVIDENCE
SHORTAGE_CLAIM,3429.11,False,0,0,2590.11,164,2,1,1,0,3.8166677844444443,DENY
SHORTAGE_CLAIM,1747.54,False,0,0,1281.34,1449,3,1,2,0,8.183335593611112,REQUEST_EVIDENCE
SHORTAGE_CLAIM,590.55,True,1,1,1424.61,837,2,2,0,0,11.350002885555556,APPROVE
SUBSTITUTED_RETURN_CLAIM,2185.61,True,1,0,267.42,924,1,0,1,0,7.616668820555555,APPROVE
WRONG_ITEM_CLAIM,2962.05,True,1,0,779.42,664,2,1,1,0,32.700007174722224,APPROVE
SUBSTITUTED_RETURN_CLAIM,3637.33,True,1,0,123.45,359,1,0,1,0,8.583335678055557,APPROVE
NON_DELIVERY_CLAIM,593.63,True,1,0,2383.8,1032,3,2,1,0,8.150002262777777,APPROVE
NON_DELIVERY_CLAIM,2215.51,True,1,1,2778.13,1242,4,4,0,0,3.683334411666667,APPROVE
SUBSTITUTED_RETURN_CLAIM,3650.03,False,0,0,1916.18,58,2,0,1,1,1.8833338766666667,REQUEST_EVIDENCE
NON_DELIVERY_CLAIM,511.31,True,1,0,1537.93,1239,4,0,4,0,0.9333336019444445,APPROVE
SUBSTITUTED_RETURN_CLAIM,6498.33,True,1,1,2491.35,423,3,2,1,0,5.283334883888889,ESCALATE
NON_DELIVERY_CLAIM,2165.37,False,0,2,1743.23,372,1,0,1,0,34.200007480277776,REQUEST_EVIDENCE
WRONG_ITEM_CLAIM,4349.12,False,0,0,2768.56,570,1,0,1,0,25.61667240638889,REQUEST_EVIDENCE
NON_DELIVERY_CLAIM,1777.06,True,1,1,339.49,1057,1,0,1,0,8.300002302500001,APPROVE
NON_DELIVERY_CLAIM,3821.51,True,1,0,2868.83,1026,1,0,1,0,34.30000750388889,APPROVE
SUBSTITUTED_RETURN_CLAIM,2404.68,True,1,1,2470.02,295,2,2,0,0,13.133336587777778,APPROVE
WRONG_ITEM_CLAIM,2051.69,False,0,0,1733.76,1392,1,1,0,0,18.700004356666668,REQUEST_EVIDENCE
SUBSTITUTED_RETURN_CLAIM,973.86,False,0,1,355.79,935,4,2,0,0,7.866668891666667,REQUEST_EVIDENCE
SUBSTITUTED_RETURN_CLAIM,6239.07,True,1,0,2537.9,338,3,2,1,0,4.566668005277778,ESCALATE
WRONG_ITEM_CLAIM,5780.06,False,0,0,435.46,259,2,0,2,0,10.400002722777778,REQUEST_EVIDENCE
NON_DELIVERY_CLAIM,4480.59,False,0,0,2563.46,1185,3,0,1,1,2.983334204444444,REQUEST_EVIDENCE
NON_DELIVERY_CLAIM,5648.52,False,0,2,2307.66,1355,2,2,0,0,18.450004315,REQUEST_EVIDENCE
SHORTAGE_CLAIM,117.88,False,0,1,1559.85,813,3,1,1,1,13.783336726944444,REQUEST_EVIDENCE
NON_DELIVERY_CLAIM,1703.01,False,0,0,2102.18,1434,4,1,3,0,2.666667441111111,REQUEST_EVIDENCE
NON_DELIVERY_CLAIM,1117.89,True,1,0,2999.86,1012,5,1,2,1,9.116669144166666,APPROVE
SUBSTITUTED_RETURN_CLAIM,2203.6,True,1,0,849.89,169,6,4,2,0,9.600002573333333,APPROVE
WRONG_ITEM_CLAIM,4510.23,False,0,0,1250.32,1455,3,1,2,0,9.366669195277776,REQUEST_EVIDENCE
WRONG_ITEM_CLAIM,2094.15,True,1,0,1001.38,33,2,1,1,0,3.0833342327777777,APPROVE
WRONG_ITEM_CLAIM,3352.96,False,0,0,270.75,1054,0,0,0,0,999.0,REQUEST_EVIDENCE
SHORTAGE_CLAIM,512.48,True,1,1,1936.0,535,1,0,1,0,4.7166680475,DENY
SUBSTITUTED_RETURN_CLAIM,2698.59,True,1,0,1817.86,1344,1,1,0,0,38.95000844194445,APPROVE
WRONG_ITEM_CLAIM,2333.04,True,1,1,2865.15,647,2,1,1,0,26.450005931944446,APPROVE
NON_DELIVERY_CLAIM,2487.82,True,1,3,5874.63,743,1,1,0,0,26.833339344444447,APPROVE
WRONG_ITEM_CLAIM,867.58,True,1,0,1662.95,146,3,1,1,0,26.38333925583333,APPROVE
SHORTAGE_CLAIM,2115.27,True,1,2,2234.81,1456,4,2,2,0,1.1333336591666667,DENY
NON_DELIVERY_CLAIM,9206.5,True,1,1,1241.96,1185,3,1,1,0,4.316667929166667,ESCALATE
WRONG_ITEM_CLAIM,2351.25,False,0,1,1883.72,1474,2,1,0,1,32.70000722361112,REQUEST_EVIDENCE
SHORTAGE_CLAIM,2726.97,False,0,0,2817.42,535,2,0,2,0,19.01667111833333,REQUEST_EVIDENCE
NON_DELIVERY_CLAIM,1948.93,True,1,0,835.7,465,4,0,3,1,15.550003765277777,APPROVE
NON_DELIVERY_CLAIM,4305.78,True,1,1,2670.88,110,5,2,1,1,2.6500007647222223,APPROVE
WRONG_ITEM_CLAIM,162.65,False,0,2,7632.14,989,2,1,0,0,11.183336243055557,REQUEST_EVIDENCE
WRONG_ITEM_CLAIM,6725.46,False,0,0,1474.86,1003,2,1,0,0,6.800002046666666,REQUEST_EVIDENCE
NON_DELIVERY_CLAIM,3253.56,True,1,0,449.89,576,3,1,1,0,17.150004085,APPROVE
WRONG_ITEM_CLAIM,953.57,False,0,1,1594.29,1062,0,0,0,0,999.0,REQUEST_EVIDENCE
NON_DELIVERY_CLAIM,2762.77,False,0,1,444.04,942,0,0,0,0,999.0,REQUEST_EVIDENCE
SHORTAGE_CLAIM,3204.51,False,0,1,5708.94,1446,3,2,1,0,9.333335885,REQUEST_EVIDENCE
WRONG_ITEM_CLAIM,1564.96,False,0,1,2189.88,1077,5,3,2,0,2.3000006630555556,REQUEST_EVIDENCE
SHORTAGE_CLAIM,1490.51,True,1,1,1250.77,838,1,0,1,0,32.65000722777778,DENY
WRONG_ITEM_CLAIM,4143.49,True,1,0,2837.06,1295,3,2,1,0,3.650001063888889,APPROVE
SHORTAGE_CLAIM,1127.99,False,0,0,2908.72,367,4,3,1,0,4.933334775833334,REQUEST_EVIDENCE
WRONG_ITEM_CLAIM,1014.09,False,0,3,5911.44,1222,4,1,2,0,16.100003888611113,REQUEST_EVIDENCE
WRONG_ITEM_CLAIM,4850.0,False,0,0,2668.27,652,0,0,0,0,999.0,REQUEST_EVIDENCE
WRONG_ITEM_CLAIM,5939.49,True,1,0,1093.48,426,3,2,1,0,18.333337668055552,ESCALATE
SUBSTITUTED_RETURN_CLAIM,2227.32,False,0,0,1460.9,113,4,3,0,1,7.183335474722223,REQUEST_EVIDENCE
SHORTAGE_CLAIM,961.67,False,0,1,2342.92,672,3,0,2,0,21.183338233333334,REQUEST_EVIDENCE
WRONG_ITEM_CLAIM,3544.05,False,0,0,1201.75,316,4,1,3,0,7.883335616666667,REQUEST_EVIDENCE
NON_DELIVERY_CLAIM,2262.96,True,1,0,319.65,198,3,2,1,0,10.466669455833333,APPROVE
NON_DELIVERY_CLAIM,3720.43,True,1,0,2397.53,229,2,2,0,0,1.8166671883333334,APPROVE
SHORTAGE_CLAIM,1781.45,False,0,4,5735.08,784,3,1,1,0,18.416671027499998,REQUEST_EVIDENCE
SHORTAGE_CLAIM,3736.76,False,0,1,2456.85,1075,3,1,2,0,1.9500005605555555,DENY
SHORTAGE_CLAIM,5029.82,False,0,2,2200.43,485,0,0,0,0,999.0,DENY
SHORTAGE_CLAIM,526.11,True,1,3,3601.78,1370,5,1,4,0,4.350001266944444,APPROVE
SUBSTITUTED_RETURN_CLAIM,1999.69,True,1,0,1605.3,651,2,1,1,0,17.066670765,APPROVE
WRONG_ITEM_CLAIM,3238.31,False,0,1,1445.22,1386,4,0,2,1,16.916670738055554,REQUEST_EVIDENCE
SUBSTITUTED_RETURN_CLAIM,2119.74,True,1,1,5394.91,439,4,1,1,2,19.61667127361111,APPROVE
SUBSTITUTED_RETURN_CLAIM,5829.44,False,0,1,2822.97,909,1,1,0,0,9.300002575555556,REQUEST_EVIDENCE
SUBSTITUTED_RETURN_CLAIM,4379.47,True,1,0,143.18,1008,1,1,0,0,22.766671898055556,APPROVE
SUBSTITUTED_RETURN_CLAIM,1502.94,False,0,2,432.23,1000,3,0,2,0,16.883337403888888,REQUEST_EVIDENCE
WRONG_ITEM_CLAIM,1170.05,True,1,0,2563.46,1185,4,0,2,1,0.8000002283333333,APPROVE
NON_DELIVERY_CLAIM,1697.76,True,1,0,95.45,119,1,0,1,0,17.050004105277775,APPROVE
NON_DELIVERY_CLAIM,656.8,False,0,0,2316.43,1143,0,0,0,0,999.0,REQUEST_EVIDENCE
SUBSTITUTED_RETURN_CLAIM,6933.16,False,0,0,123.55,494,3,1,1,0,23.68333875305556,REQUEST_EVIDENCE
NON_DELIVERY_CLAIM,427.84,True,1,1,2992.1,1135,3,2,1,0,21.450004979166664,APPROVE
NON_DELIVERY_CLAIM,4294.54,True,1,0,2670.74,834,1,1,0,0,10.483336151388889,APPROVE
SUBSTITUTED_RETURN_CLAIM,5059.11,True,1,2,2123.26,914,2,1,1,0,5.0333348,ESCALATE
NON_DELIVERY_CLAIM,728.83,True,1,0,2908.72,367,5,3,2,0,0.43333345749999996,APPROVE
WRONG_ITEM_CLAIM,2789.65,True,1,0,348.2,958,4,2,1,0,25.516672478611113,APPROVE
WRONG_ITEM_CLAIM,2065.33,True,1,0,2438.34,188,1,0,1,0,1.9333338880555557,APPROVE
SUBSTITUTED_RETURN_CLAIM,1536.49,False,0,1,729.95,695,2,1,1,0,23.650005422222222,REQUEST_EVIDENCE
WRONG_ITEM_CLAIM,2133.87,True,1,1,897.31,490,2,1,0,0,3.7666677594444447,APPROVE
NON_DELIVERY_CLAIM,7472.0,False,0,0,2597.86,724,2,1,1,0,10.033336075277779,REQUEST_EVIDENCE
NON_DELIVERY_CLAIM,8879.71,False,0,1,2458.81,373,2,0,1,1,1.4500004155555555,REQUEST_EVIDENCE
WRONG_ITEM_CLAIM,3534.24,True,1,0,82.05,1066,1,1,0,0,25.550005827222222,APPROVE
NON_DELIVERY_CLAIM,3643.6,True,1,0,2736.31,1438,1,0,1,0,30.316673485555555,APPROVE
NON_DELIVERY_CLAIM,2693.25,True,1,1,4698.16,1081,1,1,0,0,39.95000871833333,APPROVE
SHORTAGE_CLAIM,4816.51,False,0,3,1442.55,1147,0,0,0,0,999.0,REQUEST_EVIDENCE
WRONG_ITEM_CLAIM,2347.77,False,0,0,273.08,77,1,0,0,0,37.16667483888889,REQUEST_EVIDENCE
WRONG_ITEM_CLAIM,1703.35,True,1,1,182.1,175,4,2,2,0,17.333337521666667,APPROVE
NON_DELIVERY_CLAIM,1984.7,True,1,0,2703.23,212,2,2,0,0,4.350001264722223,APPROVE
WRONG_ITEM_CLAIM,5052.2,True,1,0,1460.9,113,5,3,1,1,0.6000001708333333,ESCALATE
WRONG_ITEM_CLAIM,7777.37,True,1,3,5658.64,1369,1,0,1,0,8.050002367222222,ESCALATE
SUBSTITUTED_RETURN_CLAIM,1561.07,False,0,0,2881.03,120,3,2,1,0,27.466672886388892,REQUEST_EVIDENCE
SHORTAGE_CLAIM,3293.01,True,1,0,1916.18,58,3,0,2,1,1.4000004,APPROVE
SUBSTITUTED_RETURN_CLAIM,3659.94,True,1,1,3876.01,1295,1,0,1,0,31.866673805555553,APPROVE
SUBSTITUTED_RETURN_CLAIM,1607.74,True,1,2,1151.45,648,2,1,1,0,24.883339020555557,APPROVE
WRONG_ITEM_CLAIM,1717.77,False,0,0,306.82,1305,1,0,1,0,40.65000887416667,REQUEST_EVIDENCE
NON_DELIVERY_CLAIM,707.18,True,1,1,2002.74,986,1,0,1,0,32.400007251388885,APPROVE
NON_DELIVERY_CLAIM,4054.19,True,1,3,4172.98,324,6,1,3,0,5.483334929722222,APPROVE
SUBSTITUTED_RETURN_CLAIM,1895.54,True,1,1,2759.07,1122,3,3,0,0,5.6500016475,APPROVE
NON_DELIVERY_CLAIM,2065.62,False,0,2,6452.83,511,3,2,0,1,2.2666673175,REQUEST_EVIDENCE
SHORTAGE_CLAIM,3509.97,False,0,1,2491.35,423,4,2,1,1,1.500000431111111,DENY
SHORTAGE_CLAIM,1631.95,False,0,1,525.19,618,2,0,0,2,4.483334636111111,REQUEST_EVIDENCE
NON_DELIVERY_CLAIM,1581.16,True,1,0,1015.64,1316,2,1,1,0,20.566671516944442,APPROVE
SUBSTITUTED_RETURN_CLAIM,6798.73,True,1,1,4698.16,1081,2,2,0,0,0.31666675805555555,ESCALATE
WRONG_ITEM_CLAIM,3212.25,False,0,0,1615.24,142,5,4,1,0,3.683334393611111,REQUEST_EVIDENCE
SHORTAGE_CLAIM,904.58,False,0,0,1918.58,306,3,0,3,0,8.800002538333334,REQUEST_EVIDENCE
SHORTAGE_CLAIM,2447.3,False,0,4,3020.44,736,1,1,0,0,29.833340089722224,REQUEST_EVIDENCE
SHORTAGE_CLAIM,2724.42,False,0,0,2990.55,1063,3,0,2,1,23.633338796388887,DENY
WRONG_ITEM_CLAIM,1447.83,True,1,1,1950.93,1366,1,0,1,0,39.48334199666667,APPROVE
SHORTAGE_CLAIM,1515.29,True,1,1,1071.13,1041,3,1,2,0,3.066667547777778,APPROVE
SUBSTITUTED_RETURN_CLAIM,567.75,False,0,0,1272.93,619,4,0,4,0,4.833334738611111,REQUEST_EVIDENCE
WRONG_ITEM_CLAIM,2034.93,False,0,3,1723.01,324,2,0,1,0,31.31667372305556,REQUEST_EVIDENCE
NON_DELIVERY_CLAIM,3285.22,False,0,1,1368.62,216,0,0,0,0,999.0,REQUEST_EVIDENCE
WRONG_ITEM_CLAIM,148.55,True,1,1,789.95,125,3,2,1,0,15.6000038875,APPROVE
NON_DELIVERY_CLAIM,3342.75,False,0,0,644.15,374,1,1,0,0,32.85000736777778,REQUEST_EVIDENCE
NON_DELIVERY_CLAIM,4018.83,True,1,0,847.37,829,2,0,1,0,22.633338609166668,APPROVE
NON_DELIVERY_CLAIM,5010.34,True,1,1,2543.95,625,1,0,0,1,26.500006065555556,ESCALATE
SHORTAGE_CLAIM,1998.52,False,0,1,1563.34,205,1,0,0,1,16.9666708275,REQUEST_EVIDENCE
WRONG_ITEM_CLAIM,5529.28,True,1,0,1431.36,1409,2,2,0,0,13.400003462777779,ESCALATE
WRONG_ITEM_CLAIM,1945.74,True,1,2,5852.54,244,1,0,1,0,18.700004506111114,APPROVE
WRONG_ITEM_CLAIM,7756.39,True,1,2,1743.23,372,2,0,2,0,1.8166671866666666,ESCALATE
NON_DELIVERY_CLAIM,1160.48,False,0,0,2270.36,1044,1,1,0,0,28.15000640083333,REQUEST_EVIDENCE
WRONG_ITEM_CLAIM,4768.92,True,1,0,1354.61,160,0,0,0,0,999.0,APPROVE
SUBSTITUTED_RETURN_CLAIM,3711.68,False,0,0,1511.24,649,4,0,2,1,5.3333348825,REQUEST_EVIDENCE
SUBSTITUTED_RETURN_CLAIM,3769.2,False,0,0,2018.41,285,2,2,0,0,11.116669684722222,REQUEST_EVIDENCE
SHORTAGE_CLAIM,1019.4,False,0,1,2629.18,188,5,3,1,0,7.750002356944444,DENY
NON_DELIVERY_CLAIM,1586.89,True,1,1,4498.6,91,1,0,0,1,40.983342319722226,APPROVE
SHORTAGE_CLAIM,804.84,False,0,0,243.19,1425,3,2,1,0,2.9666675166666665,REQUEST_EVIDENCE
NON_DELIVERY_CLAIM,293.98,False,0,0,1594.41,918,1,0,0,0,23.60000548388889,REQUEST_EVIDENCE
SHORTAGE_CLAIM,1641.84,True,1,0,2569.87,1248,1,0,0,1,21.700005113055553,DENY
SHORTAGE_CLAIM,4413.42,True,1,0,2390.46,429,3,2,1,0,29.250006638888888,APPROVE
SHORTAGE_CLAIM,3651.56,True,1,0,2527.63,1344,1,1,0,0,10.550002920555556,DENY
NON_DELIVERY_CLAIM,829.95,True,1,2,2257.05,1487,3,2,1,0,24.23333895222222,APPROVE
WRONG_ITEM_CLAIM,4623.6,True,1,1,729.95,695,3,1,2,0,0.9166669294444445,APPROVE
SUBSTITUTED_RETURN_CLAIM,3541.77,True,1,1,770.91,880,1,0,0,0,22.616671967777776,APPROVE
SHORTAGE_CLAIM,4801.2,True,1,1,5324.85,503,5,2,3,0,5.750001670555555,DENY
SUBSTITUTED_RETURN_CLAIM,852.26,False,0,0,1884.89,136,1,0,1,0,17.666670991666667,REQUEST_EVIDENCE
WRONG_ITEM_CLAIM,2930.97,False,0,0,1201.87,1406,2,0,2,0,22.216671899166666,REQUEST_EVIDENCE
SUBSTITUTED_RETURN_CLAIM,3174.4,True,1,3,3920.1,35,3,2,0,0,9.950002819722222,APPROVE
SHORTAGE_CLAIM,1864.03,True,1,0,273.08,77,2,0,1,0,0.8833335925,DENY
WRONG_ITEM_CLAIM,1382.01,True,1,1,4455.06,581,2,0,2,0,31.60000716277778,APPROVE
WRONG_ITEM_CLAIM,2235.19,True,1,0,611.2,1023,2,1,1,0,4.050001169166666,APPROVE
SUBSTITUTED_RETURN_CLAIM,1967.48,True,1,1,1594.29,1062,1,0,1,0,1.6500004769444445,APPROVE
WRONG_ITEM_CLAIM,1794.35,True,1,2,2940.14,918,2,2,0,0,7.566668881388889,APPROVE
SHORTAGE_CLAIM,1520.01,False,0,1,2282.33,625,1,0,1,0,27.91667306,REQUEST_EVIDENCE
SUBSTITUTED_RETURN_CLAIM,2965.26,False,0,1,1493.22,887,2,1,1,0,7.7166689277777785,REQUEST_EVIDENCE
NON_DELIVERY_CLAIM,3794.77,False,0,0,2736.31,1438,2,1,1,0,1.0500003055555556,REQUEST_EVIDENCE
WRONG_ITEM_CLAIM,537.32,False,0,1,1413.66,1128,1,1,0,0,23.466672156944444,REQUEST_EVIDENCE
SHORTAGE_CLAIM,8518.57,False,0,0,1763.44,1300,2,2,0,0,21.966671866666665,DENY
SHORTAGE_CLAIM,2434.51,False,0,4,4852.42,1328,3,1,2,0,20.233338193055552,REQUEST_EVIDENCE
NON_DELIVERY_CLAIM,5152.32,True,1,1,1388.64,548,2,1,1,0,33.95000764388889,ESCALATE
SUBSTITUTED_RETURN_CLAIM,3268.94,True,1,1,2673.83,1413,3,2,1,0,28.900006601388892,APPROVE
WRONG_ITEM_CLAIM,3546.91,False,0,1,1873.72,184,2,1,1,0,23.3166721375,REQUEST_EVIDENCE
SHORTAGE_CLAIM,524.54,False,0,0,437.83,1258,2,1,1,0,31.4500071525,DENY
WRONG_ITEM_CLAIM,2536.03,False,0,0,449.89,576,4,2,1,0,1.8666672061111111,REQUEST_EVIDENCE
WRONG_ITEM_CLAIM,116.94,True,1,0,2770.91,106,1,1,0,0,6.750001968055556,APPROVE
WRONG_ITEM_CLAIM,428.41,True,1,0,1058.69,661,1,0,1,0,20.000004823611114,APPROVE
SUBSTITUTED_RETURN_CLAIM,2161.59,False,0,2,1281.33,1208,6,2,3,1,2.816667478888889,REQUEST_EVIDENCE
NON_DELIVERY_CLAIM,1887.75,False,0,1,1221.02,1025,4,3,1,0,18.11667111888889,REQUEST_EVIDENCE
SUBSTITUTED_RETURN_CLAIM,1835.31,True,1,1,1545.81,1352,1,0,1,0,6.750001968055556,APPROVE
NON_DELIVERY_CLAIM,1531.04,True,1,1,6534.77,492,3,2,1,0,5.433334913055556,APPROVE
SHORTAGE_CLAIM,4768.92,True,1,0,1354.61,160,1,1,0,0,0.6500001927777778,APPROVE
SHORTAGE_CLAIM,5074.82,True,1,0,1325.65,1218,4,0,4,0,9.283336058333335,ESCALATE
SUBSTITUTED_RETURN_CLAIM,706.92,False,0,1,2887.94,339,1,0,1,0,34.11667436388889,REQUEST_EVIDENCE
SHORTAGE_CLAIM,5265.01,True,1,1,88.07,560,3,2,0,0,3.8833344538888888,ESCALATE
SHORTAGE_CLAIM,1180.99,True,1,0,929.72,1056,3,1,2,0,4.333334584166667,DENY
SUBSTITUTED_RETURN_CLAIM,110.65,False,0,0,1371.96,93,2,0,2,0,12.900003440555556,REQUEST_EVIDENCE
SHORTAGE_CLAIM,299.28,False,0,0,2991.05,1017,3,1,2,0,7.716668916111111,REQUEST_EVIDENCE
SUBSTITUTED_RETURN_CLAIM,5834.1,False,0,2,1743.23,372,3,0,2,1,0.8000002344444445,REQUEST_EVIDENCE
SHORTAGE_CLAIM,2190.55,True,1,1,71.73,430,2,1,1,0,11.933336585277777,APPROVE
WRONG_ITEM_CLAIM,1522.4,True,1,2,2061.2,1237,0,0,0,0,999.0,APPROVE
WRONG_ITEM_CLAIM,186.93,True,1,0,2794.19,49,1,0,1,0,32.0833406375,APPROVE
SUBSTITUTED_RETURN_CLAIM,2682.61,False,0,0,2747.56,102,3,1,2,0,5.000001443055556,REQUEST_EVIDENCE
WRONG_ITEM_CLAIM,2365.57,True,1,0,1474.86,1003,3,1,1,0,2.200000634722222,APPROVE
SUBSTITUTED_RETURN_CLAIM,186.9,False,0,2,7120.96,933,5,1,3,0,5.983335074444445,REQUEST_EVIDENCE
SUBSTITUTED_RETURN_CLAIM,1558.97,True,1,3,5731.08,1386,3,0,2,1,22.08333859638889,APPROVE
SHORTAGE_CLAIM,6119.87,True,1,2,2709.38,89,4,0,4,0,14.950003858333334,DENY
SUBSTITUTED_RETURN_CLAIM,295.88,True,1,1,529.82,1167,1,1,0,0,21.4500051425,APPROVE
NON_DELIVERY_CLAIM,2008.96,False,0,1,4742.58,360,3,1,2,0,9.450002778888889,REQUEST_EVIDENCE
SHORTAGE_CLAIM,893.78,False,0,0,1764.93,838,2,0,2,0,25.383339252777777,REQUEST_EVIDENCE
SUBSTITUTED_RETURN_CLAIM,595.71,True,1,0,1734.4,598,1,1,0,0,42.16667597305556,APPROVE
WRONG_ITEM_CLAIM,449.23,False,0,1,1649.9,1210,2,0,2,0,17.683337736111113,REQUEST_EVIDENCE
WRONG_ITEM_CLAIM,1633.21,True,1,1,2964.46,301,2,1,1,0,10.850003061944443,APPROVE
SHORTAGE_CLAIM,4921.07,False,0,0,1447.5,262,2,0,2,0,5.100001470277777,DENY
SHORTAGE_CLAIM,2380.38,False,0,0,444.77,1259,0,0,0,0,999.0,DENY
SUBSTITUTED_RETURN_CLAIM,4434.0,True,1,1,1501.43,1229,2,1,0,0,7.083335395555555,APPROVE
WRONG_ITEM_CLAIM,944.85,False,0,1,1649.9,1210,3,0,3,0,0.08333335666666668,REQUEST_EVIDENCE
WRONG_ITEM_CLAIM,413.19,False,0,0,2168.65,538,3,1,2,0,14.016670358611112,REQUEST_EVIDENCE
WRONG_ITEM_CLAIM,945.08,True,1,1,1649.9,1210,4,0,4,0,0.0333333425,APPROVE
NON_DELIVERY_CLAIM,1691.77,True,1,1,953.85,325,1,0,1,0,24.58333910722222,APPROVE
SUBSTITUTED_RETURN_CLAIM,3333.59,True,1,0,2111.01,622,3,3,0,0,10.783336394722221,APPROVE
NON_DELIVERY_CLAIM,3261.28,False,0,1,1939.02,543,4,2,2,0,11.616669890555556,REQUEST_EVIDENCE
SUBSTITUTED_RETURN_CLAIM,797.09,True,1,0,1891.23,1228,1,0,1,0,33.20000755388889,APPROVE
WRONG_ITEM_CLAIM,4261.09,True,1,0,1423.84,898,5,1,4,0,4.950001426388889,APPROVE
SUBSTITUTED_RETURN_CLAIM,168.04,False,0,1,6891.08,559,2,1,1,0,22.9500054625,REQUEST_EVIDENCE
WRONG_ITEM_CLAIM,1910.65,True,1,0,2703.23,212,3,3,0,0,1.7833338488888888,APPROVE
NON_DELIVERY_CLAIM,2336.32,True,1,0,2947.14,1282,2,2,0,0,10.750003063333333,APPROVE
SUBSTITUTED_RETURN_CLAIM,3106.98,False,0,0,257.12,867,0,0,0,0,999.0,REQUEST_EVIDENCE
SHORTAGE_CLAIM,523.95,False,0,1,2648.8,950,5,3,2,0,3.483334335555556,DENY
NON_DELIVERY_CLAIM,2374.75,False,0,0,1370.24,124,2,1,1,0,18.43333790888889,REQUEST_EVIDENCE
WRONG_ITEM_CLAIM,1181.57,True,1,1,1445.22,1386,5,0,3,1,2.283333991111111,APPROVE
SUBSTITUTED_RETURN_CLAIM,1763.91,True,1,0,827.89,809,4,2,1,0,23.183338851944445,APPROVE
WRONG_ITEM_CLAIM,6246.2,False,0,4,3034.13,818,3,1,2,0,4.800001382777778,REQUEST_EVIDENCE
WRONG_ITEM_CLAIM,2212.62,True,1,1,2996.46,1183,2,1,1,0,11.183336491944445,APPROVE
WRONG_ITEM_CLAIM,3453.47,True,1,1,1563.34,205,2,0,1,1,1.4500004197222223,APPROVE
WRONG_ITEM_CLAIM,1179.0,True,1,1,1213.69,332,2,0,2,0,14.750003863055555,APPROVE
NON_DELIVERY_CLAIM,3825.11,True,1,0,1691.87,674,1,0,1,0,43.21667621888889,APPROVE
SUBSTITUTED_RETURN_CLAIM,2820.09,True,1,2,6272.77,1017,0,0,0,0,999.0,APPROVE
NON_DELIVERY_CLAIM,4835.92,True,1,1,2376.72,43,2,0,2,0,10.483336360277777,APPROVE
WRONG_ITEM_CLAIM,2427.81,True,1,0,2668.27,652,1,0,1,0,2.6333340924999997,APPROVE
NON_DELIVERY_CLAIM,788.67,False,0,2,7522.46,1124,4,1,3,0,23.20000553638889,REQUEST_EVIDENCE
SUBSTITUTED_RETURN_CLAIM,6278.07,True,1,0,644.15,374,2,1,1,0,1.6166671347222223,ESCALATE
NON_DELIVERY_CLAIM,400.45,False,0,3,2756.82,1053,2,1,1,0,13.916670373055554,REQUEST_EVIDENCE
SHORTAGE_CLAIM,2581.87,True,1,0,2356.6,1100,1,1,0,0,39.08334207777778,APPROVE
NON_DELIVERY_CLAIM,1979.19,True,1,0,2949.04,441,1,0,0,0,20.15000493638889,APPROVE
SHORTAGE_CLAIM,646.02,True,1,1,1563.34,205,3,1,1,1,0.18333338555555556,APPROVE
WRONG_ITEM_CLAIM,1007.3,True,1,0,956.15,1213,3,1,1,0,22.433338725,APPROVE
NON_DELIVERY_CLAIM,2130.81,True,1,0,1453.61,767,2,0,0,2,27.666673090555555,APPROVE
WRONG_ITEM_CLAIM,3168.54,False,0,2,2307.66,1355,3,2,1,0,3.2833342769444447,REQUEST_EVIDENCE
SHORTAGE_CLAIM,3695.26,True,1,1,1950.93,1366,2,1,1,0,1.8500005333333331,APPROVE
SHORTAGE_CLAIM,860.93,True,1,0,2448.84,940,3,1,2,0,18.13333788222222,APPROVE
SUBSTITUTED_RETURN_CLAIM,813.86,False,0,2,877.9,151,0,0,0,0,999.0,REQUEST_EVIDENCE
NON_DELIVERY_CLAIM,115.52,True,1,0,330.71,411,2,0,2,0,14.650003867777777,APPROVE
SUBSTITUTED_RETURN_CLAIM,991.97,False,0,1,2412.26,850,1,1,0,0,35.05000796555556,REQUEST_EVIDENCE
SUBSTITUTED_RETURN_CLAIM,2782.51,True,1,0,2224.18,118,3,2,1,0,10.733336433055555,APPROVE
SUBSTITUTED_RETURN_CLAIM,2752.2,True,1,1,2993.99,542,0,0,0,0,999.0,APPROVE
SUBSTITUTED_RETURN_CLAIM,7971.23,True,1,3,1312.78,743,3,0,3,0,25.166672609166667,ESCALATE
SUBSTITUTED_RETURN_CLAIM,3149.53,True,1,0,2959.92,1196,1,1,0,0,4.850001394444445,APPROVE
NON_DELIVERY_CLAIM,2655.59,True,1,0,2814.27,1004,4,1,2,1,16.116670831944443,APPROVE
WRONG_ITEM_CLAIM,648.13,True,1,0,1946.16,1471,1,0,1,0,36.21667487472222,APPROVE
NON_DELIVERY_CLAIM,3861.67,True,1,0,113.89,1192,2,1,0,1,9.216669450277779,APPROVE
WRONG_ITEM_CLAIM,2316.0,False,0,1,622.39,1115,2,1,1,0,32.00000737333333,REQUEST_EVIDENCE
NON_DELIVERY_CLAIM,1880.97,True,1,0,527.31,1421,0,0,0,0,999.0,APPROVE
SUBSTITUTED_RETURN_CLAIM,3105.46,True,1,1,529.82,1167,2,2,0,0,0.9333336,APPROVE
NON_DELIVERY_CLAIM,2411.6,True,1,0,0.51,273,3,2,0,1,36.466674931111115,APPROVE
WRONG_ITEM_CLAIM,2439.06,False,0,0,2990.55,1063,4,0,2,1,2.1333339491666665,REQUEST_EVIDENCE
SUBSTITUTED_RETURN_CLAIM,591.45,False,0,0,1054.72,796,0,0,0,0,999.0,REQUEST_EVIDENCE
SHORTAGE_CLAIM,1839.99,False,0,0,1410.41,768,4,1,3,0,18.066671270555556,REQUEST_EVIDENCE
NON_DELIVERY_CLAIM,4802.64,False,0,0,2413.01,685,3,0,3,0,14.033337144166667,REQUEST_EVIDENCE
NON_DELIVERY_CLAIM,3825.66,True,1,0,2857.91,643,3,1,1,1,4.700001394166667,APPROVE
SHORTAGE_CLAIM,2286.75,False,0,0,2608.42,1264,5,1,3,1,9.88333633,REQUEST_EVIDENCE
WRONG_ITEM_CLAIM,2047.94,True,1,0,1419.48,633,4,1,3,0,18.066671278055555,APPROVE
WRONG_ITEM_CLAIM,709.64,False,0,0,2198.62,111,1,0,0,0,37.40000850472222,REQUEST_EVIDENCE
SHORTAGE_CLAIM,1033.46,False,0,3,1442.55,1147,1,0,1,0,2.633334135,REQUEST_EVIDENCE
SUBSTITUTED_RETURN_CLAIM,6670.82,False,0,1,923.32,1177,1,0,0,0,6.666668638611111,REQUEST_EVIDENCE
WRONG_ITEM_CLAIM,1409.81,False,0,0,2449.36,1081,0,0,0,0,999.0,REQUEST_EVIDENCE
SHORTAGE_CLAIM,4193.93,False,0,0,2317.12,50,2,0,1,0,11.966670086388888,DENY
WRONG_ITEM_CLAIM,350.72,False,0,0,1697.44,1287,1,0,1,0,23.066672273055556,REQUEST_EVIDENCE
NON_DELIVERY_CLAIM,5811.98,False,0,0,929.72,1056,4,1,2,0,1.383333771111111,REQUEST_EVIDENCE
WRONG_ITEM_CLAIM,3079.59,False,0,3,4160.43,672,4,1,3,0,13.250003672222222,REQUEST_EVIDENCE
WRONG_ITEM_CLAIM,1507.29,True,1,0,204.86,1041,1,0,1,0,9.883336345833332,APPROVE
SUBSTITUTED_RETURN_CLAIM,2233.91,True,1,0,2428.44,1038,5,3,2,0,19.516671575555556,APPROVE
SUBSTITUTED_RETURN_CLAIM,2023.47,True,1,0,2597.86,724,3,1,2,0,2.866667535,APPROVE
SUBSTITUTED_RETURN_CLAIM,2286.75,False,0,0,2608.42,1264,6,1,4,1,0.21666672944444446,REQUEST_EVIDENCE
NON_DELIVERY_CLAIM,1615.54,True,1,0,1990.84,546,2,1,1,0,41.25000927694444,APPROVE
NON_DELIVERY_CLAIM,1523.88,True,1,0,15.09,1417,4,3,1,0,8.583335868611112,APPROVE
SHORTAGE_CLAIM,1829.16,False,0,0,1793.8,650,2,0,1,1,5.500001625,REQUEST_EVIDENCE
WRONG_ITEM_CLAIM,1896.36,False,0,0,779.42,664,3,2,1,0,4.2166679219444445,REQUEST_EVIDENCE
SUBSTITUTED_RETURN_CLAIM,1986.78,True,1,1,1883.72,1474,3,1,1,1,3.7000011061111113,APPROVE
NON_DELIVERY_CLAIM,3610.1,True,1,2,594.8,835,4,2,1,1,18.533338062499997,APPROVE
WRONG_ITEM_CLAIM,2308.88,False,0,0,1609.25,1130,3,0,3,0,11.050003260277778,REQUEST_EVIDENCE
SHORTAGE_CLAIM,1965.09,True,1,1,501.49,1200,2,1,0,0,10.800003210277778,DENY
SHORTAGE_CLAIM,1424.94,True,1,0,1106.94,827,5,3,1,1,12.300003509166666,DENY
SUBSTITUTED_RETURN_CLAIM,585.63,False,0,1,699.0,287,1,1,0,0,23.416672365,REQUEST_EVIDENCE
WRONG_ITEM_CLAIM,4961.29,False,0,1,1942.11,581,3,0,3,0,9.550002824166667,REQUEST_EVIDENCE
NON_DELIVERY_CLAIM,220.95,False,0,0,41.63,768,1,0,1,0,25.216672721944445,REQUEST_EVIDENCE
NON_DELIVERY_CLAIM,2296.96,True,1,2,230.84,164,2,1,1,0,23.90000580027778,APPROVE
SUBSTITUTED_RETURN_CLAIM,2121.77,True,1,2,3613.14,287,2,1,0,0,7.233335471388889,APPROVE
SHORTAGE_CLAIM,5716.24,True,1,1,464.42,1169,1,0,1,0,23.866672463333334,ESCALATE
SHORTAGE_CLAIM,3466.02,False,0,0,1117.31,43,6,4,1,1,5.016668151666667,REQUEST_EVIDENCE
SUBSTITUTED_RETURN_CLAIM,2160.62,True,1,4,4192.47,182,0,0,0,0,999.0,APPROVE
WRONG_ITEM_CLAIM,2713.67,False,0,4,2786.15,609,3,1,2,0,8.9166693,REQUEST_EVIDENCE
NON_DELIVERY_CLAIM,3010.56,False,0,1,189.3,1346,5,1,4,0,16.633337709444444,REQUEST_EVIDENCE
WRONG_ITEM_CLAIM,3744.87,False,0,0,1250.32,1455,4,1,3,0,4.116667893333333,REQUEST_EVIDENCE
WRONG_ITEM_CLAIM,6067.69,True,1,4,4072.8,817,1,1,0,0,29.500006942222225,ESCALATE
SHORTAGE_CLAIM,334.14,False,0,2,2234.81,1456,5,2,2,0,4.0166678636111115,REQUEST_EVIDENCE
SHORTAGE_CLAIM,3595.08,False,0,0,1382.98,1352,3,0,1,1,17.61667124138889,DENY
SHORTAGE_CLAIM,3380.14,True,1,0,2607.02,36,2,0,2,0,11.650003403055555,APPROVE
SUBSTITUTED_RETURN_CLAIM,2077.04,True,1,1,1810.91,604,1,0,1,0,24.85000600388889,APPROVE
WRONG_ITEM_CLAIM,4482.78,True,1,0,2908.72,367,6,4,2,0,3.4000010216666663,APPROVE
WRONG_ITEM_CLAIM,2555.2,True,1,1,1947.29,876,2,2,0,0,35.51667485388889,APPROVE
NON_DELIVERY_CLAIM,615.31,True,1,1,275.72,349,1,0,1,0,39.85000904166667,APPROVE
NON_DELIVERY_CLAIM,1606.5,False,0,0,1733.76,1392,2,1,1,0,4.4333346505555555,REQUEST_EVIDENCE
WRONG_ITEM_CLAIM,2492.58,False,0,2,1151.45,648,3,2,1,0,3.1500009530555553,REQUEST_EVIDENCE
NON_DELIVERY_CLAIM,7600.58,True,1,0,2058.55,602,3,0,3,0,18.500004763333333,ESCALATE
NON_DELIVERY_CLAIM,1288.22,True,1,4,4864.35,963,4,0,3,0,19.23333824166667,APPROVE
NON_DELIVERY_CLAIM,2234.55,True,1,0,1325.65,1218,5,0,4,1,2.066667302222222,APPROVE
SUBSTITUTED_RETURN_CLAIM,1735.55,True,1,1,207.06,476,2,2,0,0,9.566669490555556,APPROVE
WRONG_ITEM_CLAIM,4992.72,True,1,0,2595.92,950,1,0,1,0,11.566670072222223,APPROVE
WRONG_ITEM_CLAIM,3629.53,False,0,0,1453.61,767,3,1,0,2,1.2000003897222222,REQUEST_EVIDENCE
WRONG_ITEM_CLAIM,1659.19,True,1,0,993.28,1018,3,2,1,0,16.33333767888889,APPROVE
SHORTAGE_CLAIM,448.08,False,0,0,2991.05,1017,4,1,3,0,2.066667302222222,DENY
SUBSTITUTED_RETURN_CLAIM,4678.43,False,0,0,1085.35,477,1,1,0,0,16.400004361666667,REQUEST_EVIDENCE
SUBSTITUTED_RETURN_CLAIM,4901.95,True,1,0,1733.76,1392,3,1,2,0,0.1833333872222222,APPROVE
NON_DELIVERY_CLAIM,691.33,False,0,1,1576.43,1072,2,1,1,0,15.26667080638889,REQUEST_EVIDENCE
NON_DELIVERY_CLAIM,117.63,False,0,0,113.72,797,2,1,1,0,8.116669062777778,REQUEST_EVIDENCE
WRONG_ITEM_CLAIM,2308.83,True,1,1,730.71,217,3,0,2,1,9.400002774444443,APPROVE
NON_DELIVERY_CLAIM,4329.36,False,0,0,2949.04,441,2,1,0,0,1.3833337747222223,REQUEST_EVIDENCE
NON_DELIVERY_CLAIM,549.44,True,1,4,3300.33,987,3,2,1,0,9.716669531944444,APPROVE
SHORTAGE_CLAIM,3576.44,True,1,0,565.44,1145,3,1,2,0,7.233335464722222,DENY
NON_DELIVERY_CLAIM,2915.27,True,1,1,6534.77,492,4,3,1,0,2.333334045,APPROVE
NON_DELIVERY_CLAIM,2153.49,True,1,0,1872.5,1079,2,1,1,0,6.416668556944445,APPROVE
NON_DELIVERY_CLAIM,1710.55,True,1,0,2022.07,443,2,0,1,0,34.40000799916667,APPROVE
SHORTAGE_CLAIM,387.87,False,0,1,2405.98,303,4,0,3,1,24.400005955277777,DENY
SUBSTITUTED_RETURN_CLAIM,3153.4,False,0,0,662.55,1435,6,1,3,1,8.616669207777779,REQUEST_EVIDENCE
NON_DELIVERY_CLAIM,1449.48,True,1,4,4067.54,1449,1,0,1,0,18.93333821222222,APPROVE
SHORTAGE_CLAIM,750.59,True,1,1,2412.26,850,2,1,1,0,1.383333775277778,APPROVE
WRONG_ITEM_CLAIM,2238.79,True,1,0,267.42,924,2,1,1,0,5.0666681675,APPROVE
WRONG_ITEM_CLAIM,1566.06,False,0,2,1389.01,1130,3,1,2,0,8.250002434444443,REQUEST_EVIDENCE
SUBSTITUTED_RETURN_CLAIM,2562.44,True,1,0,244.22,139,5,1,4,0,20.51667186111111,APPROVE
NON_DELIVERY_CLAIM,758.52,True,1,1,417.04,186,4,2,2,0,9.983336276388888,APPROVE
SUBSTITUTED_RETURN_CLAIM,2458.07,False,0,0,435.46,259,3,0,3,0,4.866668109722223,REQUEST_EVIDENCE
NON_DELIVERY_CLAIM,1756.81,True,1,1,5603.62,1156,3,2,0,1,8.983335981388889,APPROVE
WRONG_ITEM_CLAIM,3461.65,True,1,0,662.55,1435,7,1,4,1,0.15000004305555553,APPROVE
WRONG_ITEM_CLAIM,3746.39,False,0,0,2999.86,1012,6,2,2,1,4.833334766944445,REQUEST_EVIDENCE
NON_DELIVERY_CLAIM,3243.71,False,0,0,2908.72,367,7,5,2,0,0.6000001727777777,REQUEST_EVIDENCE
WRONG_ITEM_CLAIM,4556.58,True,1,4,2208.59,1283,1,0,1,0,38.03334207166667,APPROVE
WRONG_ITEM_CLAIM,607.43,False,0,1,1842.87,1477,3,1,1,1,17.116671205833335,REQUEST_EVIDENCE
SUBSTITUTED_RETURN_CLAIM,1039.39,False,0,0,816.4,580,1,1,0,0,20.983338634722223,REQUEST_EVIDENCE
SUBSTITUTED_RETURN_CLAIM,6490.36,False,0,0,1111.13,270,1,0,1,0,25.900006275555555,REQUEST_EVIDENCE
WRONG_ITEM_CLAIM,6002.52,False,0,1,2822.97,909,2,1,1,0,4.2500012683333335,REQUEST_EVIDENCE
NON_DELIVERY_CLAIM,2804.12,False,0,2,676.88,949,5,3,2,0,5.6333349975,REQUEST_EVIDENCE
SUBSTITUTED_RETURN_CLAIM,3809.06,True,1,1,699.0,287,2,1,1,0,0.9833336177777778,APPROVE
NON_DELIVERY_CLAIM,1182.55,True,1,4,4160.88,633,2,0,2,0,5.833335053611111,APPROVE
SHORTAGE_CLAIM,7686.64,False,0,1,1883.72,1474,4,2,1,1,1.1000003175,REQUEST_EVIDENCE
NON_DELIVERY_CLAIM,4290.65,True,1,1,923.32,1177,2,0,1,0,1.3500003894444443,APPROVE
WRONG_ITEM_CLAIM,610.46,False,0,1,2745.35,1213,6,1,5,0,11.516670116666667,REQUEST_EVIDENCE
SHORTAGE_CLAIM,2146.84,True,1,2,1133.21,1193,1,1,0,0,28.266673418333337,DENY
WRONG_ITEM_CLAIM,1669.02,True,1,2,2709.38,89,5,0,4,0,2.533334103611111,APPROVE
SUBSTITUTED_RETURN_CLAIM,2282.14,False,0,0,1201.87,1406,3,0,3,0,3.200000961666667,REQUEST_EVIDENCE
NON_DELIVERY_CLAIM,1565.2,True,1,0,243.19,1425,4,2,2,0,3.3833343533333333,APPROVE
SHORTAGE_CLAIM,4915.79,False,0,0,2033.09,613,3,1,2,0,14.516670713611111,REQUEST_EVIDENCE
WRONG_ITEM_CLAIM,3915.46,True,1,1,2967.82,857,6,3,3,0,13.550003863055556,APPROVE
SHORTAGE_CLAIM,5012.52,True,1,2,5815.51,1211,1,0,1,0,16.333337744166666,ESCALATE
SUBSTITUTED_RETURN_CLAIM,1725.3,False,0,2,667.66,311,2,0,2,0,12.750003708333333,REQUEST_EVIDENCE
NON_DELIVERY_CLAIM,3836.36,False,0,1,520.95,129,0,0,0,0,999.0,REQUEST_EVIDENCE
SHORTAGE_CLAIM,5692.34,False,0,0,343.38,596,4,2,0,2,11.533336801388888,REQUEST_EVIDENCE
WRONG_ITEM_CLAIM,1660.34,False,0,1,729.95,695,4,2,2,0,3.400001024166667,REQUEST_EVIDENCE
SHORTAGE_CLAIM,2353.51,True,1,0,2990.55,1063,5,0,3,1,1.716667203611111,DENY
SUBSTITUTED_RETURN_CLAIM,4497.43,True,1,1,643.71,411,3,1,0,1,7.166668772777777,APPROVE
SHORTAGE_CLAIM,2496.47,True,1,3,5007.05,561,4,1,3,0,10.550003106388889,APPROVE
SUBSTITUTED_RETURN_CLAIM,1794.84,False,0,0,1388.73,1387,3,0,3,0,6.433335229444444,REQUEST_EVIDENCE
SHORTAGE_CLAIM,5486.77,True,1,0,1344.81,531,4,1,3,0,6.7833353291666665,ESCALATE
NON_DELIVERY_CLAIM,4155.07,False,0,0,432.47,1238,1,0,0,0,19.983338476666667,REQUEST_EVIDENCE
SUBSTITUTED_RETURN_CLAIM,756.99,False,0,0,2198.02,550,5,3,1,1,25.783339624722224,REQUEST_EVIDENCE
WRONG_ITEM_CLAIM,2976.43,True,1,0,529.85,1355,2,1,1,0,15.100004183888888,APPROVE
NON_DELIVERY_CLAIM,2467.8,True,1,2,1400.45,357,2,0,2,0,26.250006385555555,APPROVE
SHORTAGE_CLAIM,1656.36,False,0,2,2061.2,1237,1,1,0,0,2.9500008911111113,REQUEST_EVIDENCE
SUBSTITUTED_RETURN_CLAIM,3904.87,True,1,0,111.01,86,1,0,1,0,17.38333797416667,APPROVE
SHORTAGE_CLAIM,4716.18,True,1,3,4912.45,746,1,0,1,0,37.11667527555556,APPROVE
SHORTAGE_CLAIM,1827.75,False,0,1,1594.29,1062,2,1,1,0,3.4666677066666667,DENY
SHORTAGE_CLAIM,1613.37,True,1,2,2257.05,1487,4,3,1,0,3.6500010980555553,APPROVE
NON_DELIVERY_CLAIM,994.83,False,0,3,7364.62,1382,3,0,3,0,6.000001770833333,REQUEST_EVIDENCE
WRONG_ITEM_CLAIM,963.52,False,0,0,2018.41,1406,2,2,0,0,13.883337295555554,REQUEST_EVIDENCE
NON_DELIVERY_CLAIM,5564.32,False,0,0,2237.92,1041,0,0,0,0,999.0,REQUEST_EVIDENCE
SHORTAGE_CLAIM,1554.08,True,1,0,2198.62,111,2,0,1,0,1.8833338797222223,APPROVE
NON_DELIVERY_CLAIM,185.23,False,0,1,189.3,1346,6,1,5,0,1.4000004080555555,REQUEST_EVIDENCE
SHORTAGE_CLAIM,5010.08,True,1,0,1325.65,1218,6,1,4,1,1.1833336777777776,ESCALATE
SHORTAGE_CLAIM,1658.81,False,0,0,1568.13,958,1,1,0,0,19.583338425833333,REQUEST_EVIDENCE
WRONG_ITEM_CLAIM,1700.78,False,0,0,2622.35,887,3,1,2,0,11.150003291666668,REQUEST_EVIDENCE
SUBSTITUTED_RETURN_CLAIM,2813.75,False,0,2,230.84,164,3,2,1,0,1.5666671233333334,REQUEST_EVIDENCE
WRONG_ITEM_CLAIM,4450.93,True,1,1,960.7,661,2,1,1,0,17.133337949444446,APPROVE
WRONG_ITEM_CLAIM,6972.53,False,0,1,1238.84,400,4,3,0,1,20.900005357777776,REQUEST_EVIDENCE
SUBSTITUTED_RETURN_CLAIM,2524.92,True,1,0,2250.51,675,2,0,1,1,12.833337106388889,APPROVE
SUBSTITUTED_RETURN_CLAIM,2977.72,True,1,2,6873.23,1296,3,3,0,0,31.283340768333332,APPROVE
SHORTAGE_CLAIM,5545.28,True,1,1,1507.18,69,2,1,1,0,13.533337249166667,ESCALATE
SUBSTITUTED_RETURN_CLAIM,1221.28,True,1,0,674.43,959,1,0,0,1,45.31667692138888,APPROVE
WRONG_ITEM_CLAIM,869.27,False,0,1,5394.91,439,5,2,1,2,5.0500015027777785,REQUEST_EVIDENCE
WRONG_ITEM_CLAIM,1558.97,False,0,3,5731.08,1386,4,1,2,1,3.2166676386111113,REQUEST_EVIDENCE
WRONG_ITEM_CLAIM,4170.35,False,0,0,2590.11,164,3,1,1,0,6.1500018175,REQUEST_EVIDENCE
WRONG_ITEM_CLAIM,3684.85,False,0,0,334.65,187,2,1,1,0,19.733338473888885,REQUEST_EVIDENCE
NON_DELIVERY_CLAIM,1038.32,False,0,1,1194.39,1018,5,2,3,0,16.81667123388889,REQUEST_EVIDENCE
NON_DELIVERY_CLAIM,2477.25,True,1,0,780.67,1333,3,2,1,0,15.883337716944444,APPROVE
NON_DELIVERY_CLAIM,3167.28,False,0,1,355.79,935,5,2,1,0,5.933335090277778,REQUEST_EVIDENCE
NON_DELIVERY_CLAIM,2390.15,False,0,0,1655.73,1485,2,1,0,0,6.616668619444445,REQUEST_EVIDENCE
NON_DELIVERY_CLAIM,941.35,False,0,0,1505.47,718,1,1,0,0,11.750003577222223,REQUEST_EVIDENCE
WRONG_ITEM_CLAIM,1943.66,False,0,3,2659.97,1410,4,3,1,0,12.866670468055554,REQUEST_EVIDENCE
NON_DELIVERY_CLAIM,2334.98,True,1,0,1891.23,1228,2,1,1,0,3.0833342697222226,APPROVE
NON_DELIVERY_CLAIM,3721.54,False,0,1,1064.87,390,6,3,1,1,12.116670319999999,REQUEST_EVIDENCE
SHORTAGE_CLAIM,400.45,True,1,0,1817.86,1344,2,2,0,0,5.816668389444445,APPROVE
SUBSTITUTED_RETURN_CLAIM,2934.71,True,1,0,36.57,144,3,1,0,2,16.133337780277778,APPROVE
SUBSTITUTED_RETURN_CLAIM,1660.46,False,0,1,953.85,325,2,1,1,0,3.2000009697222223,REQUEST_EVIDENCE
SHORTAGE_CLAIM,3064.34,True,1,0,1889.59,1192,5,0,1,0,6.516668590555555,DENY
SHORTAGE_CLAIM,2221.24,True,1,0,2212.84,568,1,0,1,0,34.20000808527777,APPROVE
NON_DELIVERY_CLAIM,550.94,True,1,0,1619.84,904,4,2,2,0,31.00000740888889,APPROVE
SHORTAGE_CLAIM,2303.67,True,1,0,2082.0,1431,3,2,0,0,12.566670418055557,DENY
WRONG_ITEM_CLAIM,4648.93,False,0,1,2965.29,1310,0,0,0,0,999.0,REQUEST_EVIDENCE
NON_DELIVERY_CLAIM,3361.76,True,1,1,2405.98,303,5,0,3,1,1.400000407777778,APPROVE
WRONG_ITEM_CLAIM,4674.6,True,1,0,674.43,959,2,1,0,1,0.36666677472222226,APPROVE
SUBSTITUTED_RETURN_CLAIM,2196.03,True,1,0,939.81,724,6,4,1,0,8.266669097222222,APPROVE
SUBSTITUTED_RETURN_CLAIM,4493.23,True,1,1,2002.74,986,2,1,1,0,4.9000014613888885,APPROVE
SUBSTITUTED_RETURN_CLAIM,1482.31,False,0,1,1159.93,1372,2,1,1,0,13.250003898333333,REQUEST_EVIDENCE
NON_DELIVERY_CLAIM,1425.57,False,0,0,12.37,438,3,1,2,0,9.433336111666668,REQUEST_EVIDENCE
SUBSTITUTED_RETURN_CLAIM,3707.53,False,0,0,1001.38,33,3,2,1,0,6.100001803611112,REQUEST_EVIDENCE
SHORTAGE_CLAIM,605.36,False,0,0,1619.84,904,5,3,2,0,0.16666671361111113,REQUEST_EVIDENCE
WRONG_ITEM_CLAIM,3445.26,False,0,1,3625.21,1143,1,1,0,0,29.80000716027778,REQUEST_EVIDENCE
WRONG_ITEM_CLAIM,2785.93,False,0,1,1181.39,187,2,1,1,0,34.3666748025,REQUEST_EVIDENCE
SHORTAGE_CLAIM,1511.19,True,1,0,880.72,1142,0,0,0,0,999.0,APPROVE
SUBSTITUTED_RETURN_CLAIM,4007.32,False,0,0,1058.69,661,2,1,1,0,4.0333345375,REQUEST_EVIDENCE
SHORTAGE_CLAIM,2291.1,False,0,0,348.2,958,5,3,1,0,5.383334928611111,REQUEST_EVIDENCE
NON_DELIVERY_CLAIM,286.06,False,0,4,5503.38,253,4,3,1,0,7.000002057777778,REQUEST_EVIDENCE
WRONG_ITEM_CLAIM,4109.68,False,0,0,2058.55,602,4,0,3,1,1.950000561111111,REQUEST_EVIDENCE
WRONG_ITEM_CLAIM,1644.52,True,1,0,1725.14,1305,1,0,1,0,33.933341357222226,APPROVE
NON_DELIVERY_CLAIM,4649.5,False,0,1,7746.51,356,2,1,1,0,13.633337318888888,REQUEST_EVIDENCE
SHORTAGE_CLAIM,1692.54,False,0,0,570.4,130,1,1,0,0,22.450005720555556,REQUEST_EVIDENCE
SHORTAGE_CLAIM,2547.92,False,0,0,1689.87,642,2,2,0,0,40.66667605805555,REQUEST_EVIDENCE
NON_DELIVERY_CLAIM,5103.59,True,1,1,417.54,975,3,0,0,3,11.250003304166668,ESCALATE
SHORTAGE_CLAIM,2036.52,False,0,1,1193.15,35,3,2,0,1,16.08333780138889,REQUEST_EVIDENCE
NON_DELIVERY_CLAIM,5473.45,False,0,0,1285.52,632,2,1,1,0,27.416673371111113,REQUEST_EVIDENCE
SUBSTITUTED_RETURN_CLAIM,5000.43,True,1,0,552.73,985,1,0,1,0,13.766670684166666,ESCALATE
SUBSTITUTED_RETURN_CLAIM,466.7,False,0,0,2838.78,159,3,1,1,0,11.450003359722222,REQUEST_EVIDENCE
WRONG_ITEM_CLAIM,4508.22,False,0,0,715.72,1294,7,3,4,0,11.500003374166667,REQUEST_EVIDENCE
NON_DELIVERY_CLAIM,3166.86,True,1,0,270.75,1054,1,0,1,0,6.400001879722222,APPROVE
WRONG_ITEM_CLAIM,1158.1,False,0,0,948.72,467,0,0,0,0,999.0,REQUEST_EVIDENCE
SUBSTITUTED_RETURN_CLAIM,2828.08,True,1,1,2863.67,99,6,2,3,0,7.900002310555555,APPROVE
NON_DELIVERY_CLAIM,1728.54,False,0,0,2065.5,1450,4,3,1,0,13.566670651944444,REQUEST_EVIDENCE
NON_DELIVERY_CLAIM,8059.55,True,1,0,2449.48,683,2,1,1,0,21.700005584166668,ESCALATE
SHORTAGE_CLAIM,1912.69,False,0,3,1116.41,1003,3,2,1,0,10.083336288333333,DENY
SUBSTITUTED_RETURN_CLAIM,6442.86,False,0,0,1312.07,1356,3,1,2,0,34.08334140027778,REQUEST_EVIDENCE
WRONG_ITEM_CLAIM,717.7,False,0,0,1973.49,493,7,2,4,0,15.666671067777779,REQUEST_EVIDENCE
SHORTAGE_CLAIM,3382.99,False,0,0,1885.71,64,3,2,1,0,12.550003787500001,REQUEST_EVIDENCE
NON_DELIVERY_CLAIM,1420.53,False,0,1,1946.54,731,4,0,3,1,7.783335607222222,REQUEST_EVIDENCE
SHORTAGE_CLAIM,746.24,False,0,0,1623.43,668,3,1,1,0,18.433338282777775,REQUEST_EVIDENCE
SHORTAGE_CLAIM,1486.06,True,1,1,525.19,618,3,0,1,2,5.366668245,APPROVE
SHORTAGE_CLAIM,1960.9,True,1,0,1015.1,929,3,1,1,1,19.11667175222222,APPROVE
SHORTAGE_CLAIM,3850.85,False,0,0,1297.52,1225,5,2,3,0,26.51667321277778,DENY
SHORTAGE_CLAIM,1641.67,False,0,0,853.61,40,1,0,0,1,33.68334132361111,REQUEST_EVIDENCE
SUBSTITUTED_RETURN_CLAIM,2251.0,True,1,0,1540.06,1165,5,1,3,1,7.633335559722222,APPROVE
SHORTAGE_CLAIM,2034.79,True,1,0,1242.55,1295,4,0,2,0,7.166668759444445,APPROVE
NON_DELIVERY_CLAIM,1141.49,False,0,0,1508.51,42,1,1,0,0,30.083340585000002,REQUEST_EVIDENCE
SUBSTITUTED_RETURN_CLAIM,1991.14,False,0,0,343.38,596,5,2,1,2,1.5666671038888889,REQUEST_EVIDENCE
NON_DELIVERY_CLAIM,4808.48,False,0,0,2563.46,1185,5,1,2,1,6.0500017716666665,REQUEST_EVIDENCE
SUBSTITUTED_RETURN_CLAIM,1898.1,True,1,0,2296.42,718,3,0,3,0,12.516670336666666,APPROVE
SHORTAGE_CLAIM,1491.78,False,0,0,2595.2,1207,3,2,1,0,10.833336496944444,REQUEST_EVIDENCE
NON_DELIVERY_CLAIM,1871.19,True,1,0,682.94,107,0,0,0,0,999.0,APPROVE
SUBSTITUTED_RETURN_CLAIM,824.1,False,0,0,2065.96,1455,2,0,2,0,38.21667560611111,REQUEST_EVIDENCE
NON_DELIVERY_CLAIM,1432.75,True,1,0,2351.37,1127,3,1,0,1,8.3833357725,APPROVE
NON_DELIVERY_CLAIM,2321.58,True,1,1,478.11,179,6,3,3,0,12.633337120277778,APPROVE
SHORTAGE_CLAIM,3442.24,False,0,2,1968.52,1479,1,0,1,0,12.500003657499999,DENY
SUBSTITUTED_RETURN_CLAIM,2226.92,False,0,0,1885.71,64,4,2,2,0,0.31666674805555556,REQUEST_EVIDENCE
WRONG_ITEM_CLAIM,699.42,True,1,1,1619.8,1160,6,5,1,0,9.000002616388889,APPROVE
SHORTAGE_CLAIM,4694.43,False,0,1,2996.46,1183,3,2,1,0,3.966667831111111,REQUEST_EVIDENCE
NON_DELIVERY_CLAIM,2462.15,False,0,0,2736.31,1438,3,1,2,0,4.933334774444444,REQUEST_EVIDENCE
SUBSTITUTED_RETURN_CLAIM,3453.01,True,1,0,86.98,610,0,0,0,0,999.0,APPROVE
SHORTAGE_CLAIM,1004.26,False,0,0,1671.0,692,0,0,0,0,999.0,REQUEST_EVIDENCE
WRONG_ITEM_CLAIM,7942.94,True,1,0,2000.03,857,3,1,2,0,13.983337431111112,ESCALATE
NON_DELIVERY_CLAIM,1670.43,False,0,0,611.2,1023,3,2,1,0,5.083334814444445,REQUEST_EVIDENCE
WRONG_ITEM_CLAIM,2222.25,True,1,1,2189.88,1077,6,3,3,0,6.683335276944445,APPROVE
NON_DELIVERY_CLAIM,1582.17,False,0,0,2445.65,674,2,0,1,0,32.950007862777774,REQUEST_EVIDENCE
NON_DELIVERY_CLAIM,5405.5,True,1,0,1295.52,163,4,2,2,0,9.1333359825,ESCALATE
SHORTAGE_CLAIM,3790.16,False,0,0,1852.69,354,7,3,3,0,14.300004164166666,REQUEST_EVIDENCE
NON_DELIVERY_CLAIM,1625.49,False,0,0,939.81,724,7,5,1,0,1.0333335986111112,REQUEST_EVIDENCE
SHORTAGE_CLAIM,1966.09,True,1,2,2061.2,1237,2,1,1,0,1.7500004766666666,DENY
NON_DELIVERY_CLAIM,4672.53,False,0,1,760.9,450,1,0,1,0,29.76667388,REQUEST_EVIDENCE
SHORTAGE_CLAIM,1741.44,False,0,1,1619.8,1160,7,6,1,0,0.23333339194444447,REQUEST_EVIDENCE
NON_DELIVERY_CLAIM,3602.95,False,0,1,2084.34,440,2,2,0,0,43.60001001555556,REQUEST_EVIDENCE
SHORTAGE_CLAIM,2186.83,False,0,0,2000.03,857,4,1,2,1,0.18333337972222224,REQUEST_EVIDENCE
WRONG_ITEM_CLAIM,2250.54,False,0,1,2967.82,857,7,4,3,0,2.083333904722222,REQUEST_EVIDENCE
WRONG_ITEM_CLAIM,580.86,True,1,0,460.47,1326,3,0,3,0,11.050003212777778,APPROVE
SUBSTITUTED_RETURN_CLAIM,2579.89,False,0,1,2491.35,423,5,2,1,1,5.983335070277778,REQUEST_EVIDENCE
SUBSTITUTED_RETURN_CLAIM,1256.8,False,0,0,1410.41,768,5,1,4,0,3.7166677083333335,REQUEST_EVIDENCE
WRONG_ITEM_CLAIM,3220.05,False,0,0,577.64,241,2,1,0,0,19.61667188777778,REQUEST_EVIDENCE
WRONG_ITEM_CLAIM,7301.19,False,0,0,72.62,260,0,0,0,0,999.0,REQUEST_EVIDENCE
SHORTAGE_CLAIM,3879.54,True,1,1,730.71,217,4,1,2,1,2.7833341025,DENY
SUBSTITUTED_RETURN_CLAIM,294.45,True,1,1,1671.07,277,1,1,0,0,9.3333360325,APPROVE
SHORTAGE_CLAIM,4373.89,False,0,1,1250.77,838,2,0,1,0,6.966668682777779,DENY
SHORTAGE_CLAIM,2278.63,False,0,1,1707.31,1471,0,0,0,0,999.0,REQUEST_EVIDENCE
SHORTAGE_CLAIM,2934.81,True,1,1,2012.61,1319,0,0,0,0,999.0,APPROVE
SUBSTITUTED_RETURN_CLAIM,2229.26,False,0,0,95.45,119,2,1,1,0,6.650001925833333,REQUEST_EVIDENCE
SHORTAGE_CLAIM,3354.96,True,1,1,622.39,1115,3,1,2,0,3.966667818055556,DENY
NON_DELIVERY_CLAIM,2342.35,False,0,1,464.42,1169,2,0,1,1,3.366667602222222,REQUEST_EVIDENCE
SHORTAGE_CLAIM,4367.12,True,1,0,1129.43,1261,4,2,1,1,10.050002907222222,DENY
NON_DELIVERY_CLAIM,4305.95,True,1,1,2470.02,295,3,3,0,0,7.616668866111111,APPROVE
WRONG_ITEM_CLAIM,5709.09,False,0,0,2064.72,1472,1,0,1,0,37.666675532499994,REQUEST_EVIDENCE
WRONG_ITEM_CLAIM,1276.7,True,1,0,2971.01,1261,0,0,0,0,999.0,APPROVE
SUBSTITUTED_RETURN_CLAIM,533.83,False,0,1,303.87,256,3,3,0,0,15.150004357777778,REQUEST_EVIDENCE
NON_DELIVERY_CLAIM,2930.55,True,1,0,111.01,86,2,1,1,0,2.133333908888889,APPROVE
NON_DELIVERY_CLAIM,3912.29,True,1,0,1367.35,973,1,0,1,0,24.200006139166664,APPROVE
SUBSTITUTED_RETURN_CLAIM,5081.88,False,0,0,2351.4,647,1,0,1,0,20.450005401111113,REQUEST_EVIDENCE
SHORTAGE_CLAIM,3720.45,False,0,0,2118.68,443,2,0,1,1,10.350002991944445,REQUEST_EVIDENCE
WRONG_ITEM_CLAIM,2649.26,False,0,1,2939.55,1211,2,1,1,0,45.23334369861111,REQUEST_EVIDENCE
SUBSTITUTED_RETURN_CLAIM,154.98,False,0,4,6658.13,1181,4,1,3,0,19.8666719575,REQUEST_EVIDENCE
SUBSTITUTED_RETURN_CLAIM,1669.85,False,0,0,1858.55,231,2,1,1,0,16.48333795888889,REQUEST_EVIDENCE
WRONG_ITEM_CLAIM,2397.49,True,1,1,1218.63,1289,5,5,0,0,9.883336181944445,APPROVE
WRONG_ITEM_CLAIM,648.13,True,1,0,835.7,465,5,1,3,1,7.433335473888889,APPROVE
SUBSTITUTED_RETURN_CLAIM,4218.39,False,0,0,1004.79,1297,4,2,1,1,29.85000726388889,REQUEST_EVIDENCE
NON_DELIVERY_CLAIM,2249.66,False,0,0,717.19,1173,3,1,2,0,10.116669580833333,REQUEST_EVIDENCE
NON_DELIVERY_CLAIM,102.53,True,1,0,2065.84,623,2,2,0,0,8.366669074444443,APPROVE
NON_DELIVERY_CLAIM,1737.43,False,0,2,4188.03,363,1,0,1,0,47.51667749138888,REQUEST_EVIDENCE
WRONG_ITEM_CLAIM,3064.59,False,0,0,1111.13,270,2,0,2,0,2.833334104166667,REQUEST_EVIDENCE
NON_DELIVERY_CLAIM,6224.93,False,0,0,1973.49,493,8,2,5,0,1.1833336374999999,REQUEST_EVIDENCE
NON_DELIVERY_CLAIM,3032.91,False,0,1,2376.72,43,3,1,2,0,4.716668023055556,REQUEST_EVIDENCE
NON_DELIVERY_CLAIM,861.54,False,0,2,2123.26,914,3,1,1,1,6.966668671388889,REQUEST_EVIDENCE
NON_DELIVERY_CLAIM,3819.91,True,1,1,2571.39,378,2,1,1,0,23.533339354444447,APPROVE
SUBSTITUTED_RETURN_CLAIM,4616.36,True,1,1,1071.13,1041,4,2,2,0,6.4166685122222225,APPROVE
SUBSTITUTED_RETURN_CLAIM,2610.55,True,1,2,2257.05,1487,5,4,1,0,2.4000006422222224,APPROVE
SUBSTITUTED_RETURN_CLAIM,2517.97,True,1,2,1432.36,860,1,0,1,0,22.250005774722222,APPROVE
NON_DELIVERY_CLAIM,3029.35,True,1,0,215.24,415,1,1,0,0,13.41667055527778,APPROVE
WRONG_ITEM_CLAIM,2328.38,False,0,0,1570.07,1016,2,1,0,1,33.91667477055555,REQUEST_EVIDENCE
NON_DELIVERY_CLAIM,2671.19,True,1,0,2307.02,190,2,1,1,0,13.116670462777778,APPROVE
SUBSTITUTED_RETURN_CLAIM,6780.12,True,1,0,1232.3,610,1,0,1,0,10.633336394999999,ESCALATE
SHORTAGE_CLAIM,5102.88,False,0,2,1147.44,996,3,1,2,0,11.933336780555557,REQUEST_EVIDENCE
WRONG_ITEM_CLAIM,4071.49,False,0,0,1615.24,142,6,4,2,0,6.6333352380555555,REQUEST_EVIDENCE
WRONG_ITEM_CLAIM,2170.15,True,1,4,4852.42,1328,4,1,3,0,5.900001689444444,APPROVE
WRONG_ITEM_CLAIM,3758.11,True,1,3,3920.1,35,4,3,0,0,6.100001746388889,APPROVE
NON_DELIVERY_CLAIM,4561.43,False,0,0,1623.43,668,4,1,2,0,1.3833336905555556,REQUEST_EVIDENCE
NON_DELIVERY_CLAIM,2791.34,False,0,1,402.6,1193,5,3,2,0,10.316669628055555,REQUEST_EVIDENCE
NON_DELIVERY_CLAIM,2202.96,True,1,0,1568.13,958,2,1,1,0,2.483333991111111,APPROVE
SHORTAGE_CLAIM,2034.41,True,1,2,1274.42,293,4,3,0,1,30.983340843611114,APPROVE
SHORTAGE_CLAIM,1484.73,True,1,2,6873.23,1296,4,4,0,0,2.416667303333333,DENY
SHORTAGE_CLAIM,2508.67,True,1,0,2448.84,940,4,2,2,0,4.833334714166666,DENY
SHORTAGE_CLAIM,2343.31,True,1,4,3470.4,1125,3,2,1,0,18.85000511861111,APPROVE
WRONG_ITEM_CLAIM,1145.43,True,1,0,416.9,1087,5,2,3,0,11.966670116388888,APPROVE
SHORTAGE_CLAIM,4179.4,False,0,0,2025.32,231,1,0,1,0,35.7333418225,DENY
SHORTAGE_CLAIM,2211.73,True,1,1,1649.9,1210,5,1,4,0,5.433334882777777,APPROVE
SUBSTITUTED_RETURN_CLAIM,4992.37,False,0,1,2462.22,1296,1,0,1,0,9.266669319166667,REQUEST_EVIDENCE
WRONG_ITEM_CLAIM,333.2,False,0,0,552.73,985,2,0,1,1,1.7833337925000001,REQUEST_EVIDENCE
SHORTAGE_CLAIM,4732.18,True,1,0,1281.34,1449,4,1,3,0,8.600002459444445,DENY
NON_DELIVERY_CLAIM,421.2,False,0,1,2529.93,767,2,1,1,0,40.45000946166667,REQUEST_EVIDENCE
SHORTAGE_CLAIM,1676.5,False,0,1,2071.56,1379,3,3,0,0,10.466669663333333,REQUEST_EVIDENCE
WRONG_ITEM_CLAIM,2370.05,True,1,2,2631.28,1030,2,0,1,1,9.566669402777778,APPROVE
SHORTAGE_CLAIM,1720.51,True,1,0,2693.8,1135,3,1,2,0,18.966671818055556,APPROVE
SUBSTITUTED_RETURN_CLAIM,784.62,True,1,0,2974.59,825,2,0,2,0,16.333337971944445,APPROVE
SHORTAGE_CLAIM,751.46,True,1,1,1654.78,68,0,0,0,0,999.0,APPROVE
WRONG_ITEM_CLAIM,1337.59,False,0,0,1117.31,43,7,4,2,1,4.250001161944444,REQUEST_EVIDENCE
SUBSTITUTED_RETURN_CLAIM,8456.97,False,0,2,1151.45,648,4,2,2,0,4.033334430833333,REQUEST_EVIDENCE
SHORTAGE_CLAIM,1522.74,True,1,2,3112.35,145,2,1,1,0,11.73333670611111,DENY
WRONG_ITEM_CLAIM,3638.4,False,0,0,204.86,1041,2,1,1,0,4.616667932777778,REQUEST_EVIDENCE
NON_DELIVERY_CLAIM,2214.92,False,0,0,267.42,924,3,2,1,0,3.6833343294444445,REQUEST_EVIDENCE
SUBSTITUTED_RETURN_CLAIM,2389.24,False,0,0,1389.19,484,1,1,0,0,40.900009562499996,REQUEST_EVIDENCE
WRONG_ITEM_CLAIM,2965.9,False,0,2,4499.43,1444,1,1,0,0,26.06667322777778,REQUEST_EVIDENCE
SHORTAGE_CLAIM,2249.76,True,1,3,1442.55,1147,2,0,2,0,4.800001317222223,DENY
NON_DELIVERY_CLAIM,3596.82,True,1,0,2351.4,647,2,0,2,0,0.9000002311111112,APPROVE
WRONG_ITEM_CLAIM,1192.35,True,1,0,2150.6,1469,2,1,1,0,14.983337713055555,APPROVE
SHORTAGE_CLAIM,2406.33,True,1,0,1782.13,980,3,3,0,0,12.05000346111111,APPROVE
SUBSTITUTED_RETURN_CLAIM,1908.1,False,0,4,4160.88,633,3,1,2,0,3.5333342825,REQUEST_EVIDENCE
NON_DELIVERY_CLAIM,1041.36,False,0,0,1181.15,292,2,1,0,1,21.466672325555557,REQUEST_EVIDENCE
SHORTAGE_CLAIM,5058.88,False,0,0,1284.44,155,1,0,1,0,41.88334309861111,REQUEST_EVIDENCE
SUBSTITUTED_RETURN_CLAIM,1912.69,False,0,3,1116.41,1003,4,2,1,0,2.0166671852777776,REQUEST_EVIDENCE
SHORTAGE_CLAIM,4186.39,False,0,0,209.52,845,0,0,0,0,999.0,REQUEST_EVIDENCE
WRONG_ITEM_CLAIM,3178.5,True,1,0,1074.26,830,2,2,0,0,26.08333990722222,APPROVE
WRONG_ITEM_CLAIM,4868.0,True,1,0,2118.68,443,3,0,2,1,1.0333335977777778,APPROVE
SUBSTITUTED_RETURN_CLAIM,2726.36,False,0,0,1382.81,1188,1,0,1,0,32.56667452055555,REQUEST_EVIDENCE
WRONG_ITEM_CLAIM,4255.57,False,0,1,1190.02,1452,3,3,0,0,30.833340849166667,REQUEST_EVIDENCE
SUBSTITUTED_RETURN_CLAIM,933.19,True,1,0,2667.56,823,1,1,0,0,29.98334067861111,APPROVE
SUBSTITUTED_RETURN_CLAIM,4321.5,True,1,0,1609.25,1130,4,0,4,0,4.750001295833333,APPROVE
SHORTAGE_CLAIM,4168.15,False,0,1,2183.92,1202,1,1,0,0,41.30000965833333,REQUEST_EVIDENCE
WRONG_ITEM_CLAIM,719.01,False,0,1,2183.92,1202,2,1,1,0,0.016666670833333334,REQUEST_EVIDENCE
NON_DELIVERY_CLAIM,1942.97,False,0,2,7640.85,706,4,1,3,0,24.80000632638889,REQUEST_EVIDENCE
WRONG_ITEM_CLAIM,1444.93,True,1,0,297.25,1058,4,0,3,1,22.0833391275,APPROVE
SHORTAGE_CLAIM,655.81,True,1,0,1491.82,858,3,1,1,1,35.966675233055554,APPROVE
SUBSTITUTED_RETURN_CLAIM,1600.24,True,1,0,2234.12,962,2,1,1,0,35.166675070555556,APPROVE
SHORTAGE_CLAIM,2058.01,False,0,0,1570.07,1016,3,1,1,1,0.9000002311111112,DENY
NON_DELIVERY_CLAIM,427.08,True,1,0,1159.69,1254,1,0,1,0,37.66667561138889,APPROVE
NON_DELIVERY_CLAIM,3710.12,True,1,1,2829.16,206,1,1,0,0,18.383338402222222,APPROVE
SHORTAGE_CLAIM,4619.38,False,0,4,5011.41,1031,0,0,0,0,999.0,REQUEST_EVIDENCE
SHORTAGE_CLAIM,4864.1,False,0,1,2993.99,542,1,1,0,0,5.516668220000001,REQUEST_EVIDENCE
SUBSTITUTED_RETURN_CLAIM,636.12,True,1,1,2263.65,1081,5,2,2,0,32.80000791527778,APPROVE
WRONG_ITEM_CLAIM,2382.49,True,1,2,910.04,272,2,0,2,0,9.966669499444446,APPROVE
SHORTAGE_CLAIM,1489.47,True,1,0,1054.72,796,1,0,1,0,5.383334805833334,DENY
SUBSTITUTED_RETURN_CLAIM,3506.87,True,1,0,1004.79,1297,5,2,2,1,1.2500003219444444,APPROVE
WRONG_ITEM_CLAIM,2314.41,True,1,0,2198.82,1331,2,2,0,0,39.80000937583333,APPROVE
SUBSTITUTED_RETURN_CLAIM,2830.79,False,0,3,4839.82,379,1,1,0,0,20.55000550777778,REQUEST_EVIDENCE
SUBSTITUTED_RETURN_CLAIM,1880.45,False,0,0,2595.2,1207,4,2,2,0,2.1666672252777777,REQUEST_EVIDENCE
SHORTAGE_CLAIM,5442.46,True,1,2,514.81,101,2,0,0,2,38.200009064722224,DENY
WRONG_ITEM_CLAIM,3962.36,True,1,0,2012.93,1079,5,1,3,0,17.016671485,APPROVE
WRONG_ITEM_CLAIM,4039.65,False,0,1,927.0,669,6,4,1,0,9.516669366944445,REQUEST_EVIDENCE
NON_DELIVERY_CLAIM,103.03,False,0,0,2772.64,654,0,0,0,0,999.0,REQUEST_EVIDENCE
WRONG_ITEM_CLAIM,1551.87,True,1,0,1284.44,155,2,0,2,0,0.5166668013888889,APPROVE
NON_DELIVERY_CLAIM,3441.71,True,1,1,2491.35,423,6,2,2,1,1.8333338069444443,APPROVE
SHORTAGE_CLAIM,3397.76,False,0,0,2434.37,829,1,0,0,1,14.0666707,REQUEST_EVIDENCE
NON_DELIVERY_CLAIM,1768.32,False,0,0,954.65,290,1,0,1,0,48.03334434166667,REQUEST_EVIDENCE
SUBSTITUTED_RETURN_CLAIM,3265.12,False,0,1,5658.33,815,2,1,1,0,20.26667212944444,REQUEST_EVIDENCE
NON_DELIVERY_CLAIM,3085.1,False,0,1,525.19,618,4,1,1,2,2.5000006461111113,REQUEST_EVIDENCE
NON_DELIVERY_CLAIM,3497.68,False,0,1,7372.72,761,1,0,1,0,40.66667622944444,REQUEST_EVIDENCE
SHORTAGE_CLAIM,1904.9,True,1,0,2973.26,1233,3,1,1,1,29.350007255555553,DENY
WRONG_ITEM_CLAIM,7332.16,True,1,0,928.4,1415,2,1,0,1,24.450006286944443,ESCALATE
SUBSTITUTED_RETURN_CLAIM,2094.12,False,0,1,237.06,334,6,2,3,1,15.100004445277778,REQUEST_EVIDENCE
WRONG_ITEM_CLAIM,2029.74,True,1,0,1232.3,610,2,0,1,1,1.3000003308333334,APPROVE
SHORTAGE_CLAIM,6432.69,True,1,1,1116.04,1351,3,1,2,0,21.516672377222225,ESCALATE
SUBSTITUTED_RETURN_CLAIM,1272.39,True,1,1,2892.87,544,4,2,2,0,31.366674319722225,APPROVE
SHORTAGE_CLAIM,322.84,True,1,1,3535.58,1018,2,0,1,1,16.566671403333334,APPROVE
NON_DELIVERY_CLAIM,4977.19,True,1,1,6891.08,559,3,1,2,0,6.466668472777778,APPROVE
SHORTAGE_CLAIM,4907.73,False,0,0,1580.05,1061,3,1,1,1,11.750003326666667,REQUEST_EVIDENCE
SUBSTITUTED_RETURN_CLAIM,4168.84,False,0,0,2058.55,602,5,0,4,1,3.050000776111111,REQUEST_EVIDENCE
NON_DELIVERY_CLAIM,1890.59,False,0,0,1793.8,650,3,0,2,1,5.4833348102777775,REQUEST_EVIDENCE
WRONG_ITEM_CLAIM,6141.98,True,1,1,1646.41,1474,1,1,0,0,31.68334104972222,ESCALATE
SHORTAGE_CLAIM,2327.6,False,0,2,2061.2,1237,3,1,1,0,2.2500005680555555,DENY
WRONG_ITEM_CLAIM,2119.38,False,0,0,364.09,624,4,2,1,0,20.06667208972222,REQUEST_EVIDENCE
SUBSTITUTED_RETURN_CLAIM,907.85,True,1,1,5381.96,1442,1,0,1,0,32.18334114611111,APPROVE
NON_DELIVERY_CLAIM,119.53,True,1,3,4839.82,379,2,1,1,0,0.4666667711111111,APPROVE
WRONG_ITEM_CLAIM,1489.05,False,0,0,1211.98,1085,1,0,1,0,21.066672288611112,REQUEST_EVIDENCE
WRONG_ITEM_CLAIM,1386.02,False,0,0,2848.14,653,2,1,0,1,17.783338310555553,REQUEST_EVIDENCE
SUBSTITUTED_RETURN_CLAIM,196.1,False,0,0,111.01,86,3,2,1,0,1.9500004841666667,REQUEST_EVIDENCE
SHORTAGE_CLAIM,1860.99,False,0,0,1852.69,354,8,3,4,0,2.400000598888889,DENY
SUBSTITUTED_RETURN_CLAIM,2329.44,True,1,2,2536.68,1019,1,1,0,0,40.383342838055555,APPROVE
SUBSTITUTED_RETURN_CLAIM,1876.24,True,1,0,1388.73,1387,4,0,4,0,4.250001103055555,APPROVE
SUBSTITUTED_RETURN_CLAIM,1585.61,False,0,2,3147.56,233,2,1,1,0,22.733339281666666,REQUEST_EVIDENCE
NON_DELIVERY_CLAIM,3047.05,True,1,0,2312.3,1117,4,3,1,0,10.783336357777777,APPROVE
SUBSTITUTED_RETURN_CLAIM,2296.6,True,1,0,2770.91,106,2,2,0,0,7.4000020475,APPROVE
WRONG_ITEM_CLAIM,827.69,False,0,0,255.46,1478,1,1,0,0,31.733341058611114,REQUEST_EVIDENCE
SUBSTITUTED_RETURN_CLAIM,1525.4,False,0,0,1866.94,304,2,1,1,0,42.83334332527778,REQUEST_EVIDENCE
SHORTAGE_CLAIM,2269.06,True,1,2,1011.35,518,2,2,0,0,10.350002893055555,APPROVE
WRONG_ITEM_CLAIM,4199.06,False,0,0,886.67,1052,4,1,2,0,22.300005865,REQUEST_EVIDENCE
NON_DELIVERY_CLAIM,1569.24,False,0,0,1534.67,942,1,0,0,1,41.100009648888886,REQUEST_EVIDENCE
SUBSTITUTED_RETURN_CLAIM,806.28,True,1,0,113.18,210,7,1,4,0,11.266669820277778,APPROVE
SHORTAGE_CLAIM,1803.26,True,1,2,1151.45,648,5,2,3,0,1.3500003177777777,DENY
SUBSTITUTED_RETURN_CLAIM,765.9,False,0,0,1858.55,231,3,1,2,0,2.0833338374999997,REQUEST_EVIDENCE
SUBSTITUTED_RETURN_CLAIM,931.99,False,0,0,2309.9,1081,3,1,2,0,19.600005330555557,REQUEST_EVIDENCE
WRONG_ITEM_CLAIM,2345.96,False,0,0,1390.28,525,4,1,2,1,11.2500031425,REQUEST_EVIDENCE
NON_DELIVERY_CLAIM,2150.89,False,0,0,257.12,867,1,0,1,0,6.883335217222222,REQUEST_EVIDENCE
WRONG_ITEM_CLAIM,3708.14,False,0,1,147.09,1367,4,2,2,0,12.050003370277777,REQUEST_EVIDENCE
WRONG_ITEM_CLAIM,718.85,False,0,0,1312.07,1356,4,1,3,0,3.2333341280555556,REQUEST_EVIDENCE
NON_DELIVERY_CLAIM,471.07,True,1,0,1074.26,830,3,3,0,0,1.2166669422222223,APPROVE
SHORTAGE_CLAIM,2319.26,True,1,1,1705.43,186,4,1,3,0,19.48333864055556,DENY
WRONG_ITEM_CLAIM,3211.92,False,0,0,1505.47,718,2,1,1,0,4.000000996388889,REQUEST_EVIDENCE
SUBSTITUTED_RETURN_CLAIM,1939.74,False,0,0,1001.38,33,4,2,2,0,3.7166675813888888,REQUEST_EVIDENCE
WRONG_ITEM_CLAIM,1759.74,True,1,2,296.06,58,2,1,1,0,24.633339656666664,APPROVE
NON_DELIVERY_CLAIM,2062.04,True,1,2,4499.43,1444,2,1,1,0,1.4666670005555558,APPROVE
SUBSTITUTED_RETURN_CLAIM,2411.79,False,0,0,2477.12,848,2,1,1,0,20.48333883861111,REQUEST_EVIDENCE
SHORTAGE_CLAIM,4781.1,True,1,0,2471.53,539,3,1,0,2,13.43333710361111,DENY
WRONG_ITEM_CLAIM,2023.23,False,0,0,15.09,1417,5,4,1,0,6.100001599722222,REQUEST_EVIDENCE
SHORTAGE_CLAIM,5176.6,True,1,0,1671.0,692,1,0,1,0,2.9666673833333332,ESCALATE
WRONG_ITEM_CLAIM,5994.76,False,0,0,2542.0,1396,4,2,2,0,22.266672524999997,REQUEST_EVIDENCE
SHORTAGE_CLAIM,1681.79,False,0,0,2058.55,602,6,0,5,1,0.6666667986111111,REQUEST_EVIDENCE
WRONG_ITEM_CLAIM,8175.7,False,0,1,1238.84,400,5,3,1,1,4.383334426666666,REQUEST_EVIDENCE
NON_DELIVERY_CLAIM,566.37,True,1,0,2257.68,521,3,0,3,0,13.800003866944444,APPROVE
WRONG_ITEM_CLAIM,4024.69,True,1,2,943.51,207,3,0,2,0,25.350006464444448,APPROVE
WRONG_ITEM_CLAIM,1845.67,True,1,0,2147.01,261,2,0,1,0,22.13333916638889,APPROVE
SHORTAGE_CLAIM,6560.15,True,1,0,2648.34,413,1,1,0,0,48.43334442444445,ESCALATE
WRONG_ITEM_CLAIM,2575.27,True,1,0,1312.07,1356,5,1,4,0,0.3000000597222222,APPROVE
NON_DELIVERY_CLAIM,2365.43,True,1,0,1526.47,1053,2,0,1,0,42.400009904444445,APPROVE
SHORTAGE_CLAIM,2320.18,True,1,0,2670.24,118,0,0,0,0,999.0,DENY
WRONG_ITEM_CLAIM,5183.22,False,0,0,1406.09,335,2,2,0,0,28.083340339722223,REQUEST_EVIDENCE
SUBSTITUTED_RETURN_CLAIM,4828.47,False,0,0,2102.18,1434,5,1,4,0,10.18333613111111,REQUEST_EVIDENCE
NON_DELIVERY_CLAIM,3257.72,False,0,0,2445.65,674,3,0,2,0,3.116667409444444,REQUEST_EVIDENCE
SHORTAGE_CLAIM,760.11,True,1,0,1238.88,94,3,1,1,1,23.06667268138889,APPROVE
SHORTAGE_CLAIM,278.01,False,0,1,789.95,125,4,3,1,0,8.73333571138889,REQUEST_EVIDENCE
NON_DELIVERY_CLAIM,1733.91,True,1,1,2491.35,423,7,3,2,1,1.1500002316666669,APPROVE
NON_DELIVERY_CLAIM,2920.04,True,1,0,2118.68,443,4,1,2,1,1.6333336902777777,APPROVE
NON_DELIVERY_CLAIM,4289.61,True,1,1,4261.31,756,5,3,1,1,11.833336596666665,APPROVE
SHORTAGE_CLAIM,4947.99,True,1,1,2418.81,1392,3,1,1,0,11.050003034444446,APPROVE
SHORTAGE_CLAIM,2830.21,True,1,2,943.51,207,4,1,2,0,0.25000004833333334,DENY
SHORTAGE_CLAIM,2335.18,False,0,0,2487.16,181,1,0,1,0,28.316673717777775,REQUEST_EVIDENCE
SHORTAGE_CLAIM,576.83,False,0,1,2863.67,99,7,3,3,0,3.833334250833333,REQUEST_EVIDENCE
SHORTAGE_CLAIM,1583.67,True,1,1,1250.77,838,3,0,1,0,3.0000007022222226,APPROVE
SHORTAGE_CLAIM,5800.89,False,0,0,967.81,320,3,3,0,0,12.150003345,DENY
SUBSTITUTED_RETURN_CLAIM,1131.04,True,1,1,1238.84,400,6,3,2,1,0.36666673833333335,APPROVE
WRONG_ITEM_CLAIM,1407.79,False,0,1,189.3,1346,7,1,6,0,4.866667864722222,REQUEST_EVIDENCE
SHORTAGE_CLAIM,4527.79,True,1,4,2786.15,609,4,1,3,0,6.300001615,APPROVE
WRONG_ITEM_CLAIM,198.65,False,0,3,5188.05,1456,3,0,3,0,11.13333637888889,REQUEST_EVIDENCE
SUBSTITUTED_RETURN_CLAIM,1723.03,False,0,0,2065.84,623,3,3,0,0,2.73333396,REQUEST_EVIDENCE
SHORTAGE_CLAIM,2372.67,True,1,3,6589.6,332,1,0,1,0,11.133336375833332,APPROVE
SUBSTITUTED_RETURN_CLAIM,3398.34,False,0,0,2379.17,258,4,1,2,0,20.483338836666665,REQUEST_EVIDENCE
WRONG_ITEM_CLAIM,3112.17,False,0,4,5309.57,1456,2,0,1,1,20.683338878333334,REQUEST_EVIDENCE
WRONG_ITEM_CLAIM,3603.81,True,1,1,6845.74,1016,1,0,1,0,26.56667336861111,APPROVE
SHORTAGE_CLAIM,2098.84,True,1,0,1274.66,769,0,0,0,0,999.0,APPROVE
SHORTAGE_CLAIM,1522.71,True,1,0,1588.25,1395,3,2,1,0,17.36667155972222,APPROVE
NON_DELIVERY_CLAIM,336.58,True,1,0,1096.77,717,3,3,0,0,14.183337261388889,APPROVE
NON_DELIVERY_CLAIM,5007.34,False,0,0,1681.46,639,3,1,2,0,34.283341558055554,REQUEST_EVIDENCE
NON_DELIVERY_CLAIM,4459.87,False,0,1,654.03,1258,2,1,1,0,23.68333946916667,REQUEST_EVIDENCE
SHORTAGE_CLAIM,2852.98,True,1,1,2965.29,1310,1,0,1,0,4.5833344291666664,APPROVE
SHORTAGE_CLAIM,559.25,True,1,0,1966.77,708,3,1,2,0,21.433339025,APPROVE
NON_DELIVERY_CLAIM,3728.41,True,1,0,2595.92,950,2,1,1,0,6.250001576944444,APPROVE
NON_DELIVERY_CLAIM,6462.88,False,0,1,2012.61,1319,1,1,0,0,3.283334089166667,REQUEST_EVIDENCE
NON_DELIVERY_CLAIM,4451.7,False,0,0,1269.12,269,2,1,1,0,20.48333883722222,REQUEST_EVIDENCE
SUBSTITUTED_RETURN_CLAIM,988.12,True,1,0,2595.2,1207,5,2,3,0,1.7166670155555555,APPROVE
SUBSTITUTED_RETURN_CLAIM,3327.41,True,1,1,220.59,697,2,0,2,0,12.000003268888888,APPROVE
SHORTAGE_CLAIM,4907.66,False,0,0,2111.01,622,4,4,0,0,7.966668772777777,REQUEST_EVIDENCE
SHORTAGE_CLAIM,3574.89,False,0,0,1181.15,292,3,1,1,1,2.2166671416666666,REQUEST_EVIDENCE
SHORTAGE_CLAIM,784.95,False,0,2,7640.85,706,5,1,4,0,2.0333337608333335,REQUEST_EVIDENCE
WRONG_ITEM_CLAIM,1532.38,False,0,0,1623.43,668,5,1,3,0,2.766667280277778,REQUEST_EVIDENCE
NON_DELIVERY_CLAIM,8422.62,True,1,3,6284.76,1306,2,0,2,0,28.16667368527778,ESCALATE
NON_DELIVERY_CLAIM,260.96,True,1,1,1650.48,344,3,1,1,1,26.683340056666665,APPROVE
NON_DELIVERY_CLAIM,1785.04,False,0,0,1921.01,179,3,0,2,1,11.86666988638889,REQUEST_EVIDENCE
NON_DELIVERY_CLAIM,5352.67,False,0,0,1420.26,1380,2,1,1,0,15.150004183611111,REQUEST_EVIDENCE
SUBSTITUTED_RETURN_CLAIM,5004.08,False,0,0,64.48,478,3,1,1,1,18.700005158333333,REQUEST_EVIDENCE
SHORTAGE_CLAIM,892.32,False,0,2,1151.45,648,6,2,3,0,1.1833335647222223,REQUEST_EVIDENCE
WRONG_ITEM_CLAIM,2301.7,True,1,0,570.4,130,2,1,1,0,4.566667737777777,APPROVE
SUBSTITUTED_RETURN_CLAIM,3728.58,False,0,0,1117.31,43,8,4,3,1,2.5833338930555554,REQUEST_EVIDENCE
SHORTAGE_CLAIM,1947.76,False,0,0,577.64,241,3,1,1,0,3.6500008333333334,DENY
SHORTAGE_CLAIM,2204.3,True,1,0,2862.47,1034,3,2,0,0,23.650006129444446,APPROVE
SHORTAGE_CLAIM,1444.93,False,0,0,297.25,1058,5,1,3,1,2.2166671286111113,REQUEST_EVIDENCE
WRONG_ITEM_CLAIM,1579.71,False,0,0,544.22,1450,4,2,2,0,19.083338565833333,REQUEST_EVIDENCE
NON_DELIVERY_CLAIM,9463.05,True,1,1,7943.66,290,3,2,0,0,17.58333826666667,ESCALATE
SUBSTITUTED_RETURN_CLAIM,2095.24,False,0,2,2927.9,734,5,4,0,0,14.716670707222221,REQUEST_EVIDENCE
SUBSTITUTED_RETURN_CLAIM,3953.2,True,1,0,1715.77,542,4,1,3,0,19.983338740555556,APPROVE
SUBSTITUTED_RETURN_CLAIM,1945.68,False,0,0,393.83,1371,2,1,0,1,15.866671044444445,REQUEST_EVIDENCE
SHORTAGE_CLAIM,1698.96,False,0,1,1563.34,205,4,2,1,1,7.883335386944444,REQUEST_EVIDENCE
WRONG_ITEM_CLAIM,6347.44,True,1,0,2814.27,1004,5,2,2,1,7.683335328055556,ESCALATE
SUBSTITUTED_RETURN_CLAIM,4763.2,False,0,0,1906.06,224,3,1,1,1,29.05000719611111,REQUEST_EVIDENCE
WRONG_ITEM_CLAIM,1622.98,False,0,0,444.77,1259,1,0,0,0,8.450002211388888,REQUEST_EVIDENCE
SUBSTITUTED_RETURN_CLAIM,5089.08,True,1,0,644.15,374,3,1,1,1,8.0166687525,ESCALATE
SHORTAGE_CLAIM,3996.01,False,0,0,1004.79,1297,6,3,2,1,2.2166671180555557,REQUEST_EVIDENCE
SUBSTITUTED_RETURN_CLAIM,3343.7,True,1,0,393.83,1371,3,1,1,1,0.11666668972222223,APPROVE
NON_DELIVERY_CLAIM,665.77,False,0,0,2057.04,602,2,1,1,0,39.850009397777775,REQUEST_EVIDENCE
SHORTAGE_CLAIM,1749.29,False,0,0,2543.08,1215,2,2,0,0,41.700009764722225,REQUEST_EVIDENCE
SHORTAGE_CLAIM,2110.56,False,0,1,2521.92,1435,6,3,3,0,18.73333849861111,DENY
SUBSTITUTED_RETURN_CLAIM,8478.75,True,1,0,2808.74,1261,5,0,5,0,21.833339105277776,ESCALATE
SHORTAGE_CLAIM,3610.26,True,1,0,886.67,1052,5,1,3,0,1.600000315,DENY
SUBSTITUTED_RETURN_CLAIM,7027.44,True,1,2,1133.21,1193,2,1,0,0,6.216668179722222,ESCALATE
SUBSTITUTED_RETURN_CLAIM,827.36,True,1,1,1116.04,1351,4,1,2,1,2.0333337336111112,APPROVE
SUBSTITUTED_RETURN_CLAIM,7502.28,False,0,0,993.28,1018,4,3,1,0,6.866668363055556,REQUEST_EVIDENCE
NON_DELIVERY_CLAIM,5488.26,True,1,0,1102.69,894,0,0,0,0,999.0,ESCALATE
SHORTAGE_CLAIM,2287.0,False,0,0,2018.41,1406,3,2,1,0,5.850001399166667,REQUEST_EVIDENCE
WRONG_ITEM_CLAIM,6117.92,False,0,0,204.86,1041,3,1,2,0,2.9666673,REQUEST_EVIDENCE
SUBSTITUTED_RETURN_CLAIM,1183.87,False,0,0,2595.2,1207,6,3,3,0,0.6666667983333333,REQUEST_EVIDENCE
SUBSTITUTED_RETURN_CLAIM,2637.79,False,0,1,1649.99,1490,3,2,1,0,25.9500065825,REQUEST_EVIDENCE
NON_DELIVERY_CLAIM,757.84,False,0,2,230.84,164,4,2,2,0,5.800001375,REQUEST_EVIDENCE
SUBSTITUTED_RETURN_CLAIM,2307.66,False,0,4,7019.74,1279,2,0,2,0,49.48334463083333,REQUEST_EVIDENCE
SHORTAGE_CLAIM,1620.26,True,1,0,2223.89,128,1,1,0,0,38.983342524444446,DENY
SHORTAGE_CLAIM,2070.92,True,1,0,1453.61,767,4,1,1,2,7.033335063611111,APPROVE
NON_DELIVERY_CLAIM,429.81,False,0,0,1930.81,1254,3,0,2,0,15.700004286111112,REQUEST_EVIDENCE
WRONG_ITEM_CLAIM,9691.33,True,1,0,2390.3,1438,2,2,0,0,27.983340315555555,ESCALATE
WRONG_ITEM_CLAIM,2941.1,True,1,0,1889.59,1192,6,0,1,0,5.533334623055556,APPROVE
SUBSTITUTED_RETURN_CLAIM,1919.38,False,0,1,3619.51,516,2,0,1,0,19.216671926388887,REQUEST_EVIDENCE
WRONG_ITEM_CLAIM,2718.29,True,1,1,4623.76,328,2,0,2,0,29.65000731416667,APPROVE
SHORTAGE_CLAIM,4677.33,True,1,0,2655.64,110,3,1,1,0,34.950008356666665,APPROVE
WRONG_ITEM_CLAIM,5758.05,False,0,0,1491.82,858,4,2,1,1,2.8000005775,REQUEST_EVIDENCE
SUBSTITUTED_RETURN_CLAIM,1815.12,True,1,2,1743.23,372,4,0,3,1,9.183335711944446,APPROVE
NON_DELIVERY_CLAIM,2985.32,False,0,0,1734.4,598,2,2,0,0,9.000002325277778,REQUEST_EVIDENCE
NON_DELIVERY_CLAIM,3971.57,True,1,1,7706.23,1466,3,0,3,0,12.966670133333333,APPROVE
SUBSTITUTED_RETURN_CLAIM,2522.34,False,0,0,505.91,1330,4,3,0,1,13.65000366361111,REQUEST_EVIDENCE
NON_DELIVERY_CLAIM,5000.0,True,1,0,288.94,592,5,3,1,1,12.400003299166666,APPROVE
NON_DELIVERY_CLAIM,3917.25,True,1,0,2768.56,570,2,0,2,0,11.866669811666666,APPROVE
WRONG_ITEM_CLAIM,2140.0,True,1,0,1956.2,1115,2,1,1,0,20.500005510555553,APPROVE
SUBSTITUTED_RETURN_CLAIM,1517.31,True,1,0,2098.85,248,5,2,1,0,17.083338003333335,APPROVE
SUBSTITUTED_RETURN_CLAIM,511.61,True,1,1,2355.25,1260,1,0,1,0,38.15000901611111,APPROVE
SUBSTITUTED_RETURN_CLAIM,849.45,True,1,1,1360.3,934,3,1,0,1,18.98333854638889,APPROVE
WRONG_ITEM_CLAIM,2056.32,True,1,1,1116.04,1351,5,2,2,1,0.4666667586111111,APPROVE
SUBSTITUTED_RETURN_CLAIM,2042.62,False,0,0,947.07,828,2,0,1,1,14.25000382472222,REQUEST_EVIDENCE
NON_DELIVERY_CLAIM,3964.36,False,0,3,5920.91,866,2,0,1,0,15.450004183055555,REQUEST_EVIDENCE
SUBSTITUTED_RETURN_CLAIM,2044.96,True,1,1,220.59,697,3,1,2,0,1.0833335475,APPROVE
SUBSTITUTED_RETURN_CLAIM,479.71,True,1,0,1650.72,791,1,0,1,0,25.333339795277777,APPROVE
SHORTAGE_CLAIM,1569.51,False,0,0,722.49,873,2,0,2,0,39.86667606722222,REQUEST_EVIDENCE
WRONG_ITEM_CLAIM,2161.18,False,0,0,586.22,1376,2,0,2,0,14.183337130555556,REQUEST_EVIDENCE
SUBSTITUTED_RETURN_CLAIM,841.02,True,1,0,2543.08,1215,3,2,1,0,0.6666667977777778,APPROVE
SHORTAGE_CLAIM,1686.58,False,0,0,1858.97,136,0,0,0,0,999.0,REQUEST_EVIDENCE
NON_DELIVERY_CLAIM,917.54,True,1,1,1539.71,289,6,1,4,1,24.716673006666667,APPROVE
WRONG_ITEM_CLAIM,2406.43,True,1,1,1493.22,887,3,1,2,0,9.900002555277778,APPROVE
SUBSTITUTED_RETURN_CLAIM,654.45,False,0,1,4698.16,1081,3,2,0,1,10.61666943,REQUEST_EVIDENCE
SHORTAGE_CLAIM,2908.96,True,1,1,1113.59,190,1,1,0,0,25.100006415,DENY
SUBSTITUTED_RETURN_CLAIM,4950.64,True,1,1,1939.02,543,5,2,3,0,9.183335679166667,APPROVE
SHORTAGE_CLAIM,819.53,True,1,1,2829.16,206,2,2,0,0,3.1500006419444446,APPROVE
SHORTAGE_CLAIM,2976.43,False,0,0,529.85,1355,3,2,1,0,6.65000157,DENY
SHORTAGE_CLAIM,5847.81,False,0,1,236.78,412,3,2,1,0,16.61667117111111,REQUEST_EVIDENCE
NON_DELIVERY_CLAIM,1638.77,True,1,0,255.46,1478,2,1,1,0,2.433333812222222,APPROVE
NON_DELIVERY_CLAIM,2799.25,False,0,0,1004.79,1297,7,3,3,1,0.9000001769444445,REQUEST_EVIDENCE
SUBSTITUTED_RETURN_CLAIM,2430.31,True,1,1,4996.81,774,2,0,2,0,27.01667345888889,APPROVE
SHORTAGE_CLAIM,624.72,True,1,4,4864.35,963,5,1,3,0,7.733335208333333,APPROVE
SHORTAGE_CLAIM,3107.12,False,0,0,2296.42,718,4,1,3,0,5.300001188333334,DENY
SUBSTITUTED_RETURN_CLAIM,1746.4,True,1,0,925.26,471,0,0,0,0,999.0,APPROVE
NON_DELIVERY_CLAIM,336.68,False,0,0,1906.06,224,4,1,2,1,1.0333335372222223,REQUEST_EVIDENCE
WRONG_ITEM_CLAIM,3227.49,True,1,0,351.03,564,6,2,3,1,16.866671230833333,APPROVE
NON_DELIVERY_CLAIM,949.3,False,0,4,3769.08,707,2,0,2,0,17.616671450277778,REQUEST_EVIDENCE
NON_DELIVERY_CLAIM,2099.49,True,1,1,1218.63,1289,6,6,0,0,4.533334319444444,APPROVE
SHORTAGE_CLAIM,1227.24,True,1,1,361.62,190,1,0,1,0,34.100008188333334,APPROVE
NON_DELIVERY_CLAIM,1996.89,True,1,0,2438.34,188,2,1,1,0,11.333336277222223,APPROVE
NON_DELIVERY_CLAIM,9047.86,True,1,1,2574.66,861,6,2,2,1,31.283340969166666,ESCALATE
SUBSTITUTED_RETURN_CLAIM,5387.84,True,1,0,2700.73,951,4,1,2,0,28.633340444166667,ESCALATE
NON_DELIVERY_CLAIM,2623.25,True,1,2,2717.01,68,4,2,2,0,32.20000781611111,APPROVE
NON_DELIVERY_CLAIM,5954.79,True,1,1,1966.2,146,0,0,0,0,999.0,ESCALATE
SUBSTITUTED_RETURN_CLAIM,2268.01,False,0,0,995.16,643,1,1,0,0,40.816676253888886,REQUEST_EVIDENCE
SUBSTITUTED_RETURN_CLAIM,4272.45,True,1,0,827.89,809,5,3,1,0,9.366669034166666,APPROVE
SUBSTITUTED_RETURN_CLAIM,2437.14,False,0,0,608.14,834,4,1,3,0,17.766671478333333,REQUEST_EVIDENCE
NON_DELIVERY_CLAIM,1554.19,True,1,1,252.84,1308,0,0,0,0,999.0,APPROVE
NON_DELIVERY_CLAIM,2223.94,False,0,0,66.11,1138,2,1,1,0,24.983339726666667,REQUEST_EVIDENCE
SUBSTITUTED_RETURN_CLAIM,2433.27,False,0,0,449.89,576,5,2,2,0,10.21666927,REQUEST_EVIDENCE
NON_DELIVERY_CLAIM,2110.16,True,1,1,5324.85,503,6,2,3,0,10.550002702777777,APPROVE
SUBSTITUTED_RETURN_CLAIM,1901.24,True,1,1,359.64,525,2,0,2,0,16.533337772499998,APPROVE
SUBSTITUTED_RETURN_CLAIM,607.92,False,0,2,6452.83,511,4,2,1,1,11.183336213333334,REQUEST_EVIDENCE
SHORTAGE_CLAIM,1925.3,True,1,0,2947.14,1282,3,3,0,0,9.583335750555555,APPROVE
SUBSTITUTED_RETURN_CLAIM,129.98,False,0,1,923.32,1177,3,1,1,0,7.450001758888889,REQUEST_EVIDENCE
SUBSTITUTED_RETURN_CLAIM,5333.38,False,0,0,2949.04,441,3,1,1,0,7.933335229166667,REQUEST_EVIDENCE
SHORTAGE_CLAIM,3266.48,True,1,0,2449.48,683,3,1,1,1,5.966668001944445,DENY
NON_DELIVERY_CLAIM,5553.97,True,1,1,375.12,773,1,0,0,0,42.33334322027778,ESCALATE
WRONG_ITEM_CLAIM,4793.05,False,0,2,3147.56,233,3,1,2,0,2.9833339213888888,REQUEST_EVIDENCE
SHORTAGE_CLAIM,3413.71,False,0,0,257.12,867,2,0,2,0,2.783333881666667,REQUEST_EVIDENCE
NON_DELIVERY_CLAIM,3706.81,True,1,4,5735.08,784,4,1,2,0,12.000003102777777,APPROVE
SUBSTITUTED_RETURN_CLAIM,2455.92,False,0,0,2973.26,1233,4,1,1,1,3.400000669722222,REQUEST_EVIDENCE
WRONG_ITEM_CLAIM,1627.92,False,0,1,1650.48,344,4,2,1,1,1.7833336858333335,REQUEST_EVIDENCE
NON_DELIVERY_CLAIM,854.08,True,1,1,263.39,822,3,1,1,1,28.08334033527778,APPROVE
SUBSTITUTED_RETURN_CLAIM,1429.22,True,1,4,4160.88,633,4,1,3,0,4.116667518333333,APPROVE
NON_DELIVERY_CLAIM,2390.39,False,0,0,2955.83,244,1,1,0,0,48.7500111525,REQUEST_EVIDENCE
WRONG_ITEM_CLAIM,2196.04,True,1,1,751.82,652,5,2,2,0,17.583338059444444,APPROVE
SHORTAGE_CLAIM,5446.28,True,1,0,2955.83,244,2,1,1,0,0.03333333972222222,ESCALATE
WRONG_ITEM_CLAIM,2145.06,False,0,1,413.98,879,2,1,1,0,35.41667511611111,REQUEST_EVIDENCE
SHORTAGE_CLAIM,2397.17,True,1,0,1505.47,718,3,1,2,0,2.866667231944444,APPROVE
SHORTAGE_CLAIM,2993.33,False,0,2,1133.21,1193,3,1,0,1,1.4666669555555556,REQUEST_EVIDENCE
SHORTAGE_CLAIM,1478.14,True,1,1,2480.47,1082,1,1,0,0,39.58334263555555,DENY
SHORTAGE_CLAIM,1828.95,False,0,0,770.28,281,1,0,1,0,21.56667238777778,REQUEST_EVIDENCE
WRONG_ITEM_CLAIM,2219.19,False,0,1,2820.88,58,1,1,0,0,23.633339458888887,REQUEST_EVIDENCE
WRONG_ITEM_CLAIM,2347.77,True,1,0,2648.34,413,2,1,0,1,2.716667201111111,APPROVE
SHORTAGE_CLAIM,541.26,True,1,1,828.74,997,6,0,5,1,27.85000695638889,APPROVE
NON_DELIVERY_CLAIM,2149.69,True,1,0,1391.26,695,0,0,0,0,999.0,APPROVE
NON_DELIVERY_CLAIM,1754.39,True,1,1,2608.25,1173,2,0,1,0,49.916678051388885,APPROVE
SUBSTITUTED_RETURN_CLAIM,3230.33,False,0,0,146.85,112,4,2,2,0,21.250005660555555,REQUEST_EVIDENCE
SHORTAGE_CLAIM,3645.14,False,0,1,1876.05,727,0,0,0,0,999.0,REQUEST_EVIDENCE
SHORTAGE_CLAIM,1740.92,False,0,0,1605.3,651,3,2,1,0,12.26666981722222,REQUEST_EVIDENCE
SUBSTITUTED_RETURN_CLAIM,362.02,True,1,3,2118.02,53,1,1,0,0,25.21667310666667,APPROVE
SUBSTITUTED_RETURN_CLAIM,4438.49,True,1,1,1190.02,1452,4,3,1,0,4.283334210555555,APPROVE
SHORTAGE_CLAIM,2493.21,True,1,1,2002.74,986,3,2,1,0,6.850001536944444,APPROVE
SUBSTITUTED_RETURN_CLAIM,773.77,True,1,0,1552.83,550,2,1,1,0,29.91667403027778,APPROVE
NON_DELIVERY_CLAIM,3748.59,False,0,1,853.31,1067,2,0,2,0,30.233340761388888,REQUEST_EVIDENCE
SUBSTITUTED_RETURN_CLAIM,1675.03,False,0,0,2067.07,653,4,2,1,0,19.566671992777778,REQUEST_EVIDENCE
WRONG_ITEM_CLAIM,781.48,False,0,0,2144.59,610,5,3,1,0,29.98334071,REQUEST_EVIDENCE
WRONG_ITEM_CLAIM,1366.45,True,1,0,2351.4,647,3,1,2,0,4.566667610833334,APPROVE
WRONG_ITEM_CLAIM,1452.78,False,0,1,770.91,880,2,1,0,0,11.216669503333334,REQUEST_EVIDENCE
SHORTAGE_CLAIM,4555.36,False,0,0,1756.34,141,3,3,0,0,18.48333828333333,DENY
SHORTAGE_CLAIM,4099.45,False,0,1,2086.88,711,4,1,2,0,13.716670216388888,DENY
WRONG_ITEM_CLAIM,148.7,True,1,0,2307.02,190,3,2,1,0,5.1833344313888885,APPROVE
SUBSTITUTED_RETURN_CLAIM,322.02,False,0,0,1915.56,691,5,4,1,0,22.966672660555556,REQUEST_EVIDENCE
SUBSTITUTED_RETURN_CLAIM,4817.01,False,0,0,2957.87,1334,2,1,0,0,13.95000361111111,REQUEST_EVIDENCE
WRONG_ITEM_CLAIM,1883.72,False,0,1,5381.96,1442,2,1,1,0,3.7333340697222224,REQUEST_EVIDENCE
WRONG_ITEM_CLAIM,693.83,True,1,0,2471.69,834,3,0,2,1,20.31667214333333,APPROVE
SHORTAGE_CLAIM,2566.09,False,0,3,3920.1,35,5,4,0,0,5.183334425555556,DENY
NON_DELIVERY_CLAIM,8796.96,False,0,0,2597.86,724,4,2,2,0,9.40000225472222,REQUEST_EVIDENCE
NON_DELIVERY_CLAIM,4015.08,True,1,0,2893.72,1363,1,1,0,0,25.000006398333333,APPROVE
SHORTAGE_CLAIM,108.24,False,0,2,5852.54,244,2,1,1,0,11.65000294388889,DENY
WRONG_ITEM_CLAIM,378.29,True,1,1,95.21,730,0,0,0,0,999.0,APPROVE
SUBSTITUTED_RETURN_CLAIM,2819.6,True,1,1,2803.3,801,4,2,2,0,14.266670358055556,APPROVE
SUBSTITUTED_RETURN_CLAIM,9131.52,True,1,0,2082.0,1431,4,2,0,0,7.266668294444445,ESCALATE
SHORTAGE_CLAIM,163.91,True,1,0,351.03,564,7,3,3,1,1.1500002274999999,APPROVE
NON_DELIVERY_CLAIM,3573.9,False,0,2,2234.81,1456,6,2,3,0,9.133335501666666,REQUEST_EVIDENCE
SUBSTITUTED_RETURN_CLAIM,754.57,True,1,0,629.05,373,0,0,0,0,999.0,APPROVE
SUBSTITUTED_RETURN_CLAIM,2661.68,False,0,1,220.59,697,4,2,2,0,1.5500003066666665,REQUEST_EVIDENCE
WRONG_ITEM_CLAIM,6157.27,False,0,1,464.42,1169,3,0,2,1,5.933334608888889,REQUEST_EVIDENCE
WRONG_ITEM_CLAIM,1472.21,True,1,0,2701.37,1002,1,0,1,0,29.133340541666666,APPROVE
SUBSTITUTED_RETURN_CLAIM,2686.98,True,1,0,1619.28,98,0,0,0,0,999.0,APPROVE
SHORTAGE_CLAIM,2012.15,True,1,0,2056.53,1166,5,4,1,0,20.333338811944447,DENY
NON_DELIVERY_CLAIM,312.97,True,1,0,83.93,112,4,2,2,0,21.733339089444446,APPROVE
SUBSTITUTED_RETURN_CLAIM,2889.81,True,1,1,248.06,94,1,0,1,0,32.85000794361111,APPROVE
WRONG_ITEM_CLAIM,4933.17,False,0,1,1395.76,1224,2,0,2,0,37.70000889944445,REQUEST_EVIDENCE
NON_DELIVERY_CLAIM,3350.58,False,0,3,5731.08,1386,5,1,3,1,7.750001748611111,REQUEST_EVIDENCE
NON_DELIVERY_CLAIM,2811.15,False,0,0,1982.17,623,2,1,1,0,16.43333763888889,REQUEST_EVIDENCE
WRONG_ITEM_CLAIM,2888.35,True,1,1,297.88,271,1,1,0,0,46.15001064333333,APPROVE
NON_DELIVERY_CLAIM,907.03,True,1,1,303.87,256,4,3,1,0,6.016667953333333,APPROVE
WRONG_ITEM_CLAIM,6015.12,False,0,0,1162.58,266,5,2,3,0,20.200005453333333,REQUEST_EVIDENCE
SHORTAGE_CLAIM,4734.52,False,0,4,5011.41,1031,1,0,1,0,4.716667616388889,REQUEST_EVIDENCE
SUBSTITUTED_RETURN_CLAIM,3692.77,False,0,0,2947.14,1282,4,4,0,0,1.1333335572222223,REQUEST_EVIDENCE
SUBSTITUTED_RETURN_CLAIM,2012.23,False,0,1,1224.78,1045,5,2,2,1,16.500004314722222,REQUEST_EVIDENCE
NON_DELIVERY_CLAIM,1766.4,False,0,0,779.42,664,4,2,2,0,9.733335646666667,REQUEST_EVIDENCE
NON_DELIVERY_CLAIM,1649.65,False,0,4,2208.59,1283,2,1,1,0,8.766668700277778,REQUEST_EVIDENCE
WRONG_ITEM_CLAIM,4240.12,False,0,3,3601.78,1370,6,2,4,0,13.03333663638889,REQUEST_EVIDENCE
SUBSTITUTED_RETURN_CLAIM,1524.21,False,0,0,2971.85,1093,3,3,0,0,18.450004884166663,REQUEST_EVIDENCE
SHORTAGE_CLAIM,3197.38,False,0,3,7678.48,1242,0,0,0,0,999.0,REQUEST_EVIDENCE
SUBSTITUTED_RETURN_CLAIM,2450.64,True,1,0,2607.02,36,3,1,2,0,9.483335567222223,APPROVE
WRONG_ITEM_CLAIM,2347.62,True,1,4,4988.53,1226,2,0,2,0,26.383340003055554,APPROVE
WRONG_ITEM_CLAIM,1180.2,True,1,0,288.94,592,6,4,1,1,2.0833337444444444,APPROVE
SHORTAGE_CLAIM,2300.89,False,0,2,1410.03,388,6,3,2,1,19.900005391944443,REQUEST_EVIDENCE
SUBSTITUTED_RETURN_CLAIM,4729.73,True,1,2,3112.35,145,3,1,1,0,5.400001114166667,APPROVE
NON_DELIVERY_CLAIM,2459.2,False,0,0,1159.69,1254,2,1,1,0,4.966667668333333,REQUEST_EVIDENCE
SHORTAGE_CLAIM,669.23,True,1,0,2597.86,724,5,2,3,0,0.6000001180555556,DENY
WRONG_ITEM_CLAIM,3498.68,False,0,0,1822.4,1235,1,0,1,0,49.33334460277778,REQUEST_EVIDENCE
NON_DELIVERY_CLAIM,3647.63,False,0,0,1260.19,1044,3,0,3,0,26.20000663361111,REQUEST_EVIDENCE
WRONG_ITEM_CLAIM,3133.72,False,0,0,2921.77,1446,1,0,1,0,16.400004254444443,REQUEST_EVIDENCE
SHORTAGE_CLAIM,1372.66,True,1,3,5911.44,1222,5,1,3,0,13.433336731666667,DENY
SHORTAGE_CLAIM,4789.21,True,1,0,2991.05,1017,5,1,3,0,9.433335534444444,APPROVE
NON_DELIVERY_CLAIM,1719.12,True,1,0,2777.07,430,1,0,1,0,50.23334477805555,APPROVE
WRONG_ITEM_CLAIM,4101.97,True,1,0,1456.01,909,0,0,0,0,999.0,APPROVE
WRONG_ITEM_CLAIM,2960.41,True,1,0,2991.05,1017,6,2,3,0,0.05000001083333333,APPROVE
SHORTAGE_CLAIM,7262.1,False,0,0,2065.5,1450,5,3,2,0,7.433334960555555,REQUEST_EVIDENCE
SUBSTITUTED_RETURN_CLAIM,2585.68,False,0,0,1609.25,1130,5,1,4,0,5.28333440638889,REQUEST_EVIDENCE
SHORTAGE_CLAIM,1832.29,False,0,0,420.89,1026,0,0,0,0,999.0,DENY
WRONG_ITEM_CLAIM,2650.65,True,1,1,1477.27,1327,3,1,2,0,22.23333918888889,APPROVE
SUBSTITUTED_RETURN_CLAIM,2024.02,False,0,0,420.89,1026,1,0,0,0,0.03333333972222222,REQUEST_EVIDENCE
SUBSTITUTED_RETURN_CLAIM,354.35,True,1,1,2670.88,110,6,3,1,1,13.783336816944443,APPROVE
SHORTAGE_CLAIM,5919.07,False,0,0,343.38,596,6,2,2,2,7.283334915833334,REQUEST_EVIDENCE
NON_DELIVERY_CLAIM,399.07,True,1,0,399.61,624,4,1,3,0,15.500003974722222,APPROVE
NON_DELIVERY_CLAIM,3852.12,True,1,0,1866.94,304,3,1,2,0,4.466667548055555,APPROVE
SHORTAGE_CLAIM,1833.99,True,1,0,1568.13,958,3,2,1,0,6.050001261666666,APPROVE
NON_DELIVERY_CLAIM,913.79,True,1,0,1260.19,1044,4,0,4,0,0.28333339055555556,APPROVE
NON_DELIVERY_CLAIM,1884.69,True,1,2,2200.43,485,1,0,0,0,13.533336737222223,APPROVE
WRONG_ITEM_CLAIM,3010.93,True,1,0,1619.28,98,1,1,0,0,0.7500001486111112,APPROVE
SHORTAGE_CLAIM,2517.58,True,1,1,2458.81,373,3,0,2,1,13.216669976666667,APPROVE
SHORTAGE_CLAIM,1027.76,False,0,1,2404.67,957,0,0,0,0,999.0,DENY
SUBSTITUTED_RETURN_CLAIM,3045.03,False,0,1,1218.63,1289,7,7,0,0,2.0166670647222222,REQUEST_EVIDENCE
NON_DELIVERY_CLAIM,7264.76,False,0,1,402.6,1193,6,3,3,0,6.183334621666666,REQUEST_EVIDENCE
WRONG_ITEM_CLAIM,2090.0,True,1,0,2542.0,1396,5,2,3,0,4.250000838333333,APPROVE
NON_DELIVERY_CLAIM,2198.63,False,0,0,257.12,867,3,0,3,0,1.700000336388889,REQUEST_EVIDENCE
SHORTAGE_CLAIM,3346.71,False,0,0,1284.44,155,3,1,2,0,5.200001031666666,REQUEST_EVIDENCE
NON_DELIVERY_CLAIM,151.82,True,1,0,1889.59,1192,7,1,1,0,2.783333882777778,APPROVE
SHORTAGE_CLAIM,1223.76,True,1,1,2887.94,339,2,0,2,0,11.9833362725,DENY
WRONG_ITEM_CLAIM,2466.61,True,1,0,2445.65,674,4,0,3,0,4.1333341486111115,APPROVE
SHORTAGE_CLAIM,787.71,True,1,2,853.83,749,1,0,1,0,32.400007861944445,DENY
WRONG_ITEM_CLAIM,3608.91,False,0,1,1218.63,1289,8,7,1,0,0.15000003416666668,REQUEST_EVIDENCE
NON_DELIVERY_CLAIM,4575.93,False,0,1,2865.15,647,3,2,1,0,14.250003592222221,REQUEST_EVIDENCE
SUBSTITUTED_RETURN_CLAIM,2457.39,False,0,0,1995.32,497,1,1,0,0,21.60000573472222,REQUEST_EVIDENCE
SHORTAGE_CLAIM,1965.84,False,0,0,460.47,1326,4,1,3,0,7.166668203333333,REQUEST_EVIDENCE
NON_DELIVERY_CLAIM,2186.94,False,0,0,2668.27,652,2,1,1,0,11.33333608138889,REQUEST_EVIDENCE
NON_DELIVERY_CLAIM,452.84,True,1,1,359.64,525,3,1,2,0,2.01666707,APPROVE
SHORTAGE_CLAIM,2028.54,True,1,0,1004.79,1297,8,3,4,1,2.400000478888889,APPROVE
WRONG_ITEM_CLAIM,2382.75,False,0,1,1331.96,1330,0,0,0,0,999.0,REQUEST_EVIDENCE
NON_DELIVERY_CLAIM,4862.89,True,1,1,1936.0,535,2,0,1,0,14.400003625,APPROVE
SHORTAGE_CLAIM,8881.6,False,0,0,2122.87,952,3,0,2,1,16.616670929166666,REQUEST_EVIDENCE
SUBSTITUTED_RETURN_CLAIM,4312.6,False,0,0,36.57,144,4,2,0,2,8.583335232222222,REQUEST_EVIDENCE
SUBSTITUTED_RETURN_CLAIM,3310.34,False,0,0,1990.84,546,3,2,1,0,10.700002513333333,REQUEST_EVIDENCE
WRONG_ITEM_CLAIM,1198.16,False,0,0,1556.83,296,4,1,1,0,26.733340076944444,REQUEST_EVIDENCE
WRONG_ITEM_CLAIM,5568.7,True,1,0,437.83,1258,3,1,1,0,12.416669710555555,ESCALATE
WRONG_ITEM_CLAIM,108.15,True,1,0,1956.2,1115,3,2,1,0,2.900000576944444,APPROVE
WRONG_ITEM_CLAIM,1314.66,False,0,0,2687.1,194,1,1,0,0,36.950008759166664,REQUEST_EVIDENCE
SHORTAGE_CLAIM,2516.83,True,1,2,3112.35,145,4,2,1,0,0.8500001722222221,DENY
WRONG_ITEM_CLAIM,5138.62,False,0,1,1445.22,1386,6,1,3,1,11.700002833888888,REQUEST_EVIDENCE
NON_DELIVERY_CLAIM,1556.68,False,0,4,2730.14,542,4,1,2,0,23.400006087500003,REQUEST_EVIDENCE
WRONG_ITEM_CLAIM,2632.17,True,1,0,2379.17,258,5,1,3,0,4.183334162777777,APPROVE
SHORTAGE_CLAIM,2133.5,False,0,1,616.48,1442,6,2,2,0,16.00000406638889,DENY
SUBSTITUTED_RETURN_CLAIM,1845.23,False,0,4,3470.4,1125,4,3,1,0,6.583334699722222,REQUEST_EVIDENCE
SUBSTITUTED_RETURN_CLAIM,1747.39,False,0,1,2934.07,678,3,3,0,0,24.733339679166665,REQUEST_EVIDENCE
SHORTAGE_CLAIM,5740.51,False,0,1,1360.3,934,4,2,0,1,3.0000005958333333,REQUEST_EVIDENCE
SHORTAGE_CLAIM,2396.38,True,1,4,7591.04,828,3,1,1,1,27.50000689361111,APPROVE
NON_DELIVERY_CLAIM,1815.06,True,1,0,2999.86,1012,7,2,3,1,9.933335603611111,APPROVE
WRONG_ITEM_CLAIM,431.35,True,1,0,113.18,210,8,2,4,0,5.100001009444445,APPROVE
SUBSTITUTED_RETURN_CLAIM,1195.39,False,0,0,22.04,744,0,0,0,0,999.0,REQUEST_EVIDENCE
SHORTAGE_CLAIM,3627.28,True,1,0,1185.43,766,7,1,4,1,16.766670942222223,APPROVE
SHORTAGE_CLAIM,1961.94,True,1,2,2252.07,119,5,2,2,1,21.916672463055555,DENY
WRONG_ITEM_CLAIM,3750.64,False,0,0,2736.31,1438,4,1,3,0,7.883335025555556,REQUEST_EVIDENCE
WRONG_ITEM_CLAIM,2858.92,False,0,0,2198.82,1331,3,3,0,0,5.916667851111111,REQUEST_EVIDENCE
SUBSTITUTED_RETURN_CLAIM,4703.08,False,0,0,2703.82,918,4,2,1,1,28.550007100555554,REQUEST_EVIDENCE
SHORTAGE_CLAIM,2652.0,True,1,0,1355.74,935,0,0,0,0,999.0,DENY
NON_DELIVERY_CLAIM,788.73,False,0,0,2768.56,570,3,1,2,0,3.250000645277778,REQUEST_EVIDENCE
SUBSTITUTED_RETURN_CLAIM,2301.04,True,1,1,6891.08,559,4,2,2,0,5.633334448055556,APPROVE
NON_DELIVERY_CLAIM,7323.09,True,1,1,2759.07,1122,4,4,0,0,13.716670052222222,ESCALATE
SUBSTITUTED_RETURN_CLAIM,2929.69,False,0,1,2086.88,711,5,1,2,0,1.8833337080555557,REQUEST_EVIDENCE
NON_DELIVERY_CLAIM,3563.75,False,0,1,4698.16,1081,4,2,1,1,3.0500006055555553,REQUEST_EVIDENCE
WRONG_ITEM_CLAIM,4845.0,True,1,0,204.86,1041,4,1,3,0,3.6500007238888887,APPROVE
NON_DELIVERY_CLAIM,2461.44,True,1,0,2165.02,448,2,1,1,0,25.31667312888889,APPROVE
SHORTAGE_CLAIM,1028.65,True,1,0,2973.26,1233,5,1,2,1,2.4500004874999997,DENY
SHORTAGE_CLAIM,3346.4,True,1,1,1224.78,1045,6,2,3,1,1.4500002894444444,APPROVE
WRONG_ITEM_CLAIM,2704.85,False,0,1,6845.74,1016,2,1,1,0,4.550000901111111,REQUEST_EVIDENCE
SHORTAGE_CLAIM,1778.74,True,1,1,2292.48,481,4,2,2,0,18.41667140694444,APPROVE
WRONG_ITEM_CLAIM,1113.4,False,0,1,2480.47,1082,2,1,0,0,2.3500004675,REQUEST_EVIDENCE
WRONG_ITEM_CLAIM,3398.32,False,0,1,1724.72,1223,2,2,0,0,25.35000646888889,REQUEST_EVIDENCE
WRONG_ITEM_CLAIM,1457.29,False,0,0,49.91,642,3,1,2,0,34.65000830138889,REQUEST_EVIDENCE
WRONG_ITEM_CLAIM,4611.04,False,0,0,2212.84,568,2,1,1,0,9.166668674722223,REQUEST_EVIDENCE
WRONG_ITEM_CLAIM,2217.85,False,0,0,111.01,86,4,2,2,0,5.683334457222221,REQUEST_EVIDENCE
SHORTAGE_CLAIM,2915.9,False,0,0,2165.02,448,3,2,1,0,0.1666666988888889,REQUEST_EVIDENCE
SUBSTITUTED_RETURN_CLAIM,953.57,False,0,1,1594.29,1062,3,1,1,0,9.766668846666667,REQUEST_EVIDENCE
SUBSTITUTED_RETURN_CLAIM,5961.72,True,1,2,6873.23,1296,5,4,0,0,7.133334808888889,ESCALATE
WRONG_ITEM_CLAIM,1928.43,False,0,1,2764.6,1017,3,1,1,1,29.783340675555554,REQUEST_EVIDENCE
SHORTAGE_CLAIM,1292.12,False,0,0,2198.87,770,2,1,0,1,35.61667516,DENY
SUBSTITUTED_RETURN_CLAIM,330.1,False,0,1,2648.8,950,6,3,2,0,12.36666963361111,REQUEST_EVIDENCE
WRONG_ITEM_CLAIM,1270.37,False,0,0,2018.41,1406,4,2,2,0,3.9500007825,REQUEST_EVIDENCE
NON_DELIVERY_CLAIM,3138.43,True,1,0,1201.75,316,5,1,4,0,14.783336992777778,APPROVE
SHORTAGE_CLAIM,2183.34,True,1,1,1224.78,1045,7,3,3,1,0.26666671861111113,APPROVE
SHORTAGE_CLAIM,1905.86,True,1,0,123.55,494,4,1,2,0,14.550003589722223,APPROVE
SUBSTITUTED_RETURN_CLAIM,8301.98,False,0,0,2198.02,550,6,3,2,1,10.016668905,REQUEST_EVIDENCE
SUBSTITUTED_RETURN_CLAIM,4488.1,True,1,0,2716.88,1251,2,1,1,0,27.466673553333333,APPROVE
SHORTAGE_CLAIM,2081.21,True,1,0,2356.6,1100,2,2,0,0,12.233336250555555,APPROVE
SHORTAGE_CLAIM,4235.15,True,1,2,2927.9,734,6,4,1,0,4.383334201388888,DENY
NON_DELIVERY_CLAIM,5774.52,False,0,1,1650.3,834,1,0,1,0,32.58334122555556,REQUEST_EVIDENCE
NON_DELIVERY_CLAIM,1581.27,True,1,1,710.25,951,3,1,0,0,19.466671678888886,APPROVE
WRONG_ITEM_CLAIM,2460.47,True,1,1,2086.88,711,6,1,3,0,0.4833334272222222,APPROVE
SHORTAGE_CLAIM,1548.04,False,0,0,1681.46,639,4,1,3,0,4.883334298888889,REQUEST_EVIDENCE
SUBSTITUTED_RETURN_CLAIM,2241.09,True,1,1,2691.86,517,1,1,0,0,40.98334291027778,APPROVE
NON_DELIVERY_CLAIM,2173.51,False,0,0,1367.35,973,2,1,1,0,7.950001668333333,REQUEST_EVIDENCE
SHORTAGE_CLAIM,3718.82,False,0,0,403.46,971,3,3,0,0,24.100006224444446,REQUEST_EVIDENCE
WRONG_ITEM_CLAIM,2826.94,False,0,1,1388.64,548,3,1,1,1,13.433336581111112,REQUEST_EVIDENCE
NON_DELIVERY_CLAIM,4396.96,True,1,4,4223.44,239,5,3,2,0,16.016670658055556,APPROVE
WRONG_ITEM_CLAIM,1851.69,False,0,1,5708.94,1446,4,2,2,0,15.216670426666667,REQUEST_EVIDENCE
SHORTAGE_CLAIM,2031.63,False,0,0,1906.06,224,5,1,3,1,3.450000683888889,REQUEST_EVIDENCE
WRONG_ITEM_CLAIM,2978.87,False,0,1,88.07,560,4,2,0,1,13.26666986,REQUEST_EVIDENCE
NON_DELIVERY_CLAIM,2705.39,False,0,1,2629.18,188,6,3,1,0,13.9333367225,REQUEST_EVIDENCE
NON_DELIVERY_CLAIM,2363.57,True,1,0,1526.21,820,2,0,2,0,26.033339937222223,APPROVE
NON_DELIVERY_CLAIM,2411.84,True,1,2,2234.81,1456,7,2,4,0,2.333333796388889,APPROVE
NON_DELIVERY_CLAIM,3408.62,False,0,0,1537.93,1239,5,1,4,0,15.916670619166666,REQUEST_EVIDENCE
SUBSTITUTED_RETURN_CLAIM,1893.03,True,1,3,2756.82,1053,3,1,2,0,12.55000298138889,APPROVE
SUBSTITUTED_RETURN_CLAIM,2234.32,False,0,0,770.28,281,2,0,2,0,2.9333339152777778,REQUEST_EVIDENCE
NON_DELIVERY_CLAIM,1869.94,False,0,1,3876.01,1295,2,1,1,0,14.566670228888889,REQUEST_EVIDENCE
NON_DELIVERY_CLAIM,862.55,True,1,0,1419.48,633,5,2,3,0,12.116669476944445,APPROVE
WRONG_ITEM_CLAIM,798.05,True,1,0,2307.02,190,4,3,1,0,2.6500005255555554,APPROVE
SUBSTITUTED_RETURN_CLAIM,2344.24,False,0,1,708.59,387,3,3,0,0,17.650004442777778,REQUEST_EVIDENCE
SHORTAGE_CLAIM,7391.97,True,1,0,505.91,1330,5,3,1,1,4.150000821666667,ESCALATE
NON_DELIVERY_CLAIM,5886.31,True,1,4,2497.91,624,1,0,1,0,24.800006360277777,ESCALATE
SHORTAGE_CLAIM,1552.64,True,1,0,2703.82,918,5,2,2,1,0.933333516111111,DENY
WRONG_ITEM_CLAIM,2177.12,False,0,2,200.17,1037,1,1,0,0,18.933338151666664,REQUEST_EVIDENCE
NON_DELIVERY_CLAIM,1626.59,False,0,1,147.87,324,4,1,3,0,28.683340458611113,REQUEST_EVIDENCE
WRONG_ITEM_CLAIM,3882.95,False,0,0,2211.35,1152,4,2,0,1,22.31667253722222,REQUEST_EVIDENCE
SHORTAGE_CLAIM,4348.15,True,1,1,770.91,880,3,1,1,0,2.8333338944444444,APPROVE
WRONG_ITEM_CLAIM,489.06,True,1,0,257.12,867,4,0,4,0,1.6500003272222223,APPROVE
NON_DELIVERY_CLAIM,1656.42,True,1,0,1015.64,1316,3,2,1,0,14.616670223055555,APPROVE
WRONG_ITEM_CLAIM,1825.34,True,1,0,1260.19,1044,5,1,4,0,1.8166670263888889,APPROVE
SUBSTITUTED_RETURN_CLAIM,650.9,False,0,0,1074.86,1227,1,0,1,0,23.716672816944442,REQUEST_EVIDENCE
SHORTAGE_CLAIM,1033.7,True,1,0,1534.67,942,2,0,1,1,6.300001244722222,APPROVE
WRONG_ITEM_CLAIM,2285.19,True,1,1,1392.74,51,3,3,0,0,18.016671195833332,APPROVE
SUBSTITUTED_RETURN_CLAIM,2333.51,True,1,0,2211.35,1152,5,2,1,1,0.13333335916666667,APPROVE
SUBSTITUTED_RETURN_CLAIM,341.12,False,0,0,319.65,198,4,3,1,0,15.48333712861111,REQUEST_EVIDENCE
NON_DELIVERY_CLAIM,2558.99,False,0,0,1423.84,898,6,2,4,0,13.2166698075,REQUEST_EVIDENCE
NON_DELIVERY_CLAIM,2787.47,False,0,0,1715.77,542,5,2,3,0,5.016667659444444,REQUEST_EVIDENCE
WRONG_ITEM_CLAIM,2272.27,False,0,4,5309.57,1456,3,0,2,1,5.566667767222222,REQUEST_EVIDENCE
SHORTAGE_CLAIM,1595.96,True,1,0,243.19,1425,5,3,2,0,10.98333578388889,APPROVE
SHORTAGE_CLAIM,5042.58,True,1,1,2263.65,1081,6,3,2,0,7.216668109444445,ESCALATE
SHORTAGE_CLAIM,2710.81,False,0,0,1456.01,909,1,1,0,0,2.200000434722222,REQUEST_EVIDENCE
SHORTAGE_CLAIM,1620.09,True,1,1,729.14,508,1,0,1,0,48.36667774944444,DENY
NON_DELIVERY_CLAIM,3445.71,True,1,2,1391.28,215,2,0,1,1,26.566673374444445,APPROVE
WRONG_ITEM_CLAIM,4867.27,True,1,0,1588.25,1395,4,3,1,0,5.616667776666667,APPROVE
NON_DELIVERY_CLAIM,2842.59,True,1,4,5011.41,1031,2,0,2,0,2.6166671847222225,APPROVE
WRONG_ITEM_CLAIM,4493.07,True,1,0,1623.43,668,6,1,4,0,5.416667737777778,APPROVE
WRONG_ITEM_CLAIM,4726.81,False,0,0,1456.01,909,2,1,1,0,0.10000001916666666,REQUEST_EVIDENCE
NON_DELIVERY_CLAIM,8012.34,False,0,0,674.43,959,3,2,0,1,10.16666886027778,REQUEST_EVIDENCE
WRONG_ITEM_CLAIM,1590.82,True,1,0,83.93,112,5,3,2,0,2.8166672230555556,APPROVE
NON_DELIVERY_CLAIM,963.31,False,0,0,1259.48,1276,3,2,1,0,27.233340171944445,REQUEST_EVIDENCE
SUBSTITUTED_RETURN_CLAIM,2606.11,True,1,1,2871.29,867,1,0,1,0,51.18334496944444,APPROVE
SHORTAGE_CLAIM,5233.24,False,0,0,2814.27,1004,6,2,2,2,5.216667696666667,REQUEST_EVIDENCE
SHORTAGE_CLAIM,941.25,False,0,2,432.23,1000,4,0,3,0,15.600003801666666,DENY
NON_DELIVERY_CLAIM,973.51,False,0,0,1363.93,786,1,1,0,0,17.66667106027778,REQUEST_EVIDENCE
SUBSTITUTED_RETURN_CLAIM,7867.6,True,1,1,2469.59,928,1,0,0,1,29.966674043611114,ESCALATE
SUBSTITUTED_RETURN_CLAIM,3349.82,True,1,1,923.32,1177,4,1,2,0,3.9000007708333335,APPROVE
WRONG_ITEM_CLAIM,2076.37,False,0,1,2168.99,1069,0,0,0,0,999.0,REQUEST_EVIDENCE
WRONG_ITEM_CLAIM,2241.07,False,0,1,5394.91,439,6,2,2,2,10.683335662777779,REQUEST_EVIDENCE
NON_DELIVERY_CLAIM,2497.14,True,1,0,780.02,1457,4,0,1,0,19.566671612777778,APPROVE
WRONG_ITEM_CLAIM,4464.09,True,1,0,1169.95,1219,2,0,2,0,23.900006185555554,APPROVE
SUBSTITUTED_RETURN_CLAIM,1546.16,True,1,0,2056.77,322,3,2,1,0,38.21667566777778,APPROVE
SHORTAGE_CLAIM,5285.08,True,1,0,715.72,1294,8,3,5,0,10.016668808611112,DENY
SHORTAGE_CLAIM,2704.71,True,1,0,206.29,871,4,2,2,0,18.45000460638889,DENY
SUBSTITUTED_RETURN_CLAIM,1044.65,False,0,1,789.95,125,5,3,2,0,6.283334573333334,REQUEST_EVIDENCE
NON_DELIVERY_CLAIM,2429.68,True,1,0,2835.58,866,2,2,0,0,19.583338275,APPROVE
NON_DELIVERY_CLAIM,4959.34,False,0,1,1619.8,1160,8,6,2,0,9.366668637222222,REQUEST_EVIDENCE
SUBSTITUTED_RETURN_CLAIM,3473.99,False,0,1,2440.59,1441,2,1,1,0,27.066673472500003,REQUEST_EVIDENCE
SUBSTITUTED_RETURN_CLAIM,3287.27,True,1,0,2957.87,1334,3,1,1,0,3.433334011388889,APPROVE
SUBSTITUTED_RETURN_CLAIM,1251.48,True,1,0,2732.36,324,3,0,2,0,24.150006234166664,APPROVE
SHORTAGE_CLAIM,1168.31,False,0,1,4440.31,1475,2,1,1,0,26.95000678138889,REQUEST_EVIDENCE
SHORTAGE_CLAIM,1586.48,True,1,0,2437.93,374,2,0,1,0,19.483338234444446,APPROVE
NON_DELIVERY_CLAIM,1928.27,False,0,0,1015.1,929,4,2,1,1,9.966668784166666,REQUEST_EVIDENCE
SHORTAGE_CLAIM,6219.64,False,0,0,1570.07,1016,4,1,1,1,7.8500015725,DENY
SUBSTITUTED_RETURN_CLAIM,4639.77,False,0,0,2819.73,107,2,0,1,0,23.966672863333333,REQUEST_EVIDENCE
SHORTAGE_CLAIM,3376.23,False,0,0,2111.01,622,5,4,1,0,5.950001175833333,REQUEST_EVIDENCE
SHORTAGE_CLAIM,951.49,True,1,1,2412.26,850,3,2,1,0,12.000002686666667,DENY
SHORTAGE_CLAIM,4077.56,False,0,1,1159.93,1372,3,1,2,0,10.60000227611111,REQUEST_EVIDENCE
SUBSTITUTED_RETURN_CLAIM,2306.41,True,1,4,3470.4,1125,5,3,2,0,2.033333731388889,APPROVE
SUBSTITUTED_RETURN_CLAIM,4257.46,True,1,0,1568.13,958,4,3,1,0,2.6500005225,APPROVE
WRONG_ITEM_CLAIM,468.89,False,0,1,588.3,1459,4,1,2,1,22.53333921722222,REQUEST_EVIDENCE
SUBSTITUTED_RETURN_CLAIM,960.31,True,1,3,5731.08,1386,6,1,4,1,3.3000006513888893,APPROVE
SUBSTITUTED_RETURN_CLAIM,771.69,False,0,0,111.01,86,5,2,3,0,1.6333336527777778,REQUEST_EVIDENCE
WRONG_ITEM_CLAIM,4593.56,True,1,1,983.04,909,5,2,2,1,20.6666718975,APPROVE
SHORTAGE_CLAIM,3677.61,False,0,0,1389.19,484,2,1,1,0,8.41666837388889,DENY
NON_DELIVERY_CLAIM,4300.48,False,0,2,422.27,1016,0,0,0,0,999.0,REQUEST_EVIDENCE
SHORTAGE_CLAIM,351.69,False,0,1,1330.69,93,3,0,2,0,19.65000492388889,REQUEST_EVIDENCE
SUBSTITUTED_RETURN_CLAIM,6120.87,True,1,0,853.61,40,2,0,1,1,10.183335490833334,ESCALATE
NON_DELIVERY_CLAIM,1464.83,False,0,0,2106.67,138,2,2,0,0,20.35000513111111,REQUEST_EVIDENCE
SUBSTITUTED_RETURN_CLAIM,3850.95,True,1,0,674.43,959,4,2,1,1,0.6833334669444444,APPROVE
SUBSTITUTED_RETURN_CLAIM,5583.59,True,1,0,2033.09,613,4,1,3,0,11.816669278333334,ESCALATE
NON_DELIVERY_CLAIM,1879.9,False,0,0,2991.05,1017,7,3,3,0,3.0166672611111114,REQUEST_EVIDENCE
SUBSTITUTED_RETURN_CLAIM,1358.96,True,1,0,202.09,1191,2,1,1,0,43.43334339222223,APPROVE
SUBSTITUTED_RETURN_CLAIM,2996.63,False,0,1,2820.88,58,2,1,1,0,4.200000829722222,REQUEST_EVIDENCE
SHORTAGE_CLAIM,5660.09,True,1,0,2049.67,1299,4,3,1,0,27.166673491666664,DENY
WRONG_ITEM_CLAIM,1130.74,False,0,0,215.24,415,2,2,0,0,9.133335213333334,REQUEST_EVIDENCE
WRONG_ITEM_CLAIM,1745.24,False,0,2,1011.35,518,3,3,0,0,7.400001459722223,REQUEST_EVIDENCE
SHORTAGE_CLAIM,2093.56,False,0,2,1028.01,1424,2,0,2,0,45.78334390194445,REQUEST_EVIDENCE
NON_DELIVERY_CLAIM,891.41,False,0,1,2574.66,861,7,2,2,2,4.833334287222222,REQUEST_EVIDENCE
WRONG_ITEM_CLAIM,6337.54,False,0,0,973.54,436,4,0,1,1,26.150006623611112,REQUEST_EVIDENCE
NON_DELIVERY_CLAIM,4096.96,True,1,1,2967.82,857,8,4,4,0,9.883335401666667,APPROVE
NON_DELIVERY_CLAIM,1913.95,True,1,0,348.2,958,6,3,2,0,10.866668986666665,APPROVE
NON_DELIVERY_CLAIM,2374.66,True,1,0,1526.47,1053,3,1,1,0,7.016668050277778,APPROVE
NON_DELIVERY_CLAIM,2285.56,True,1,0,435.46,259,4,0,4,0,12.366669416944443,APPROVE
SUBSTITUTED_RETURN_CLAIM,8954.3,False,0,0,348.2,958,7,4,2,0,0.050000009722222225,REQUEST_EVIDENCE
NON_DELIVERY_CLAIM,1774.37,True,1,1,2168.99,1069,1,0,1,0,0.8000001569444444,APPROVE
SUBSTITUTED_RETURN_CLAIM,1517.18,False,0,1,1193.15,35,4,2,1,1,10.816668969166667,REQUEST_EVIDENCE
SHORTAGE_CLAIM,2464.59,True,1,0,2168.65,538,4,1,3,0,14.500003400555554,APPROVE
WRONG_ITEM_CLAIM,1442.46,True,1,0,1966.77,708,4,2,2,0,6.600001302222222,APPROVE
WRONG_ITEM_CLAIM,4839.96,True,1,1,1218.63,1289,9,7,2,0,2.900000566944444,APPROVE
WRONG_ITEM_CLAIM,2131.52,False,0,0,2042.18,1214,0,0,0,0,999.0,REQUEST_EVIDENCE
NON_DELIVERY_CLAIM,2757.86,True,1,0,2990.55,1063,6,0,3,1,12.050002647222223,APPROVE
SUBSTITUTED_RETURN_CLAIM,874.28,False,0,2,230.84,164,5,2,3,0,5.9000011641666665,REQUEST_EVIDENCE
SHORTAGE_CLAIM,3949.14,True,1,0,2857.91,643,4,2,1,1,13.733336463333334,APPROVE
SUBSTITUTED_RETURN_CLAIM,1881.5,False,0,0,2906.23,352,1,0,1,0,56.50001268277777,REQUEST_EVIDENCE
SHORTAGE_CLAIM,286.24,True,1,0,662.55,1435,8,2,4,1,12.533336113055555,DENY
SHORTAGE_CLAIM,2798.48,True,1,0,364.09,624,5,2,2,0,7.9666682375,DENY
NON_DELIVERY_CLAIM,2198.98,True,1,1,886.05,1277,5,3,2,0,19.116671380833335,APPROVE
NON_DELIVERY_CLAIM,9610.14,True,1,0,2353.32,1166,3,1,1,1,25.91667324611111,ESCALATE
SHORTAGE_CLAIM,3829.8,False,0,0,1594.41,918,2,0,1,0,15.683337059444444,REQUEST_EVIDENCE
NON_DELIVERY_CLAIM,864.36,True,1,0,146.85,112,5,2,3,0,4.566667566944444,APPROVE
SUBSTITUTED_RETURN_CLAIM,3904.87,False,0,0,111.01,86,6,2,4,0,0.6500001269444444,REQUEST_EVIDENCE
NON_DELIVERY_CLAIM,2710.75,True,1,1,2028.7,1373,2,2,0,0,28.850007156666667,APPROVE
WRONG_ITEM_CLAIM,4123.49,False,0,0,2736.31,1438,5,1,4,0,2.6333338475000003,REQUEST_EVIDENCE
WRONG_ITEM_CLAIM,4069.92,True,1,1,664.1,251,2,1,0,1,23.30000604027778,APPROVE
SUBSTITUTED_RETURN_CLAIM,3031.93,False,0,0,1691.87,674,2,1,1,0,14.483336701111112,REQUEST_EVIDENCE
SUBSTITUTED_RETURN_CLAIM,1240.2,True,1,1,147.87,324,5,1,4,0,1.6833336611111112,APPROVE
SHORTAGE_CLAIM,554.34,True,1,0,83.93,112,6,4,2,0,1.3000002541666666,APPROVE
NON_DELIVERY_CLAIM,4279.75,False,0,3,4160.43,672,5,1,4,0,13.816669796111112,REQUEST_EVIDENCE
SUBSTITUTED_RETURN_CLAIM,4124.27,False,0,0,2449.36,1081,1,0,1,0,13.900003150833333,REQUEST_EVIDENCE
WRONG_ITEM_CLAIM,1554.35,True,1,2,5909.3,1434,4,2,2,0,22.600005721944445,APPROVE
WRONG_ITEM_CLAIM,4338.29,True,1,0,925.26,471,1,1,0,0,5.500001083333333,APPROVE
WRONG_ITEM_CLAIM,2554.8,True,1,3,5874.63,743,2,2,0,0,17.500004224444442,APPROVE
NON_DELIVERY_CLAIM,3654.63,True,1,0,351.03,564,8,4,3,1,4.350000855555556,APPROVE
WRONG_ITEM_CLAIM,562.98,False,0,2,1968.52,1479,2,0,1,0,10.766668925277779,REQUEST_EVIDENCE
SHORTAGE_CLAIM,4951.27,True,1,1,212.1,313,3,0,2,0,36.70000870277778,APPROVE
WRONG_ITEM_CLAIM,2366.56,False,0,1,1437.06,272,1,1,0,0,29.150007214444447,REQUEST_EVIDENCE
WRONG_ITEM_CLAIM,1908.29,True,1,0,722.49,873,3,0,3,0,5.883334491666667,APPROVE
SUBSTITUTED_RETURN_CLAIM,5209.91,False,0,0,1355.74,935,1,0,0,0,2.8333338858333335,REQUEST_EVIDENCE
WRONG_ITEM_CLAIM,5924.52,True,1,0,1889.59,1192,8,2,1,0,3.4666673475,ESCALATE
NON_DELIVERY_CLAIM,2304.06,False,0,1,4698.16,1081,5,2,2,1,2.783333876111111,REQUEST_EVIDENCE
NON_DELIVERY_CLAIM,1159.14,False,0,0,2668.09,1034,2,2,0,0,36.45000865388889,REQUEST_EVIDENCE
NON_DELIVERY_CLAIM,4735.71,False,0,0,1735.03,565,4,1,3,0,23.6166727875,REQUEST_EVIDENCE
WRONG_ITEM_CLAIM,255.08,True,1,0,1371.96,93,3,0,3,0,15.450003614999998,APPROVE
SHORTAGE_CLAIM,2325.67,False,0,0,2687.1,194,2,1,1,0,3.2333339641666665,DENY
WRONG_ITEM_CLAIM,1552.12,True,1,0,2999.86,1012,8,3,3,1,3.083333935,APPROVE
SUBSTITUTED_RETURN_CLAIM,734.24,True,1,0,925.26,471,2,2,0,0,0.25000004861111114,APPROVE
SUBSTITUTED_RETURN_CLAIM,2349.63,True,1,2,1968.52,1479,3,0,2,0,0.21666670888888886,APPROVE
WRONG_ITEM_CLAIM,1038.32,True,1,1,1194.39,1018,6,2,4,0,12.116669270277779,APPROVE
WRONG_ITEM_CLAIM,2568.25,True,1,1,6121.48,623,3,1,2,0,34.78334165361111,APPROVE
SUBSTITUTED_RETURN_CLAIM,3981.56,False,0,1,207.06,476,3,3,0,0,13.550003016388889,REQUEST_EVIDENCE
NON_DELIVERY_CLAIM,165.78,True,1,1,248.06,94,2,1,1,0,4.500000885,APPROVE
NON_DELIVERY_CLAIM,2414.86,False,0,0,202.09,1191,3,2,1,0,1.0000001944444445,REQUEST_EVIDENCE
SUBSTITUTED_RETURN_CLAIM,613.88,True,1,3,5874.63,743,3,3,0,0,0.3500000677777778,APPROVE
WRONG_ITEM_CLAIM,736.95,False,0,0,380.46,376,5,1,2,2,19.2333380225,REQUEST_EVIDENCE
SUBSTITUTED_RETURN_CLAIM,155.78,True,1,4,4160.88,633,5,2,3,0,5.383334392777778,APPROVE
SUBSTITUTED_RETURN_CLAIM,439.04,False,0,1,1873.72,184,3,1,2,0,15.900003724722222,REQUEST_EVIDENCE
SUBSTITUTED_RETURN_CLAIM,2155.11,False,0,0,816.4,580,2,1,1,0,13.150002890277777,REQUEST_EVIDENCE
NON_DELIVERY_CLAIM,2980.01,True,1,1,2610.6,117,1,0,1,0,52.41667854333333,APPROVE
WRONG_ITEM_CLAIM,875.48,False,0,0,449.89,576,6,2,3,0,5.700001121944444,REQUEST_EVIDENCE
WRONG_ITEM_CLAIM,4573.69,True,1,0,2772.64,654,1,0,1,0,9.050001788055555,APPROVE
NON_DELIVERY_CLAIM,2319.82,True,1,0,1420.26,1380,3,1,2,0,7.2666680975,APPROVE
SHORTAGE_CLAIM,2357.16,False,0,2,7501.36,1447,5,4,1,0,19.233338010555553,DENY
SUBSTITUTED_RETURN_CLAIM,3650.03,True,1,0,1916.18,58,4,1,2,1,17.01667070722222,APPROVE
SUBSTITUTED_RETURN_CLAIM,2273.69,False,0,2,1133.21,1193,4,1,1,1,5.4333344025,REQUEST_EVIDENCE
WRONG_ITEM_CLAIM,2071.51,True,1,1,1598.16,1087,5,5,0,0,33.183341338888894,APPROVE
SHORTAGE_CLAIM,2002.2,True,1,0,1474.86,1003,4,2,1,0,15.71667032361111,APPROVE
SHORTAGE_CLAIM,1964.62,False,0,0,2957.87,1334,4,2,1,0,1.6500003211111112,DENY
SUBSTITUTED_RETURN_CLAIM,2352.48,False,0,0,2524.22,520,1,0,1,0,24.400006275833334,REQUEST_EVIDENCE
WRONG_ITEM_CLAIM,6106.7,False,0,0,348.2,958,8,4,3,0,1.0833335433333333,REQUEST_EVIDENCE
WRONG_ITEM_CLAIM,1181.5,True,1,1,789.95,125,6,3,3,0,1.7666670105555555,APPROVE
NON_DELIVERY_CLAIM,3642.95,True,1,0,1201.68,312,2,0,2,0,36.03334190111111,APPROVE
WRONG_ITEM_CLAIM,2263.85,False,0,1,182.1,175,5,3,2,0,17.250004093055555,REQUEST_EVIDENCE
SHORTAGE_CLAIM,2632.96,False,0,0,432.47,1238,2,0,1,0,13.000002821944443,REQUEST_EVIDENCE
SHORTAGE_CLAIM,2072.7,False,0,1,402.6,1193,7,3,4,0,4.116667473888889,REQUEST_EVIDENCE
NON_DELIVERY_CLAIM,176.33,True,1,0,2563.46,1185,6,1,3,1,11.566669088055555,APPROVE
WRONG_ITEM_CLAIM,1670.82,True,1,1,96.69,933,2,1,1,0,41.43334296583333,APPROVE
WRONG_ITEM_CLAIM,5486.58,False,0,0,1102.69,894,1,0,0,1,7.066668056388888,REQUEST_EVIDENCE
WRONG_ITEM_CLAIM,1032.88,False,0,0,1423.84,898,7,2,5,0,2.3666671266666666,REQUEST_EVIDENCE
SUBSTITUTED_RETURN_CLAIM,327.36,True,1,0,796.1,255,2,1,0,0,20.316671629722222,APPROVE
SHORTAGE_CLAIM,256.7,False,0,1,212.1,313,4,1,2,0,0.7500001455555556,DENY
WRONG_ITEM_CLAIM,4876.96,False,0,1,1563.34,205,5,2,2,1,7.383334785277778,REQUEST_EVIDENCE
WRONG_ITEM_CLAIM,1699.74,False,0,1,1539.71,289,7,2,4,1,6.566667957222222,REQUEST_EVIDENCE
SHORTAGE_CLAIM,2653.67,True,1,0,288.94,592,7,5,1,1,4.750000931944444,APPROVE
SHORTAGE_CLAIM,2038.33,True,1,0,1199.04,1490,1,0,1,0,21.383338604444447,APPROVE
SUBSTITUTED_RETURN_CLAIM,2520.66,False,0,0,2667.56,823,2,2,0,0,9.85000196861111,REQUEST_EVIDENCE
SHORTAGE_CLAIM,2909.85,False,0,1,643.71,411,4,2,0,1,13.2833362175,REQUEST_EVIDENCE
NON_DELIVERY_CLAIM,2488.48,False,0,0,527.31,1421,1,1,0,0,15.083336776666666,REQUEST_EVIDENCE
SUBSTITUTED_RETURN_CLAIM,3289.95,True,1,0,796.1,255,3,2,0,0,0.1500000288888889,APPROVE
SUBSTITUTED_RETURN_CLAIM,2504.28,True,1,0,1030.88,326,0,0,0,0,999.0,APPROVE
SUBSTITUTED_RETURN_CLAIM,5236.21,True,1,0,1747.11,1494,7,3,2,2,32.700007910277776,ESCALATE
SHORTAGE_CLAIM,1002.43,False,0,0,1891.23,1228,3,2,1,0,12.733336044444444,DENY
WRONG_ITEM_CLAIM,1886.32,True,1,0,2270.36,1044,2,1,1,0,17.016670660555555,APPROVE
WRONG_ITEM_CLAIM,1047.21,False,0,0,2448.84,940,5,2,2,0,10.550002145277778,REQUEST_EVIDENCE
SHORTAGE_CLAIM,1188.77,True,1,0,2625.54,355,5,3,2,0,32.250007826111116,APPROVE
SHORTAGE_CLAIM,2232.74,False,0,1,2937.77,1046,1,0,1,0,21.81667205388889,REQUEST_EVIDENCE
SUBSTITUTED_RETURN_CLAIM,2385.18,True,1,0,1410.41,768,6,1,5,0,11.43333570388889,APPROVE
NON_DELIVERY_CLAIM,6453.42,False,0,0,1476.17,558,3,1,0,1,32.41667452583333,REQUEST_EVIDENCE
WRONG_ITEM_CLAIM,976.63,False,0,0,2198.87,770,3,1,0,1,3.4833340172222225,REQUEST_EVIDENCE
SUBSTITUTED_RETURN_CLAIM,5431.9,False,0,0,1242.55,1295,5,1,2,0,12.016669183333333,REQUEST_EVIDENCE
SHORTAGE_CLAIM,1794.7,False,0,1,2469.59,928,2,0,0,2,2.4166671419444445,REQUEST_EVIDENCE
NON_DELIVERY_CLAIM,3368.08,False,0,0,2579.39,1000,3,1,1,0,46.46667734305555,REQUEST_EVIDENCE
SHORTAGE_CLAIM,2131.81,True,1,0,315.67,474,2,0,1,0,27.233340173888887,DENY
NON_DELIVERY_CLAIM,2341.11,False,0,1,2965.29,1310,2,1,1,0,8.200001617222222,REQUEST_EVIDENCE
NON_DELIVERY_CLAIM,5228.7,True,1,1,2759.07,1122,5,4,0,1,3.883334094722222,ESCALATE
SHORTAGE_CLAIM,2310.4,True,1,1,1935.21,993,0,0,0,0,999.0,APPROVE
SUBSTITUTED_RETURN_CLAIM,2426.62,False,0,1,433.06,644,1,0,0,1,50.933344920555555,REQUEST_EVIDENCE
SUBSTITUTED_RETURN_CLAIM,4356.53,True,1,2,2536.68,1019,2,2,0,0,9.366668513055556,APPROVE
NON_DELIVERY_CLAIM,4428.04,True,1,0,1111.13,270,3,0,3,0,11.150002284444444,APPROVE
SUBSTITUTED_RETURN_CLAIM,1314.38,True,1,0,288.94,592,8,6,1,1,0.43333342333333336,APPROVE
SHORTAGE_CLAIM,447.86,False,0,2,5815.51,1211,2,0,1,1,13.783336329166666,REQUEST_EVIDENCE
WRONG_ITEM_CLAIM,704.78,False,0,0,132.89,1129,1,1,0,0,39.800009313055554,REQUEST_EVIDENCE
SUBSTITUTED_RETURN_CLAIM,6326.77,False,0,1,1368.62,216,1,0,1,0,17.5000041075,REQUEST_EVIDENCE
NON_DELIVERY_CLAIM,361.46,True,1,0,1573.94,162,2,1,1,0,40.03334269305555,APPROVE
SHORTAGE_CLAIM,2170.21,True,1,0,72.62,260,1,0,1,0,11.700002421388888,DENY
SHORTAGE_CLAIM,1245.25,True,1,0,768.86,251,1,1,0,0,54.35001226,APPROVE
WRONG_ITEM_CLAIM,2402.44,True,1,0,1526.47,1053,4,2,1,0,1.9000003741666667,APPROVE
SHORTAGE_CLAIM,1298.45,True,1,1,957.95,353,2,1,0,1,40.28334274166667,DENY
WRONG_ITEM_CLAIM,6698.16,True,1,0,947.07,828,3,0,2,1,7.300001440000001,ESCALATE
WRONG_ITEM_CLAIM,4954.31,False,0,2,1274.42,293,5,4,0,1,11.01666890611111,REQUEST_EVIDENCE
SUBSTITUTED_RETURN_CLAIM,2195.93,True,1,0,2098.85,248,6,3,1,0,7.400001459444445,APPROVE
WRONG_ITEM_CLAIM,6745.72,False,0,1,923.32,1177,5,2,2,0,2.750000541111111,REQUEST_EVIDENCE
SUBSTITUTED_RETURN_CLAIM,2713.3,False,0,0,2312.3,1117,5,4,1,0,9.566668552777777,REQUEST_EVIDENCE
WRONG_ITEM_CLAIM,958.68,True,1,0,2064.72,1472,2,0,2,0,11.666669069444445,APPROVE
SHORTAGE_CLAIM,5870.9,False,0,0,1580.05,1061,4,1,2,1,9.850001942222223,REQUEST_EVIDENCE
SUBSTITUTED_RETURN_CLAIM,2127.4,False,0,0,947.07,828,4,0,2,2,0.11666668944444444,REQUEST_EVIDENCE
SUBSTITUTED_RETURN_CLAIM,6378.54,True,1,1,1327.74,908,2,1,1,0,47.78334429444445,ESCALATE
SUBSTITUTED_RETURN_CLAIM,5016.98,False,0,1,729.95,695,5,2,3,0,14.000003032777778,REQUEST_EVIDENCE
NON_DELIVERY_CLAIM,4134.84,True,1,1,1813.32,91,2,2,0,0,47.76667762472222,APPROVE
NON_DELIVERY_CLAIM,3637.77,False,0,0,2434.37,829,2,0,1,1,10.150002005555555,REQUEST_EVIDENCE
SHORTAGE_CLAIM,5021.36,True,1,1,2996.46,1183,4,2,2,0,12.316669229722223,DENY
NON_DELIVERY_CLAIM,3804.0,False,0,1,953.85,325,3,1,2,0,13.333336161944445,REQUEST_EVIDENCE
SHORTAGE_CLAIM,1790.02,False,0,0,1982.17,623,3,1,2,0,5.800001143333334,REQUEST_EVIDENCE
WRONG_ITEM_CLAIM,2702.68,False,0,2,3147.56,233,4,1,3,0,6.783334670833334,REQUEST_EVIDENCE
SHORTAGE_CLAIM,903.73,False,0,1,2986.42,640,2,2,0,0,57.15001280888889,DENY
SHORTAGE_CLAIM,6800.98,False,0,0,2401.54,1378,1,0,0,1,44.6000102875,REQUEST_EVIDENCE
WRONG_ITEM_CLAIM,2034.64,True,1,3,6966.39,1370,2,0,2,0,38.000008960555554,APPROVE
SHORTAGE_CLAIM,3054.21,False,0,0,1872.5,1079,3,2,1,0,14.766669904166667,REQUEST_EVIDENCE
SHORTAGE_CLAIM,1982.47,False,0,1,1190.02,1452,5,4,1,0,6.466667940833333,DENY
NON_DELIVERY_CLAIM,583.74,True,1,0,1302.75,473,2,0,2,0,19.833338068611113,APPROVE
SHORTAGE_CLAIM,2047.89,True,1,0,2817.46,452,2,2,0,0,51.316678330277774,APPROVE
SHORTAGE_CLAIM,103.1,False,0,1,1507.92,1297,3,1,1,1,43.483343372499995,DENY
SUBSTITUTED_RETURN_CLAIM,3089.84,True,1,0,403.46,971,4,3,1,0,3.950000774722222,APPROVE
SHORTAGE_CLAIM,1887.4,False,0,4,3020.44,736,2,1,1,0,18.116670904166668,DENY
WRONG_ITEM_CLAIM,3540.0,True,1,0,2056.53,1166,6,4,1,0,6.083334531666667,APPROVE
SHORTAGE_CLAIM,4878.62,False,0,0,25.26,1435,3,3,0,0,28.766673805555556,REQUEST_EVIDENCE
SUBSTITUTED_RETURN_CLAIM,3756.66,False,0,0,2808.95,588,4,2,0,0,47.81667763527778,REQUEST_EVIDENCE
WRONG_ITEM_CLAIM,5693.2,False,0,2,422.27,1016,1,0,1,0,2.700000531111111,REQUEST_EVIDENCE
NON_DELIVERY_CLAIM,1742.34,True,1,4,4160.88,633,6,3,3,0,1.550000307777778,APPROVE
SUBSTITUTED_RETURN_CLAIM,1433.57,True,1,0,1682.66,447,1,0,1,0,59.58334662555555,APPROVE
SUBSTITUTED_RETURN_CLAIM,1193.88,False,0,1,1950.93,1366,3,2,1,0,16.350003717499998,REQUEST_EVIDENCE
WRONG_ITEM_CLAIM,1175.44,True,1,0,682.94,107,1,1,0,0,12.783335995277778,APPROVE
SUBSTITUTED_RETURN_CLAIM,5294.82,True,1,0,2670.24,118,1,0,0,0,9.500001871944443,ESCALATE
WRONG_ITEM_CLAIM,4625.35,False,0,3,7364.62,1382,4,0,4,0,14.183336376944444,REQUEST_EVIDENCE
WRONG_ITEM_CLAIM,1939.58,False,0,0,2102.18,1434,6,1,5,0,9.50000187222222,REQUEST_EVIDENCE
NON_DELIVERY_CLAIM,1120.3,True,1,0,608.14,834,5,1,4,0,7.350001448611112,APPROVE
NON_DELIVERY_CLAIM,2097.29,True,1,0,2770.91,106,3,3,0,0,10.116668660555556,APPROVE
SHORTAGE_CLAIM,3396.87,True,1,1,2986.42,640,3,2,0,0,0.38333340833333335,DENY
SHORTAGE_CLAIM,4137.59,True,1,0,2835.58,866,3,3,0,0,3.216667298611111,APPROVE
WRONG_ITEM_CLAIM,418.63,False,0,1,96.69,933,3,2,1,0,1.383333608888889,REQUEST_EVIDENCE
WRONG_ITEM_CLAIM,597.37,False,0,0,1697.44,1287,2,0,2,0,16.050003571944444,REQUEST_EVIDENCE
WRONG_ITEM_CLAIM,3100.08,True,1,4,3057.04,1284,4,1,3,0,25.783339883611113,APPROVE
SUBSTITUTED_RETURN_CLAIM,1564.38,False,0,1,729.14,508,2,0,1,0,3.666667386388889,REQUEST_EVIDENCE
NON_DELIVERY_CLAIM,2054.14,False,0,0,1565.31,1336,2,2,0,0,38.41667570888889,REQUEST_EVIDENCE
NON_DELIVERY_CLAIM,2956.2,True,1,0,2703.82,918,6,2,2,1,4.016667454166666,APPROVE
NON_DELIVERY_CLAIM,2089.79,True,1,1,525.19,618,5,1,2,2,10.700002108055555,APPROVE
SHORTAGE_CLAIM,5157.51,True,1,1,444.04,942,1,0,1,0,19.53333794111111,ESCALATE
SHORTAGE_CLAIM,1808.51,False,0,2,2234.81,1456,8,3,4,0,4.233334163333334,REQUEST_EVIDENCE
SUBSTITUTED_RETURN_CLAIM,1120.3,False,0,0,608.14,834,6,2,4,0,0.21666670888888886,REQUEST_EVIDENCE
WRONG_ITEM_CLAIM,2272.38,True,1,1,1327.74,908,3,1,1,1,0.7166668066666667,APPROVE
SHORTAGE_CLAIM,2866.8,True,1,0,1889.59,1192,9,2,1,1,2.1833337644444444,DENY
WRONG_ITEM_CLAIM,1789.38,False,0,0,2147.01,261,3,1,1,0,9.88333528,REQUEST_EVIDENCE
WRONG_ITEM_CLAIM,3112.17,False,0,4,5309.57,1456,4,0,3,1,3.900000766388889,REQUEST_EVIDENCE
SHORTAGE_CLAIM,1298.92,False,0,1,2977.46,1202,4,3,0,1,25.08333955472222,DENY
SHORTAGE_CLAIM,2649.1,False,0,0,219.59,697,4,1,2,1,22.316672065555558,REQUEST_EVIDENCE
SUBSTITUTED_RETURN_CLAIM,2883.74,False,0,0,599.0,1005,2,0,2,0,35.233341745833336,REQUEST_EVIDENCE
SHORTAGE_CLAIM,2294.4,True,1,0,2237.92,1041,1,0,1,0,14.533336441666666,APPROVE
WRONG_ITEM_CLAIM,997.49,True,1,0,2667.56,823,3,2,1,0,1.53333364,APPROVE
SHORTAGE_CLAIM,1681.54,True,1,1,2067.93,1190,6,2,1,1,20.63333824027778,APPROVE
SUBSTITUTED_RETURN_CLAIM,2331.73,False,0,1,1598.16,1087,6,6,0,0,1.9000003775,REQUEST_EVIDENCE
WRONG_ITEM_CLAIM,4109.68,False,0,0,2058.55,602,7,0,6,1,10.100001990833334,REQUEST_EVIDENCE
SHORTAGE_CLAIM,525.37,True,1,0,707.99,1080,1,0,1,0,46.150010592499996,APPROVE
NON_DELIVERY_CLAIM,2714.22,True,1,0,319.65,198,5,3,2,0,4.116667475277778,APPROVE
WRONG_ITEM_CLAIM,4682.57,False,0,1,2342.92,672,4,0,3,0,19.650004616666664,REQUEST_EVIDENCE
WRONG_ITEM_CLAIM,730.14,True,1,1,1942.11,581,4,0,4,0,16.1666702375,APPROVE
SUBSTITUTED_RETURN_CLAIM,2363.51,True,1,2,2763.58,167,2,1,0,0,29.60000730138889,APPROVE
SHORTAGE_CLAIM,336.3,True,1,0,835.7,465,6,2,3,1,12.533335895,DENY
SHORTAGE_CLAIM,697.46,True,1,0,1650.72,791,2,1,1,0,8.4000016575,APPROVE
SHORTAGE_CLAIM,3016.89,True,1,1,433.06,644,2,0,1,1,1.3666669372222222,APPROVE
WRONG_ITEM_CLAIM,1889.86,True,1,0,2144.59,610,6,3,2,0,7.233334759722222,APPROVE
SUBSTITUTED_RETURN_CLAIM,1475.87,False,0,2,2200.43,485,2,1,0,0,6.133334542222222,REQUEST_EVIDENCE
SUBSTITUTED_RETURN_CLAIM,878.02,True,1,1,2745.35,1213,7,1,6,0,15.25000329638889,APPROVE
SHORTAGE_CLAIM,523.45,False,0,0,847.37,829,3,1,1,0,18.783337691666667,DENY
SUBSTITUTED_RETURN_CLAIM,3231.07,False,0,0,1015.1,929,5,2,2,1,3.6833340608333334,REQUEST_EVIDENCE
NON_DELIVERY_CLAIM,3957.32,True,1,1,1876.05,727,1,0,1,0,7.450001471111111,APPROVE
SUBSTITUTED_RETURN_CLAIM,4638.53,True,1,0,2165.02,448,4,2,2,0,5.166667684444445,APPROVE
NON_DELIVERY_CLAIM,1133.97,False,0,0,209.52,845,1,0,1,0,11.783335695833333,REQUEST_EVIDENCE
WRONG_ITEM_CLAIM,4488.92,False,0,2,1549.51,813,6,1,4,0,25.416672951111114,REQUEST_EVIDENCE
WRONG_ITEM_CLAIM,1128.61,True,1,0,1540.06,1165,6,2,3,1,13.683336181666666,APPROVE
SHORTAGE_CLAIM,2018.52,True,1,0,1314.33,1353,2,0,1,0,35.40000844777778,APPROVE
SHORTAGE_CLAIM,1350.3,True,1,2,3034.03,43,6,3,1,1,26.800006753888887,APPROVE
SHORTAGE_CLAIM,6495.84,False,0,1,1238.84,400,7,4,2,1,10.066668654444443,DENY
SUBSTITUTED_RETURN_CLAIM,4500.37,True,1,0,552.73,985,3,0,2,1,12.266669147222224,APPROVE
SUBSTITUTED_RETURN_CLAIM,6806.85,False,0,0,2140.11,635,2,1,0,1,39.966676015,REQUEST_EVIDENCE
SHORTAGE_CLAIM,2214.83,False,0,0,2255.89,238,3,1,1,1,36.816675393611106,DENY
SHORTAGE_CLAIM,1695.16,True,1,0,847.37,829,4,1,1,0,0.2166667097222222,DENY
SHORTAGE_CLAIM,2306.01,False,0,0,2082.0,1431,5,2,0,1,7.250001430555556,DENY
WRONG_ITEM_CLAIM,4525.13,True,1,0,2524.22,520,2,0,2,0,2.3166671280555557,APPROVE
NON_DELIVERY_CLAIM,1506.64,True,1,0,1681.46,639,5,1,4,0,5.1000010047222215,APPROVE
SHORTAGE_CLAIM,3327.96,False,0,0,796.1,255,4,3,0,0,2.016667070277778,DENY
SHORTAGE_CLAIM,1647.71,False,0,4,6970.61,414,3,0,3,0,21.21667169472222,REQUEST_EVIDENCE
SUBSTITUTED_RETURN_CLAIM,3798.62,True,1,1,2602.43,333,2,1,0,1,33.91667482111111,APPROVE
SUBSTITUTED_RETURN_CLAIM,3862.66,True,1,0,2786.9,1381,3,1,2,0,29.866674024444446,APPROVE
SHORTAGE_CLAIM,2929.38,True,1,1,525.19,618,6,2,2,2,0.8000001605555556,APPROVE
WRONG_ITEM_CLAIM,745.39,False,0,1,710.25,951,4,2,0,0,5.233334364166667,REQUEST_EVIDENCE
NON_DELIVERY_CLAIM,1265.09,True,1,1,1165.41,663,5,2,3,0,27.483340223333332,APPROVE
NON_DELIVERY_CLAIM,6939.81,False,0,0,1410.41,768,7,2,5,0,2.0000003955555554,REQUEST_EVIDENCE
SUBSTITUTED_RETURN_CLAIM,1897.24,True,1,2,200.17,1037,2,1,1,0,4.8833342944444444,APPROVE
NON_DELIVERY_CLAIM,745.39,False,0,1,710.25,951,5,2,1,0,0.06666667944444445,REQUEST_EVIDENCE
NON_DELIVERY_CLAIM,3821.34,False,0,0,707.99,1080,2,1,1,0,0.6333334594444444,REQUEST_EVIDENCE
WRONG_ITEM_CLAIM,4314.86,True,1,1,355.79,935,6,2,2,0,14.950003159444444,APPROVE
SUBSTITUTED_RETURN_CLAIM,3261.28,True,1,1,1939.02,543,6,3,3,0,8.816668406111111,APPROVE
NON_DELIVERY_CLAIM,3436.28,True,1,0,628.58,212,3,1,2,0,22.516672050833336,APPROVE
NON_DELIVERY_CLAIM,1062.53,True,1,0,2438.34,188,3,2,1,0,8.600001697777778,APPROVE
SHORTAGE_CLAIM,9548.5,True,1,0,412.7,771,2,1,1,0,25.58333962138889,ESCALATE
WRONG_ITEM_CLAIM,2035.41,True,1,0,2141.3,1469,5,2,3,0,30.283340772499997,APPROVE
SHORTAGE_CLAIM,1304.1,False,0,3,5188.05,1456,4,0,4,0,10.4333353925,REQUEST_EVIDENCE
SHORTAGE_CLAIM,3528.76,False,0,0,1346.53,40,3,1,2,0,23.90000578722222,REQUEST_EVIDENCE
WRONG_ITEM_CLAIM,3953.97,True,1,1,610.67,1141,2,2,0,0,32.60000789916667,APPROVE
SHORTAGE_CLAIM,2133.76,True,1,0,1681.46,639,6,2,4,0,0.3500000697222222,APPROVE
WRONG_ITEM_CLAIM,707.3,False,0,0,2228.78,828,8,3,5,0,24.016672485,REQUEST_EVIDENCE
SUBSTITUTED_RETURN_CLAIM,6799.1,True,1,0,2058.55,602,8,0,7,1,0.8500001699999999,ESCALATE
NON_DELIVERY_CLAIM,2705.47,False,0,0,68.24,1301,5,3,1,0,27.23334017361111,REQUEST_EVIDENCE
WRONG_ITEM_CLAIM,1713.12,True,1,0,1570.07,1016,5,1,1,1,4.333334188611111,APPROVE
NON_DELIVERY_CLAIM,2254.4,True,1,1,2939.55,1211,3,1,2,0,13.40000273861111,APPROVE
WRONG_ITEM_CLAIM,2037.64,True,1,1,751.82,652,6,3,2,0,8.350001648611112,APPROVE
SHORTAGE_CLAIM,6049.94,False,0,4,2497.91,624,2,0,1,1,5.233334364166667,DENY
SHORTAGE_CLAIM,1524.92,True,1,2,2709.38,89,6,1,4,0,15.983336772777777,APPROVE
SHORTAGE_CLAIM,4084.8,False,0,0,1747.11,1494,8,3,2,3,2.4666671597222223,REQUEST_EVIDENCE
SHORTAGE_CLAIM,1711.41,True,1,0,1921.01,179,4,0,3,1,10.250002023611112,APPROVE
WRONG_ITEM_CLAIM,4356.65,True,1,1,2342.92,672,5,0,4,0,0.9500001894444444,APPROVE
SUBSTITUTED_RETURN_CLAIM,3049.95,False,0,1,297.88,271,2,2,0,0,7.600001499999999,REQUEST_EVIDENCE
SHORTAGE_CLAIM,6626.23,True,1,0,1102.69,894,2,0,1,1,2.7500005475,ESCALATE
SUBSTITUTED_RETURN_CLAIM,1012.82,False,0,0,586.64,643,4,2,0,0,31.700007719444443,REQUEST_EVIDENCE
NON_DELIVERY_CLAIM,2287.52,False,0,0,1363.93,786,2,1,1,0,4.833334286666667,REQUEST_EVIDENCE
SHORTAGE_CLAIM,767.63,False,0,1,2418.81,1392,4,2,1,0,10.900002151111112,REQUEST_EVIDENCE
SHORTAGE_CLAIM,1950.21,False,0,0,1930.81,1254,4,0,3,0,9.733335253888889,REQUEST_EVIDENCE
NON_DELIVERY_CLAIM,187.57,True,1,1,5603.62,1156,4,3,0,1,16.416670215,APPROVE
NON_DELIVERY_CLAIM,2566.53,False,0,0,1619.84,904,6,3,3,0,15.06666982,REQUEST_EVIDENCE
WRONG_ITEM_CLAIM,3421.37,False,0,0,723.46,1114,2,0,2,0,53.166678696666665,REQUEST_EVIDENCE
NON_DELIVERY_CLAIM,4778.28,False,0,0,717.19,1173,4,1,3,0,13.566669431666668,REQUEST_EVIDENCE
SUBSTITUTED_RETURN_CLAIM,2978.17,True,1,0,1916.18,58,5,2,2,1,3.133333955,APPROVE
SUBSTITUTED_RETURN_CLAIM,2365.55,True,1,0,2563.46,1185,7,2,3,1,2.9500005875,APPROVE
WRONG_ITEM_CLAIM,1578.13,True,1,1,1563.34,205,6,2,3,1,2.8666672380555553,APPROVE
WRONG_ITEM_CLAIM,1632.97,True,1,1,1935.21,993,1,1,0,0,2.4833338250000003,APPROVE
WRONG_ITEM_CLAIM,2356.79,False,0,2,5852.54,244,3,1,1,0,8.116668268333333,REQUEST_EVIDENCE
SHORTAGE_CLAIM,1042.85,True,1,1,923.32,1177,6,2,3,0,2.250000445,DENY
SHORTAGE_CLAIM,5914.56,True,1,1,147.09,1367,5,2,3,0,11.600002288333334,ESCALATE
SUBSTITUTED_RETURN_CLAIM,3104.41,False,0,1,828.74,997,7,1,5,1,8.583335027499999,REQUEST_EVIDENCE
SHORTAGE_CLAIM,2951.89,False,0,1,2089.06,889,3,0,1,0,33.41667472416667,DENY
WRONG_ITEM_CLAIM,2899.08,False,0,1,1654.78,68,1,1,0,0,13.11666930638889,REQUEST_EVIDENCE
SHORTAGE_CLAIM,1760.92,True,1,3,5188.05,1456,5,0,5,0,0.5833334472222222,DENY
SHORTAGE_CLAIM,569.32,False,0,0,1460.9,113,6,3,1,2,20.383338045277778,DENY
SHORTAGE_CLAIM,4012.8,False,0,4,2497.91,624,3,0,1,1,0.45000008694444443,DENY
SHORTAGE_CLAIM,2742.09,False,0,0,1706.0,967,4,4,0,0,38.33334235611111,REQUEST_EVIDENCE
WRONG_ITEM_CLAIM,4719.43,False,0,1,2480.47,1082,3,1,1,0,6.416667928611111,REQUEST_EVIDENCE
SUBSTITUTED_RETURN_CLAIM,259.62,True,1,1,3619.51,516,3,0,2,0,10.016668642222221,APPROVE
SUBSTITUTED_RETURN_CLAIM,5585.81,False,0,1,968.04,373,3,2,0,1,39.01667582694444,REQUEST_EVIDENCE
NON_DELIVERY_CLAIM,1147.54,True,1,0,1715.77,542,6,2,4,0,5.516667751944444,APPROVE
SHORTAGE_CLAIM,5539.79,False,0,0,2921.77,1446,2,0,2,0,7.7333348583333335,DENY
SUBSTITUTED_RETURN_CLAIM,2328.46,True,1,0,86.98,610,1,1,0,0,14.616669681388888,APPROVE
SHORTAGE_CLAIM,2524.84,True,1,2,1569.02,389,4,2,2,0,31.083340928055552,DENY
WRONG_ITEM_CLAIM,3918.36,False,0,2,2061.2,1237,4,1,1,0,12.250002414999999,REQUEST_EVIDENCE
SHORTAGE_CLAIM,3973.04,False,0,0,1145.31,878,2,1,0,0,43.86667678361111,DENY
SHORTAGE_CLAIM,2136.95,False,0,0,1758.48,1387,3,2,1,0,22.616671999999998,DENY
NON_DELIVERY_CLAIM,5623.39,True,1,0,849.89,169,7,5,2,0,21.66667172611111,ESCALATE
SUBSTITUTED_RETURN_CLAIM,293.64,False,0,1,2491.35,423,8,4,2,1,11.46666892861111,REQUEST_EVIDENCE
NON_DELIVERY_CLAIM,1594.37,False,0,1,1677.34,1230,2,1,1,0,30.850007551666668,REQUEST_EVIDENCE
SHORTAGE_CLAIM,5131.61,True,1,0,2049.67,1299,5,3,1,0,4.733334266388889,DENY
SHORTAGE_CLAIM,4188.95,True,1,0,1511.24,649,5,0,3,1,20.100004605,APPROVE
NON_DELIVERY_CLAIM,843.98,False,0,0,1623.43,668,7,2,4,0,5.566667763055555,REQUEST_EVIDENCE
SHORTAGE_CLAIM,2455.08,False,0,1,1649.99,1490,4,2,2,0,10.400002051944444,DENY
SUBSTITUTED_RETURN_CLAIM,2232.51,True,1,0,1659.93,446,2,1,0,0,30.68334085277778,APPROVE
SUBSTITUTED_RETURN_CLAIM,2245.28,False,0,1,2691.86,517,2,2,0,0,6.333334580555555,REQUEST_EVIDENCE
SUBSTITUTED_RETURN_CLAIM,2966.75,True,1,0,2445.65,674,5,1,3,0,7.516668148611112,APPROVE
NON_DELIVERY_CLAIM,2604.74,False,0,0,22.04,744,1,0,1,0,7.050001386666666,REQUEST_EVIDENCE
SHORTAGE_CLAIM,209.59,True,1,0,1889.59,1192,10,2,1,1,1.933333716388889,APPROVE
WRONG_ITEM_CLAIM,529.27,False,0,2,2200.43,485,3,1,1,0,1.6166669852777777,REQUEST_EVIDENCE
WRONG_ITEM_CLAIM,3393.72,False,0,1,3875.66,793,5,2,3,0,31.183340949166666,REQUEST_EVIDENCE
NON_DELIVERY_CLAIM,4164.19,True,1,0,552.73,985,4,1,2,1,1.4500002844444444,APPROVE
NON_DELIVERY_CLAIM,7568.52,False,0,4,4440.12,1439,1,0,1,0,58.81667980694444,REQUEST_EVIDENCE
SHORTAGE_CLAIM,3277.75,True,1,0,458.25,812,1,0,1,0,42.66667654611111,DENY
SUBSTITUTED_RETURN_CLAIM,1723.67,False,0,3,3601.78,1370,7,2,5,0,8.3166683075,REQUEST_EVIDENCE
WRONG_ITEM_CLAIM,2769.56,True,1,0,1946.16,1471,2,1,1,0,18.566670806944444,APPROVE
WRONG_ITEM_CLAIM,1421.8,True,1,0,2434.37,829,3,0,2,1,2.7500005433333334,APPROVE
WRONG_ITEM_CLAIM,398.7,False,0,0,674.43,959,5,3,1,1,5.1000010074999995,REQUEST_EVIDENCE
WRONG_ITEM_CLAIM,2243.78,True,1,1,2673.83,1413,4,3,1,0,19.91667119027778,APPROVE
SHORTAGE_CLAIM,105.39,False,0,0,2228.78,828,9,3,6,0,1.1166668869444445,REQUEST_EVIDENCE
SHORTAGE_CLAIM,2507.4,False,0,0,2541.52,133,4,2,2,0,36.13334192777778,DENY
SUBSTITUTED_RETURN_CLAIM,4063.62,False,0,0,947.07,828,5,0,3,2,2.9000005738888888,REQUEST_EVIDENCE
WRONG_ITEM_CLAIM,3285.13,True,1,0,2543.08,1215,4,3,1,0,10.233335353611112,APPROVE
SHORTAGE_CLAIM,1686.94,True,1,1,1812.16,572,2,1,0,0,42.983343277500005,DENY
SHORTAGE_CLAIM,1858.5,True,1,2,2927.9,734,7,4,1,0,6.7333346602777775,DENY
SHORTAGE_CLAIM,212.98,True,1,0,1078.46,677,3,2,0,0,45.26667706055555,DENY
WRONG_ITEM_CLAIM,3429.11,False,0,0,2590.11,164,4,1,2,0,16.416670124444444,REQUEST_EVIDENCE
SUBSTITUTED_RETURN_CLAIM,4654.89,False,0,0,2768.56,570,4,1,3,0,7.266668096944445,REQUEST_EVIDENCE
NON_DELIVERY_CLAIM,851.72,False,0,1,2698.77,1173,2,1,1,0,38.816675787777775,REQUEST_EVIDENCE
NON_DELIVERY_CLAIM,2081.66,False,0,1,2887.94,339,3,0,2,0,7.916668228055555,REQUEST_EVIDENCE
SHORTAGE_CLAIM,1878.79,True,1,0,123.45,359,2,1,1,0,22.550005263611112,APPROVE
NON_DELIVERY_CLAIM,3168.54,True,1,2,2307.66,1355,4,2,2,0,19.016670913333332,APPROVE
NON_DELIVERY_CLAIM,712.61,True,1,0,2959.92,1196,2,2,0,0,18.883337540000003,APPROVE
SUBSTITUTED_RETURN_CLAIM,4792.8,False,0,2,2631.28,1030,3,1,1,1,14.016669487500002,REQUEST_EVIDENCE
WRONG_ITEM_CLAIM,2381.23,False,0,1,143.41,1142,2,1,1,0,28.7166737975,REQUEST_EVIDENCE
SHORTAGE_CLAIM,792.38,False,0,1,2965.29,1310,3,1,2,0,3.500000691388889,DENY
SUBSTITUTED_RETURN_CLAIM,3027.99,True,1,3,2143.16,65,1,0,0,0,47.10001077916667,APPROVE
WRONG_ITEM_CLAIM,5109.94,True,1,4,4192.47,182,1,1,0,0,18.250003973888887,ESCALATE
SUBSTITUTED_RETURN_CLAIM,2188.83,False,0,0,2900.37,1483,2,1,0,0,57.66667958222222,REQUEST_EVIDENCE
NON_DELIVERY_CLAIM,3765.24,False,0,4,2328.43,803,0,0,0,0,999.0,REQUEST_EVIDENCE
NON_DELIVERY_CLAIM,5038.76,True,1,2,1281.33,1208,7,2,4,1,20.183337899444446,ESCALATE
SHORTAGE_CLAIM,4393.12,True,1,0,1259.48,1276,4,2,2,0,6.150001213055556,APPROVE
SHORTAGE_CLAIM,6464.15,False,0,0,364.09,624,6,2,2,0,5.066667667222222,REQUEST_EVIDENCE
NON_DELIVERY_CLAIM,1870.51,True,1,0,2597.86,724,6,2,3,0,8.650001709166666,APPROVE
SHORTAGE_CLAIM,398.08,False,0,2,296.06,58,3,2,1,0,12.583335818611111,REQUEST_EVIDENCE
NON_DELIVERY_CLAIM,2792.74,False,0,0,2212.84,568,3,1,2,0,7.333334778888889,REQUEST_EVIDENCE
WRONG_ITEM_CLAIM,166.4,False,0,1,416.38,1493,5,0,4,0,39.58334260555556,REQUEST_EVIDENCE
WRONG_ITEM_CLAIM,2049.17,False,0,1,770.91,880,4,2,1,0,6.633334641111111,REQUEST_EVIDENCE
SUBSTITUTED_RETURN_CLAIM,628.89,False,0,1,710.25,951,6,2,2,0,1.8000003566666667,REQUEST_EVIDENCE
NON_DELIVERY_CLAIM,554.82,True,1,1,770.91,880,5,2,2,0,0.03333333972222222,APPROVE
WRONG_ITEM_CLAIM,1812.06,False,0,1,2412.26,850,4,2,1,0,5.866667825,REQUEST_EVIDENCE
WRONG_ITEM_CLAIM,1965.84,True,1,0,460.47,1326,5,1,4,0,8.183334944166667,APPROVE
SUBSTITUTED_RETURN_CLAIM,229.13,False,0,0,2212.84,568,4,1,3,0,0.11666668944444444,REQUEST_EVIDENCE
SHORTAGE_CLAIM,1999.22,False,0,1,1493.22,887,4,2,2,0,10.700002112222222,DENY
SUBSTITUTED_RETURN_CLAIM,4221.58,True,1,1,1334.76,1377,2,1,1,0,54.300012252500004,APPROVE
SHORTAGE_CLAIM,8154.21,False,0,0,2056.53,1166,7,5,1,0,3.1500006244444445,REQUEST_EVIDENCE
SHORTAGE_CLAIM,2521.85,False,0,1,433.06,644,3,1,1,1,2.433333814722222,REQUEST_EVIDENCE
SHORTAGE_CLAIM,1575.86,True,1,0,1697.44,1287,3,0,3,0,2.9166672455555553,APPROVE
NON_DELIVERY_CLAIM,9203.8,False,0,3,4869.1,661,3,0,3,0,44.900010323888885,REQUEST_EVIDENCE
SUBSTITUTED_RETURN_CLAIM,7299.3,True,1,0,1759.83,297,2,1,0,1,38.71667576638889,ESCALATE
NON_DELIVERY_CLAIM,5769.24,False,0,4,4440.12,1439,2,0,2,0,0.8000001594444445,REQUEST_EVIDENCE
SHORTAGE_CLAIM,3915.18,False,0,1,2263.65,1081,7,3,2,1,6.650001311388889,DENY
NON_DELIVERY_CLAIM,376.32,True,1,0,2351.37,1127,4,2,0,1,15.900003276944444,APPROVE
WRONG_ITEM_CLAIM,4060.38,True,1,1,3640.09,589,2,0,0,0,43.81667677527778,APPROVE
NON_DELIVERY_CLAIM,1351.28,True,1,0,2237.92,1041,2,1,1,0,2.766667214722222,APPROVE
WRONG_ITEM_CLAIM,727.89,True,1,0,1074.26,830,4,4,0,0,13.000002565833332,APPROVE
NON_DELIVERY_CLAIM,888.68,True,1,1,4440.31,1475,3,1,2,0,6.233334563333333,APPROVE
NON_DELIVERY_CLAIM,4324.26,False,0,1,433.06,644,4,1,2,1,0.18333336916666668,REQUEST_EVIDENCE
NON_DELIVERY_CLAIM,2142.82,False,0,0,460.47,1326,6,2,4,0,0.2833333883333333,REQUEST_EVIDENCE
SHORTAGE_CLAIM,3658.76,False,0,0,2317.12,50,3,0,1,0,19.18333752777778,REQUEST_EVIDENCE
SHORTAGE_CLAIM,1394.89,False,0,0,2829.83,1305,1,0,1,0,53.933345513055556,REQUEST_EVIDENCE
WRONG_ITEM_CLAIM,1725.35,True,1,0,1406.09,335,3,2,1,0,12.766669190555556,APPROVE
SHORTAGE_CLAIM,4540.23,True,1,0,2900.37,1483,3,1,1,0,0.5666667841666666,APPROVE
SUBSTITUTED_RETURN_CLAIM,3603.81,False,0,1,6845.74,1016,3,1,2,0,7.8833348913888885,REQUEST_EVIDENCE
SHORTAGE_CLAIM,797.77,False,0,1,1341.2,805,2,0,1,1,38.91667581055556,REQUEST_EVIDENCE
NON_DELIVERY_CLAIM,2492.22,True,1,0,1554.89,1408,4,2,1,0,24.85000586472222,APPROVE
WRONG_ITEM_CLAIM,680.47,True,1,0,1540.06,1165,7,3,3,1,2.6000005175,APPROVE
SUBSTITUTED_RETURN_CLAIM,2341.95,False,0,0,1733.76,1392,4,2,2,0,18.533337333333332,REQUEST_EVIDENCE
SHORTAGE_CLAIM,1894.87,False,0,0,2976.91,458,1,1,0,0,59.10001320055556,REQUEST_EVIDENCE
SHORTAGE_CLAIM,4684.9,True,1,0,1389.19,484,3,1,1,0,6.216667898333333,APPROVE
SHORTAGE_CLAIM,4057.18,False,0,1,2759.07,1122,6,4,0,2,4.233334175277778,REQUEST_EVIDENCE
WRONG_ITEM_CLAIM,2418.98,True,1,3,7678.48,1242,1,0,1,0,9.400001860555555,APPROVE
WRONG_ITEM_CLAIM,2756.58,True,1,1,7943.66,290,4,2,0,1,12.10000239388889,APPROVE
SUBSTITUTED_RETURN_CLAIM,2969.51,False,0,0,2579.39,1000,4,1,2,0,4.333334194722222,REQUEST_EVIDENCE
WRONG_ITEM_CLAIM,1895.17,False,0,1,968.04,373,4,2,1,1,1.5833336522222223,REQUEST_EVIDENCE
NON_DELIVERY_CLAIM,975.63,True,1,1,789.65,291,3,1,2,0,27.250006557499997,APPROVE
NON_DELIVERY_CLAIM,511.06,False,0,1,1714.11,445,4,2,1,0,34.15000820805555,REQUEST_EVIDENCE
SUBSTITUTED_RETURN_CLAIM,1723.46,False,0,0,412.7,771,3,1,1,1,2.350000468333333,REQUEST_EVIDENCE
SHORTAGE_CLAIM,7866.3,True,1,1,2469.59,928,3,0,1,2,4.433334214444445,DENY
SUBSTITUTED_RETURN_CLAIM,2661.83,False,0,1,1630.5,299,3,0,1,1,27.13333985138889,REQUEST_EVIDENCE
SUBSTITUTED_RETURN_CLAIM,4732.92,False,0,0,2569.01,446,1,0,1,0,27.38333992277778,REQUEST_EVIDENCE
SHORTAGE_CLAIM,1791.13,False,0,0,2794.19,49,2,1,1,0,20.800004671944443,DENY
SUBSTITUTED_RETURN_CLAIM,1981.12,False,0,0,2042.18,1214,1,0,1,0,6.0000011905555555,REQUEST_EVIDENCE
SUBSTITUTED_RETURN_CLAIM,2337.5,False,0,1,1936.96,89,4,1,1,0,24.733339138055555,REQUEST_EVIDENCE
SHORTAGE_CLAIM,597.17,True,1,3,4839.82,379,3,2,1,0,13.866669409444444,DENY
NON_DELIVERY_CLAIM,1965.52,False,0,0,86.98,610,2,2,0,0,1.716667013611111,REQUEST_EVIDENCE
NON_DELIVERY_CLAIM,1606.34,False,0,0,2234.12,962,3,2,1,0,14.550002901666666,REQUEST_EVIDENCE
WRONG_ITEM_CLAIM,1402.06,False,0,0,420.89,1026,2,0,1,0,9.33333518111111,REQUEST_EVIDENCE
SUBSTITUTED_RETURN_CLAIM,5809.09,True,1,1,1654.78,68,2,1,1,0,1.9333337219444444,ESCALATE
SUBSTITUTED_RETURN_CLAIM,1898.41,True,1,2,7632.14,989,3,1,1,0,23.116671996388888,APPROVE
SUBSTITUTED_RETURN_CLAIM,1507.54,False,0,0,2082.0,1431,6,2,0,1,2.866667238333333,REQUEST_EVIDENCE
NON_DELIVERY_CLAIM,4631.91,False,0,1,88.07,560,5,2,1,1,7.816668212777778,REQUEST_EVIDENCE
SUBSTITUTED_RETURN_CLAIM,2323.45,True,1,4,5735.08,784,5,2,2,0,10.866668818055556,APPROVE
SUBSTITUTED_RETURN_CLAIM,808.01,True,1,0,1159.69,1254,3,1,2,0,9.666668581388889,APPROVE
WRONG_ITEM_CLAIM,2159.12,False,0,0,1792.18,195,2,0,1,0,52.68334527166667,REQUEST_EVIDENCE
WRONG_ITEM_CLAIM,234.47,True,1,2,2200.43,485,4,1,2,0,1.6000003233333333,APPROVE
WRONG_ITEM_CLAIM,141.2,False,0,1,263.39,822,4,2,1,1,10.883335488055556,REQUEST_EVIDENCE
SHORTAGE_CLAIM,553.38,False,0,1,1705.43,186,5,1,3,0,13.683336040555556,DENY
SHORTAGE_CLAIM,2411.59,True,1,0,1792.18,195,3,0,2,0,0.06666667972222222,APPROVE
SUBSTITUTED_RETURN_CLAIM,1904.28,False,0,4,2326.22,652,4,3,0,1,27.2666731925,REQUEST_EVIDENCE
WRONG_ITEM_CLAIM,2049.95,False,0,2,4337.65,1462,1,0,0,0,49.01667783388889,REQUEST_EVIDENCE
SHORTAGE_CLAIM,2907.52,True,1,0,2668.27,652,3,1,2,0,9.166668477222222,DENY
SUBSTITUTED_RETURN_CLAIM,2268.71,False,0,0,1758.48,1387,4,2,1,0,1.9333337213888888,REQUEST_EVIDENCE
SUBSTITUTED_RETURN_CLAIM,351.89,False,0,1,588.3,1459,5,1,3,1,6.850001357777778,REQUEST_EVIDENCE
NON_DELIVERY_CLAIM,696.96,False,0,3,4172.98,324,7,2,3,0,22.41667177333333,REQUEST_EVIDENCE
SUBSTITUTED_RETURN_CLAIM,2307.18,False,0,0,2777.07,430,2,1,1,0,9.750001930555555,REQUEST_EVIDENCE
NON_DELIVERY_CLAIM,2065.83,False,0,0,1689.87,642,3,2,1,0,17.31667026,REQUEST_EVIDENCE
NON_DELIVERY_CLAIM,3870.86,False,0,1,2639.85,1195,3,0,2,0,24.200005613333335,REQUEST_EVIDENCE
SUBSTITUTED_RETURN_CLAIM,2897.09,True,1,2,2307.66,1355,5,3,2,0,1.4500002922222222,APPROVE
NON_DELIVERY_CLAIM,1935.13,True,1,0,704.31,1122,3,2,1,0,27.133339805277775,APPROVE
SUBSTITUTED_RETURN_CLAIM,4480.41,False,0,1,1619.8,1160,9,6,3,0,7.200001426111111,REQUEST_EVIDENCE
SUBSTITUTED_RETURN_CLAIM,224.05,False,0,0,1807.57,1448,3,2,1,0,32.53334122472222,REQUEST_EVIDENCE
SHORTAGE_CLAIM,1884.27,True,1,0,1379.26,1054,3,2,1,0,30.533340830833335,APPROVE
WRONG_ITEM_CLAIM,6884.7,False,0,0,847.37,829,5,1,1,0,3.266667316111111,REQUEST_EVIDENCE
SUBSTITUTED_RETURN_CLAIM,1806.9,False,0,0,1371.96,93,4,1,3,0,5.983334523611111,REQUEST_EVIDENCE
WRONG_ITEM_CLAIM,1224.06,False,0,0,2065.96,1455,3,0,3,0,16.96667016138889,REQUEST_EVIDENCE
NON_DELIVERY_CLAIM,1353.69,True,1,1,983.04,909,6,3,2,1,7.0166680574999996,APPROVE
WRONG_ITEM_CLAIM,1759.56,True,1,1,3875.66,793,6,2,4,0,1.9500003922222222,APPROVE
SUBSTITUTED_RETURN_CLAIM,582.3,False,0,2,1133.21,1193,5,1,2,1,5.700001135,REQUEST_EVIDENCE
SHORTAGE_CLAIM,625.23,True,1,2,1151.45,648,7,2,4,0,13.0000025725,DENY
SUBSTITUTED_RETURN_CLAIM,7157.26,False,0,4,2497.91,624,4,0,1,1,2.4166671508333337,REQUEST_EVIDENCE
WRONG_ITEM_CLAIM,945.08,True,1,1,1649.9,1210,6,2,4,0,15.750003175277778,APPROVE
WRONG_ITEM_CLAIM,2103.74,False,0,4,2326.22,652,5,3,1,1,0.38333340833333335,REQUEST_EVIDENCE
SUBSTITUTED_RETURN_CLAIM,7402.83,False,0,0,113.72,797,3,1,2,0,19.433337508055555,REQUEST_EVIDENCE
NON_DELIVERY_CLAIM,5055.73,True,1,1,1594.29,1062,4,1,2,0,8.766668399722223,ESCALATE
WRONG_ITEM_CLAIM,4827.4,True,1,0,2819.73,107,3,0,2,0,7.316668116111111,APPROVE
WRONG_ITEM_CLAIM,1501.63,False,0,2,4188.03,363,2,0,2,0,16.266669968888888,REQUEST_EVIDENCE
WRONG_ITEM_CLAIM,5475.12,True,1,0,2542.0,1396,6,3,3,0,9.783335269444445,ESCALATE
NON_DELIVERY_CLAIM,6400.47,True,1,0,1431.36,1409,3,2,0,1,22.466671751944446,ESCALATE
SHORTAGE_CLAIM,1691.85,True,1,1,352.04,374,3,1,1,0,38.583342415,APPROVE
SHORTAGE_CLAIM,2390.22,True,1,1,760.9,450,2,0,2,0,16.916670133333334,APPROVE
NON_DELIVERY_CLAIM,1658.79,False,0,2,1525.62,1381,2,0,2,0,46.950010731944445,REQUEST_EVIDENCE
WRONG_ITEM_CLAIM,1067.04,False,0,1,2002.74,986,4,3,1,0,11.150002205833335,REQUEST_EVIDENCE
SUBSTITUTED_RETURN_CLAIM,3633.68,False,0,1,2298.85,1107,3,1,1,0,28.050006700833332,REQUEST_EVIDENCE
WRONG_ITEM_CLAIM,1931.49,False,0,1,248.06,94,3,2,1,0,6.1833345625,REQUEST_EVIDENCE
SHORTAGE_CLAIM,4195.99,True,1,0,1381.11,648,2,0,2,0,38.73334244444444,DENY
SUBSTITUTED_RETURN_CLAIM,293.33,True,1,2,200.17,1037,3,2,1,0,3.450000686388889,APPROVE
WRONG_ITEM_CLAIM,3919.25,False,0,0,364.09,624,7,2,3,0,1.7500003508333333,REQUEST_EVIDENCE
SHORTAGE_CLAIM,1768.2,True,1,1,1810.91,604,2,1,1,0,19.966670973333333,APPROVE
WRONG_ITEM_CLAIM,1936.5,False,0,1,1238.84,400,8,4,2,1,3.7666674144444445,REQUEST_EVIDENCE
SHORTAGE_CLAIM,3246.46,False,0,0,852.3,428,2,0,1,1,36.250008623333336,DENY
WRONG_ITEM_CLAIM,591.63,False,0,1,2139.33,798,4,0,2,0,34.083341526388885,REQUEST_EVIDENCE
WRONG_ITEM_CLAIM,3458.82,False,0,1,143.41,1142,3,1,2,0,1.9666670602777778,REQUEST_EVIDENCE
SHORTAGE_CLAIM,2307.83,False,0,0,1379.26,1054,4,3,1,0,0.5166667680555556,REQUEST_EVIDENCE
SHORTAGE_CLAIM,5174.63,True,1,0,1567.0,236,4,2,2,0,39.416675912500004,DENY
NON_DELIVERY_CLAIM,3485.43,True,1,0,1106.94,827,6,3,1,1,20.350004407222222,APPROVE
WRONG_ITEM_CLAIM,3760.19,True,1,0,849.89,169,8,5,2,1,2.650000529722222,APPROVE
NON_DELIVERY_CLAIM,7071.69,False,0,0,1691.87,674,3,1,2,0,6.833334690000001,REQUEST_EVIDENCE
WRONG_ITEM_CLAIM,1407.59,True,1,2,2631.28,1030,4,1,2,1,2.083333751111111,APPROVE
SHORTAGE_CLAIM,1882.53,False,0,3,2659.97,1410,5,3,2,0,18.5166705325,REQUEST_EVIDENCE
NON_DELIVERY_CLAIM,1511.38,True,1,1,1812.16,572,3,1,0,0,2.2833337894444443,APPROVE
NON_DELIVERY_CLAIM,1710.49,False,0,0,1706.0,967,5,4,1,0,2.9166672494444446,REQUEST_EVIDENCE
WRONG_ITEM_CLAIM,1961.0,False,0,0,143.18,1008,2,2,0,0,23.733338746944444,REQUEST_EVIDENCE
WRONG_ITEM_CLAIM,3399.19,False,0,1,1671.07,277,2,2,0,0,17.11667016138889,REQUEST_EVIDENCE
SHORTAGE_CLAIM,6015.9,False,0,0,2198.62,111,3,1,1,0,18.950003985833334,DENY
SHORTAGE_CLAIM,2508.66,True,1,1,3901.1,1094,3,0,3,0,34.61667496611111,APPROVE
NON_DELIVERY_CLAIM,3639.15,False,0,0,2211.35,1152,6,3,1,1,8.500001681111112,REQUEST_EVIDENCE
NON_DELIVERY_CLAIM,3108.67,True,1,1,1813.32,91,3,3,0,0,5.2833343825000005,APPROVE
NON_DELIVERY_CLAIM,308.84,False,0,1,212.1,313,5,1,2,0,6.100001214444444,REQUEST_EVIDENCE
SUBSTITUTED_RETURN_CLAIM,2147.51,True,1,1,927.0,669,7,4,2,0,15.516669741388888,APPROVE
NON_DELIVERY_CLAIM,2334.98,False,0,0,1891.23,1228,4,2,1,0,5.950001185833334,REQUEST_EVIDENCE
SHORTAGE_CLAIM,351.46,False,0,1,960.7,661,3,2,1,0,18.96667064472222,REQUEST_EVIDENCE
WRONG_ITEM_CLAIM,2685.06,True,1,0,2655.64,110,4,2,1,0,13.05000258138889,APPROVE
NON_DELIVERY_CLAIM,3140.91,True,1,0,1274.66,769,1,1,0,0,14.083336118888887,APPROVE
SHORTAGE_CLAIM,983.33,False,0,0,1074.86,1227,2,0,2,0,8.68333505138889,REQUEST_EVIDENCE
WRONG_ITEM_CLAIM,4480.06,False,0,0,0.51,273,4,3,0,1,21.15000465111111,REQUEST_EVIDENCE
SHORTAGE_CLAIM,854.42,True,1,2,1569.02,389,5,2,2,0,3.0500006111111113,DENY
NON_DELIVERY_CLAIM,656.26,False,0,0,2777.07,430,3,1,2,0,1.033333538611111,REQUEST_EVIDENCE
NON_DELIVERY_CLAIM,1207.58,True,1,1,2670.88,110,7,4,1,1,10.666668778333333,APPROVE
WRONG_ITEM_CLAIM,667.89,False,0,0,1956.2,1115,4,3,1,0,10.133335336111113,REQUEST_EVIDENCE
NON_DELIVERY_CLAIM,3383.46,False,0,0,586.64,643,5,2,1,0,3.5833340480555553,REQUEST_EVIDENCE
WRONG_ITEM_CLAIM,4078.04,False,0,0,2862.47,1034,4,3,0,0,13.800002732222222,REQUEST_EVIDENCE
WRONG_ITEM_CLAIM,380.5,True,1,1,1341.2,805,3,0,2,1,1.800000357777778,APPROVE
SHORTAGE_CLAIM,1254.94,False,0,0,1314.33,1353,3,1,1,0,4.366667535555556,REQUEST_EVIDENCE
SUBSTITUTED_RETURN_CLAIM,2407.67,False,0,1,375.12,773,2,0,0,1,12.283335766111112,REQUEST_EVIDENCE
SHORTAGE_CLAIM,4271.82,True,1,1,352.04,374,4,2,1,0,0.76666682,APPROVE
SHORTAGE_CLAIM,511.31,True,1,0,1537.93,1239,6,1,5,0,9.166668480555556,APPROVE
SHORTAGE_CLAIM,1981.26,True,1,0,2906.23,352,2,0,2,0,7.516668158333333,DENY
WRONG_ITEM_CLAIM,5559.5,False,0,0,277.44,112,1,0,1,0,51.0333449,REQUEST_EVIDENCE
WRONG_ITEM_CLAIM,6282.18,False,0,1,2002.74,986,5,3,2,0,0.7833334897222223,REQUEST_EVIDENCE
NON_DELIVERY_CLAIM,2832.36,False,0,1,1218.63,1289,10,8,2,0,7.650001517500001,REQUEST_EVIDENCE
NON_DELIVERY_CLAIM,3405.23,True,1,1,2803.3,801,5,3,2,0,11.650002305833334,APPROVE
SHORTAGE_CLAIM,2896.34,True,1,0,1370.24,124,3,1,2,0,22.016671541388888,DENY
WRONG_ITEM_CLAIM,121.83,False,0,0,1058.69,661,3,1,2,0,18.716670544444444,REQUEST_EVIDENCE
NON_DELIVERY_CLAIM,2374.56,True,1,1,355.79,935,7,3,2,0,4.200000836944445,APPROVE
WRONG_ITEM_CLAIM,407.69,False,0,0,1379.26,1054,5,3,2,0,0.7000001405555555,REQUEST_EVIDENCE
NON_DELIVERY_CLAIM,317.67,True,1,2,7640.85,706,6,1,5,0,14.23333615,APPROVE
SHORTAGE_CLAIM,6036.37,True,1,0,341.86,158,4,1,3,0,31.033340929166666,ESCALATE
SUBSTITUTED_RETURN_CLAIM,7246.32,True,1,0,2351.4,647,4,2,2,0,12.000002375277777,ESCALATE
NON_DELIVERY_CLAIM,1465.92,False,0,1,1213.69,332,3,1,2,0,22.03333820138889,REQUEST_EVIDENCE
NON_DELIVERY_CLAIM,4175.15,False,0,0,2868.83,1026,2,1,1,0,25.233339120555556,REQUEST_EVIDENCE
WRONG_ITEM_CLAIM,2128.28,True,1,0,471.02,1178,5,2,1,0,30.166673898333332,APPROVE
SHORTAGE_CLAIM,1002.25,False,0,1,654.03,1258,3,1,2,0,14.500002869166666,REQUEST_EVIDENCE
SUBSTITUTED_RETURN_CLAIM,5187.38,True,1,0,1474.86,1003,5,3,1,0,6.916668042777777,ESCALATE
WRONG_ITEM_CLAIM,2358.12,False,0,0,780.02,1457,5,1,1,0,8.71666839361111,REQUEST_EVIDENCE
NON_DELIVERY_CLAIM,1227.11,False,0,3,1723.01,324,3,0,2,0,23.700005341111112,REQUEST_EVIDENCE
SUBSTITUTED_RETURN_CLAIM,1260.07,True,1,0,2021.02,706,3,2,1,0,37.90000895194444,APPROVE
NON_DELIVERY_CLAIM,4308.02,True,1,1,604.39,145,8,2,3,1,29.83334046,APPROVE
WRONG_ITEM_CLAIM,2199.47,True,1,0,1267.61,782,3,1,2,0,41.98334308777778,APPROVE
WRONG_ITEM_CLAIM,3724.31,True,1,2,2413.85,590,2,0,2,0,55.70001253694445,APPROVE
WRONG_ITEM_CLAIM,4086.65,True,1,0,2721.73,1144,2,2,0,0,35.60000849805556,APPROVE
NON_DELIVERY_CLAIM,1580.15,True,1,0,2625.54,355,6,4,2,0,6.583334643055555,APPROVE
WRONG_ITEM_CLAIM,2391.27,False,0,0,1946.16,1471,3,2,1,0,3.283333991388889,REQUEST_EVIDENCE
WRONG_ITEM_CLAIM,2229.34,True,1,1,2829.16,206,3,3,0,0,13.300002634444445,APPROVE
SUBSTITUTED_RETURN_CLAIM,2434.28,False,0,0,1946.16,1471,4,2,2,0,0.033333339999999996,REQUEST_EVIDENCE
WRONG_ITEM_CLAIM,385.39,False,0,3,1723.01,324,4,0,3,0,0.1666667013888889,REQUEST_EVIDENCE
WRONG_ITEM_CLAIM,1587.19,False,0,2,3147.56,233,5,1,4,0,6.016667864444445,REQUEST_EVIDENCE
SHORTAGE_CLAIM,2119.73,True,1,0,529.85,1355,4,2,1,0,13.350002643888889,DENY
SUBSTITUTED_RETURN_CLAIM,171.83,True,1,0,1697.44,1287,4,1,3,0,2.6833338711111114,APPROVE
NON_DELIVERY_CLAIM,4672.66,True,1,3,5920.91,866,3,0,2,0,13.600002693055556,APPROVE
WRONG_ITEM_CLAIM,2438.35,True,1,0,2250.51,675,3,1,1,1,19.75000413277778,APPROVE
SHORTAGE_CLAIM,3156.43,False,0,0,2743.23,1105,3,1,0,1,54.10001221861111,DENY
WRONG_ITEM_CLAIM,590.1,False,0,0,143.18,1008,3,2,1,0,1.0000001997222223,REQUEST_EVIDENCE
WRONG_ITEM_CLAIM,4519.03,True,1,0,1168.7,754,2,1,0,0,32.98334131861111,APPROVE
WRONG_ITEM_CLAIM,1407.79,False,0,1,189.3,1346,8,1,7,0,15.066669648611112,REQUEST_EVIDENCE
WRONG_ITEM_CLAIM,6349.01,False,0,0,1185.43,766,8,2,4,1,10.666668776388889,REQUEST_EVIDENCE
NON_DELIVERY_CLAIM,2963.89,True,1,2,1028.01,1424,3,0,3,0,8.450001675833335,APPROVE
SUBSTITUTED_RETURN_CLAIM,4324.64,True,1,1,2084.34,440,3,2,1,0,18.33333708027778,APPROVE
NON_DELIVERY_CLAIM,172.15,True,1,0,629.05,373,1,1,0,0,12.200002415833332,APPROVE
WRONG_ITEM_CLAIM,2467.74,False,0,0,2572.95,733,1,0,1,0,29.30000693138889,REQUEST_EVIDENCE
WRONG_ITEM_CLAIM,2980.11,False,0,0,286.66,510,1,0,1,0,32.63334124888889,REQUEST_EVIDENCE
SUBSTITUTED_RETURN_CLAIM,160.91,True,1,1,2637.72,942,6,1,4,1,35.466675136111114,APPROVE
SHORTAGE_CLAIM,5601.33,False,0,4,4067.54,1449,2,1,1,0,20.916671122222223,DENY
SUBSTITUTED_RETURN_CLAIM,1776.02,True,1,0,2569.01,446,2,0,2,0,2.3833338069444445,APPROVE
SUBSTITUTED_RETURN_CLAIM,3313.37,True,1,1,957.95,353,3,1,0,1,6.583334641666667,APPROVE
SUBSTITUTED_RETURN_CLAIM,5349.03,False,0,1,1630.5,299,4,0,2,1,2.4333338180555555,REQUEST_EVIDENCE
NON_DELIVERY_CLAIM,1673.24,False,0,0,351.03,564,9,5,3,1,8.016668260833333,REQUEST_EVIDENCE
SUBSTITUTED_RETURN_CLAIM,1816.83,True,1,0,1420.73,228,1,0,1,0,35.25000842916667,APPROVE
SHORTAGE_CLAIM,4195.88,True,1,1,1218.63,1289,11,8,3,0,0.80000016,APPROVE
WRONG_ITEM_CLAIM,1081.89,False,0,2,2200.43,485,5,2,2,0,2.233333777222222,REQUEST_EVIDENCE
NON_DELIVERY_CLAIM,1064.83,True,1,3,6589.6,332,2,1,1,0,15.26666968888889,APPROVE
SHORTAGE_CLAIM,1595.8,True,1,0,2648.34,413,3,2,0,1,12.950002565277778,APPROVE
NON_DELIVERY_CLAIM,3497.05,True,1,1,2608.25,1173,3,1,1,0,12.916669225277777,APPROVE
SUBSTITUTED_RETURN_CLAIM,6727.86,False,0,0,1419.48,633,6,3,3,0,10.05000199,REQUEST_EVIDENCE
NON_DELIVERY_CLAIM,744.47,False,0,0,2021.02,706,4,3,1,0,0.6333334580555556,REQUEST_EVIDENCE
SUBSTITUTED_RETURN_CLAIM,3529.16,True,1,0,354.92,559,4,3,1,0,30.266673859444445,APPROVE
WRONG_ITEM_CLAIM,3319.91,True,1,1,1873.72,184,4,1,3,0,7.800001551666666,APPROVE
SHORTAGE_CLAIM,2794.35,False,0,1,729.95,695,6,2,4,0,6.633334651944444,REQUEST_EVIDENCE
NON_DELIVERY_CLAIM,4222.01,True,1,0,2900.37,1483,4,2,1,0,2.9333339155555556,APPROVE
SUBSTITUTED_RETURN_CLAIM,1734.46,False,0,0,2527.63,1344,2,1,0,0,24.10000539138889,REQUEST_EVIDENCE
WRONG_ITEM_CLAIM,5801.99,True,1,0,852.3,428,3,0,1,1,1.666666998888889,ESCALATE
SHORTAGE_CLAIM,1988.73,True,1,0,2532.09,1239,1,0,1,0,46.81667737555556,APPROVE
NON_DELIVERY_CLAIM,3633.17,True,1,0,1312.07,1356,6,2,4,0,15.833336465555554,APPROVE
SUBSTITUTED_RETURN_CLAIM,962.12,True,1,0,1759.83,297,3,1,0,2,3.2333339794444442,APPROVE
NON_DELIVERY_CLAIM,5487.72,True,1,0,1540.06,1165,8,4,3,1,2.9666672552777777,ESCALATE
WRONG_ITEM_CLAIM,5423.95,True,1,1,2779.82,185,1,1,0,0,52.933345279444445,ESCALATE
NON_DELIVERY_CLAIM,2382.27,False,0,1,1813.32,91,4,4,0,0,1.4833336291666668,REQUEST_EVIDENCE
SHORTAGE_CLAIM,830.85,True,1,0,2118.68,443,5,2,2,1,15.766669788055555,APPROVE
SHORTAGE_CLAIM,1187.29,True,1,1,2418.81,1392,5,2,2,0,4.8500009675,APPROVE
SUBSTITUTED_RETURN_CLAIM,2370.56,True,1,0,267.01,110,2,2,0,0,31.41667417416667,APPROVE
NON_DELIVERY_CLAIM,6907.7,True,1,0,2223.89,128,2,1,0,0,14.633336231944444,ESCALATE
SHORTAGE_CLAIM,2882.34,True,1,1,664.1,251,3,2,0,1,8.583335039444444,APPROVE
WRONG_ITEM_CLAIM,4918.85,True,1,0,2648.34,413,4,3,0,1,0.35000007055555554,APPROVE
WRONG_ITEM_CLAIM,4105.37,True,1,4,3020.44,736,3,1,1,0,6.633334655,APPROVE
WRONG_ITEM_CLAIM,2795.31,True,1,1,654.03,1258,4,1,3,0,1.0333335405555557,APPROVE
NON_DELIVERY_CLAIM,3110.11,True,1,1,3625.21,1143,2,1,1,0,19.96667079722222,APPROVE
SUBSTITUTED_RETURN_CLAIM,1718.03,True,1,0,2957.87,1334,5,2,1,0,7.950001583333334,APPROVE
SHORTAGE_CLAIM,7349.13,False,0,1,1559.85,813,4,1,2,1,26.216672639166667,REQUEST_EVIDENCE
WRONG_ITEM_CLAIM,2179.74,False,0,0,1419.48,633,7,3,4,0,0.41666675,REQUEST_EVIDENCE
SUBSTITUTED_RETURN_CLAIM,3577.5,True,1,1,7746.51,356,3,1,2,0,19.90000410972222,APPROVE
NON_DELIVERY_CLAIM,4108.39,True,1,2,3613.14,287,3,2,0,0,22.18333809861111,APPROVE
WRONG_ITEM_CLAIM,3502.9,False,0,0,2710.76,1279,1,0,1,0,30.933340681111112,REQUEST_EVIDENCE
SHORTAGE_CLAIM,1241.01,True,1,1,4234.3,642,1,0,0,1,46.03334389055555,DENY
SUBSTITUTED_RETURN_CLAIM,4439.54,False,0,1,770.91,880,6,3,2,0,3.7333340794444445,REQUEST_EVIDENCE
SUBSTITUTED_RETURN_CLAIM,3266.36,False,0,2,2307.66,1355,6,4,2,0,2.6000005175,REQUEST_EVIDENCE
WRONG_ITEM_CLAIM,8312.2,False,0,1,182.1,175,6,3,3,0,8.016668263055555,REQUEST_EVIDENCE
WRONG_ITEM_CLAIM,2516.53,False,0,0,2000.03,857,5,1,3,1,19.13333723861111,REQUEST_EVIDENCE
WRONG_ITEM_CLAIM,3394.97,True,1,0,2022.07,443,3,1,1,0,21.71667128611111,APPROVE
SUBSTITUTED_RETURN_CLAIM,590.1,False,0,0,143.18,1008,4,2,2,0,0.9333335194444444,REQUEST_EVIDENCE
NON_DELIVERY_CLAIM,3812.47,False,0,0,2056.77,322,4,3,1,0,9.933335302777778,REQUEST_EVIDENCE
WRONG_ITEM_CLAIM,1802.49,False,0,0,1000.55,1430,4,1,2,1,31.16667406972222,REQUEST_EVIDENCE
NON_DELIVERY_CLAIM,4769.63,True,1,0,505.91,1330,6,3,1,2,10.633335440277778,APPROVE
SUBSTITUTED_RETURN_CLAIM,1085.54,True,1,0,779.42,664,5,2,3,0,12.816669206944445,APPROVE
WRONG_ITEM_CLAIM,1902.54,False,0,1,1876.05,727,2,1,1,0,6.116667883611111,REQUEST_EVIDENCE
WRONG_ITEM_CLAIM,7917.28,True,1,0,2141.3,1469,6,3,3,0,5.6166677852777775,ESCALATE
SHORTAGE_CLAIM,2651.57,False,0,1,417.04,186,5,3,2,0,21.716671274444444,REQUEST_EVIDENCE
SHORTAGE_CLAIM,1517.17,False,0,1,64.06,249,1,0,1,0,35.850008548055555,DENY
NON_DELIVERY_CLAIM,1236.71,True,1,0,1858.55,231,4,1,3,0,16.80000332527778,APPROVE
SHORTAGE_CLAIM,1790.53,True,1,1,2491.35,423,9,4,3,1,4.833334298611112,DENY
SHORTAGE_CLAIM,889.09,True,1,2,1011.35,518,4,3,1,0,9.516668555555556,APPROVE
SHORTAGE_CLAIM,4880.41,False,0,0,853.61,40,3,0,1,2,9.683335256666666,REQUEST_EVIDENCE
SHORTAGE_CLAIM,2682.36,False,0,0,2351.37,1127,5,3,0,1,3.816667431111111,REQUEST_EVIDENCE
SHORTAGE_CLAIM,3827.14,False,0,2,422.27,1016,2,0,2,0,7.050001405,DENY
SUBSTITUTED_RETURN_CLAIM,3017.64,True,1,0,816.4,580,3,1,2,0,8.5666683725,APPROVE
NON_DELIVERY_CLAIM,2342.45,True,1,1,2759.07,1122,7,4,1,2,3.5666673775,APPROVE
SHORTAGE_CLAIM,625.3,True,1,0,1314.33,1353,4,1,2,0,1.8666670391666667,DENY
WRONG_ITEM_CLAIM,1592.31,False,0,1,352.04,374,5,3,1,0,1.8500003691666667,REQUEST_EVIDENCE
SHORTAGE_CLAIM,1056.56,False,0,0,1270.22,1347,1,0,1,0,65.73334784916666,REQUEST_EVIDENCE
SHORTAGE_CLAIM,2600.57,True,1,0,1858.97,136,1,0,1,0,14.816669602777777,APPROVE
SHORTAGE_CLAIM,166.36,False,0,0,2316.43,1143,1,0,1,0,25.95000585111111,REQUEST_EVIDENCE
WRONG_ITEM_CLAIM,659.48,False,0,1,983.04,909,7,4,2,1,2.900000577777778,REQUEST_EVIDENCE
SUBSTITUTED_RETURN_CLAIM,2982.45,True,1,0,499.09,1021,4,2,1,0,57.183346165555555,APPROVE
WRONG_ITEM_CLAIM,2303.07,True,1,0,2947.14,1282,5,4,1,0,13.183335946944444,APPROVE
WRONG_ITEM_CLAIM,874.28,True,1,2,230.84,164,6,2,4,0,9.483335217222221,APPROVE
SHORTAGE_CLAIM,4967.14,True,1,0,1344.81,531,5,1,3,1,21.500004517222223,APPROVE
WRONG_ITEM_CLAIM,1662.31,True,1,1,2965.29,1310,4,1,2,0,4.5000009,APPROVE
SHORTAGE_CLAIM,560.33,False,0,0,248.01,1180,3,3,0,0,56.06667927722222,REQUEST_EVIDENCE
SUBSTITUTED_RETURN_CLAIM,1748.64,False,0,0,2962.05,1031,2,0,2,0,29.43334017666667,REQUEST_EVIDENCE
SUBSTITUTED_RETURN_CLAIM,4218.44,False,0,2,7632.14,989,4,2,1,0,3.4833340258333334,REQUEST_EVIDENCE
SUBSTITUTED_RETURN_CLAIM,2517.42,True,1,0,2747.56,102,4,1,3,0,24.416672057222225,APPROVE
NON_DELIVERY_CLAIM,2466.62,True,1,1,2189.88,1077,7,4,3,0,19.850004056666666,APPROVE
NON_DELIVERY_CLAIM,2904.8,True,1,0,796.1,255,5,3,0,0,6.3333345947222215,APPROVE
SUBSTITUTED_RETURN_CLAIM,2278.88,True,1,1,2691.86,517,3,2,1,0,5.116667688611112,APPROVE
WRONG_ITEM_CLAIM,3363.8,True,1,0,403.46,971,5,4,1,0,7.483334823333333,APPROVE
WRONG_ITEM_CLAIM,1826.16,True,1,1,983.04,909,8,4,3,1,0.2333333788888889,APPROVE
NON_DELIVERY_CLAIM,2439.07,True,1,0,813.93,441,2,0,2,0,35.450008473888886,APPROVE
WRONG_ITEM_CLAIM,2475.17,False,0,1,3625.21,1143,3,2,1,0,0.8500001683333334,REQUEST_EVIDENCE
SUBSTITUTED_RETURN_CLAIM,4848.32,True,1,2,432.23,1000,5,0,3,0,10.700002122499999,APPROVE
SHORTAGE_CLAIM,1600.37,True,1,0,1438.47,889,2,0,2,0,43.13334331833333,APPROVE
WRONG_ITEM_CLAIM,2754.52,True,1,4,4864.35,963,6,2,3,0,14.9666696325,APPROVE
WRONG_ITEM_CLAIM,2116.26,False,0,0,1067.43,1249,3,1,1,0,52.50001186138889,REQUEST_EVIDENCE
SUBSTITUTED_RETURN_CLAIM,2332.81,True,1,0,1447.5,262,3,0,2,0,24.433338713055555,APPROVE
WRONG_ITEM_CLAIM,2322.38,True,1,0,1325.65,1218,7,1,4,2,21.550004502222222,APPROVE
WRONG_ITEM_CLAIM,4266.85,False,0,0,2010.43,456,4,1,1,2,28.016673074444444,REQUEST_EVIDENCE
SUBSTITUTED_RETURN_CLAIM,1753.99,True,1,0,248.01,1180,4,3,1,0,0.3000000605555555,APPROVE
SUBSTITUTED_RETURN_CLAIM,966.99,True,1,3,4160.43,672,6,1,5,0,9.583335239166667,APPROVE
SHORTAGE_CLAIM,4235.58,False,0,1,828.74,997,8,1,6,1,5.7666678197222225,REQUEST_EVIDENCE
NON_DELIVERY_CLAIM,7951.7,False,0,0,2233.77,796,1,0,1,0,58.100013014999995,REQUEST_EVIDENCE
WRONG_ITEM_CLAIM,174.52,False,0,2,2570.25,731,4,3,1,0,30.183340371944443,REQUEST_EVIDENCE
SHORTAGE_CLAIM,4494.34,True,1,1,2183.92,1202,3,1,2,0,18.500003693055554,DENY
SUBSTITUTED_RETURN_CLAIM,5431.84,False,0,0,2569.87,1248,2,0,0,1,25.483339008055555,REQUEST_EVIDENCE
WRONG_ITEM_CLAIM,4366.5,False,0,0,2962.05,1031,3,0,3,0,0.4000000822222222,REQUEST_EVIDENCE
SHORTAGE_CLAIM,697.26,True,1,0,2270.36,1044,3,2,1,0,8.633335058055556,DENY
SUBSTITUTED_RETURN_CLAIM,2080.34,True,1,0,2959.92,1196,3,3,0,0,5.016667672222222,APPROVE
SUBSTITUTED_RETURN_CLAIM,1659.77,False,0,0,36.57,144,5,2,1,2,12.783335866111111,REQUEST_EVIDENCE
NON_DELIVERY_CLAIM,3508.18,False,0,2,1881.68,463,1,0,1,0,29.5166734925,REQUEST_EVIDENCE
WRONG_ITEM_CLAIM,3989.5,False,0,1,645.4,323,2,1,1,0,30.766673866388892,REQUEST_EVIDENCE
SUBSTITUTED_RETURN_CLAIM,5393.01,False,0,2,422.27,1016,3,0,2,0,0.7500001505555556,REQUEST_EVIDENCE
SUBSTITUTED_RETURN_CLAIM,2253.88,False,0,2,1391.28,215,3,1,1,1,11.216668893333333,REQUEST_EVIDENCE
NON_DELIVERY_CLAIM,1946.41,False,0,2,1187.88,1164,0,0,0,0,999.0,REQUEST_EVIDENCE
NON_DELIVERY_CLAIM,3116.16,False,0,1,416.38,1493,6,0,5,0,4.9000009825,REQUEST_EVIDENCE
SUBSTITUTED_RETURN_CLAIM,3834.79,True,1,0,1918.58,306,4,0,4,0,26.066672493333332,APPROVE
SUBSTITUTED_RETURN_CLAIM,2726.91,True,1,4,3470.4,1125,6,4,2,0,10.700002128055557,APPROVE
NON_DELIVERY_CLAIM,2613.79,True,1,1,2779.82,185,2,1,0,1,1.4666669641666665,APPROVE
SHORTAGE_CLAIM,3810.71,False,0,1,588.3,1459,6,1,4,1,3.8500007702777777,DENY
SUBSTITUTED_RETURN_CLAIM,1487.08,True,1,0,2732.36,324,4,1,2,0,10.900002166944445,APPROVE
SHORTAGE_CLAIM,871.09,False,0,1,236.78,412,4,2,2,0,15.483336405833333,REQUEST_EVIDENCE
SHORTAGE_CLAIM,4974.5,True,1,0,1615.24,142,7,4,3,0,19.550003946388887,DENY
SUBSTITUTED_RETURN_CLAIM,3812.09,False,0,0,62.57,189,2,0,2,0,38.81667580916667,REQUEST_EVIDENCE
WRONG_ITEM_CLAIM,2333.33,False,0,0,2497.88,1387,3,1,2,0,29.850006902222223,REQUEST_EVIDENCE
SUBSTITUTED_RETURN_CLAIM,4370.1,False,0,0,1921.01,179,5,1,3,1,6.483334629444444,REQUEST_EVIDENCE
WRONG_ITEM_CLAIM,2351.78,True,1,0,2353.32,1166,4,1,1,2,10.183335360833333,APPROVE
NON_DELIVERY_CLAIM,2134.48,True,1,1,604.39,145,9,3,3,1,2.4166671508333337,APPROVE
SHORTAGE_CLAIM,8091.32,True,1,0,2772.64,654,2,1,1,0,9.516668565,DENY
WRONG_ITEM_CLAIM,2486.45,False,0,0,2817.46,452,3,3,0,0,8.200001636388889,REQUEST_EVIDENCE
SUBSTITUTED_RETURN_CLAIM,1569.49,False,0,1,1598.16,1087,7,6,1,0,7.566668177777778,REQUEST_EVIDENCE
SHORTAGE_CLAIM,8419.14,True,1,0,2597.86,724,7,3,3,0,5.216667710833333,ESCALATE
WRONG_ITEM_CLAIM,2408.37,True,1,1,256.84,324,2,1,0,1,46.93334407333333,APPROVE
NON_DELIVERY_CLAIM,3998.87,True,1,1,3876.01,1295,3,1,2,0,11.983335711666667,APPROVE
SHORTAGE_CLAIM,2550.64,False,0,4,5309.57,1456,5,0,4,1,7.750001547222222,REQUEST_EVIDENCE
SHORTAGE_CLAIM,1672.71,True,1,2,6873.23,1296,6,4,0,1,12.516669150555556,DENY
SUBSTITUTED_RETURN_CLAIM,1748.88,False,0,1,2090.63,455,1,1,0,0,47.56667753194444,REQUEST_EVIDENCE
SHORTAGE_CLAIM,7260.92,False,0,0,1567.0,236,5,2,2,0,3.4666673608333336,REQUEST_EVIDENCE
SHORTAGE_CLAIM,1425.04,False,0,1,3875.66,793,7,3,4,0,3.9333341194444444,DENY
NON_DELIVERY_CLAIM,694.12,True,1,0,399.61,624,5,2,3,0,13.733336058888888,APPROVE
WRONG_ITEM_CLAIM,4386.61,False,0,3,6966.39,1370,3,1,2,0,8.450001686111111,REQUEST_EVIDENCE
SHORTAGE_CLAIM,3234.3,True,1,1,237.06,334,7,2,4,1,18.616670356388887,APPROVE
SHORTAGE_CLAIM,3458.78,True,1,0,2662.74,46,5,2,2,1,29.616673473888888,APPROVE
SHORTAGE_CLAIM,5396.23,False,0,0,2590.11,164,5,1,3,0,5.700001141666667,REQUEST_EVIDENCE
NON_DELIVERY_CLAIM,3175.76,True,1,1,1360.3,934,5,2,1,1,13.150002608055555,APPROVE
NON_DELIVERY_CLAIM,6221.3,False,0,0,1410.41,768,8,2,6,0,7.200001437499999,REQUEST_EVIDENCE
WRONG_ITEM_CLAIM,2220.83,False,0,0,2973.26,1233,6,1,2,1,12.88333588861111,REQUEST_EVIDENCE
WRONG_ITEM_CLAIM,1354.15,True,1,3,5911.44,1222,6,1,3,0,14.066669458888889,APPROVE
SHORTAGE_CLAIM,5784.04,True,1,0,1201.75,316,6,2,4,0,12.650002511666665,ESCALATE
WRONG_ITEM_CLAIM,4897.33,False,0,0,2198.02,550,7,3,3,1,12.616669171944444,REQUEST_EVIDENCE
NON_DELIVERY_CLAIM,4763.42,False,0,1,1413.66,1128,2,1,1,0,25.93333906777778,REQUEST_EVIDENCE
SUBSTITUTED_RETURN_CLAIM,3748.59,True,1,1,853.31,1067,3,0,3,0,15.016669647777778,APPROVE
NON_DELIVERY_CLAIM,312.78,False,0,0,995.16,643,2,1,1,0,15.71666978611111,REQUEST_EVIDENCE
WRONG_ITEM_CLAIM,3025.58,False,0,0,752.67,1301,1,0,1,0,30.28334031777778,REQUEST_EVIDENCE
SHORTAGE_CLAIM,2494.19,False,0,0,529.85,1355,5,2,1,0,2.7000005413888886,DENY
NON_DELIVERY_CLAIM,3198.14,True,1,3,2118.02,53,2,2,0,0,15.150003006666665,APPROVE
SUBSTITUTED_RETURN_CLAIM,4866.83,True,1,0,1129.01,1137,3,2,1,0,42.26667648777778,APPROVE
NON_DELIVERY_CLAIM,6929.47,False,0,0,1102.8,303,1,0,1,0,55.70001250888889,REQUEST_EVIDENCE
WRONG_ITEM_CLAIM,2091.73,False,0,0,2579.12,1380,3,0,0,1,54.51667893027778,REQUEST_EVIDENCE
SHORTAGE_CLAIM,1698.61,False,0,2,1420.71,1310,3,0,2,0,35.400008470555555,REQUEST_EVIDENCE
SUBSTITUTED_RETURN_CLAIM,7864.83,True,1,1,1238.84,400,9,4,3,1,3.933334121666667,ESCALATE
WRONG_ITEM_CLAIM,3350.58,True,1,3,5731.08,1386,7,2,4,1,11.383335597222223,APPROVE
NON_DELIVERY_CLAIM,2071.33,False,0,0,1011.09,44,3,2,1,0,33.45000790722222,REQUEST_EVIDENCE
SHORTAGE_CLAIM,2705.37,False,0,0,1199.04,1490,2,1,1,0,9.700001937222224,DENY
SUBSTITUTED_RETURN_CLAIM,1158.8,True,1,0,1526.21,820,3,1,2,0,12.583335830833335,APPROVE
SHORTAGE_CLAIM,2428.13,False,0,0,1756.34,141,4,3,0,0,15.166669676666666,REQUEST_EVIDENCE
SHORTAGE_CLAIM,5142.01,True,1,1,2543.95,625,2,0,0,2,26.716672605833335,DENY
NON_DELIVERY_CLAIM,733.4,False,0,0,586.22,1376,3,0,3,0,16.41666992361111,REQUEST_EVIDENCE
SUBSTITUTED_RETURN_CLAIM,2337.42,False,0,0,2743.23,1105,4,1,0,1,2.866667240555555,REQUEST_EVIDENCE
WRONG_ITEM_CLAIM,346.59,False,0,0,1447.5,262,4,1,2,0,1.2166669105555554,REQUEST_EVIDENCE
WRONG_ITEM_CLAIM,573.8,False,0,0,764.99,978,2,1,1,0,39.516675947222225,REQUEST_EVIDENCE
NON_DELIVERY_CLAIM,1658.08,False,0,1,1395.76,1224,3,0,3,0,14.866669617500001,REQUEST_EVIDENCE
NON_DELIVERY_CLAIM,2762.02,True,1,2,2940.14,918,3,3,0,0,26.36667249111111,APPROVE
WRONG_ITEM_CLAIM,5023.85,True,1,2,4337.65,1462,2,0,1,0,4.8000009575,ESCALATE
SUBSTITUTED_RETURN_CLAIM,2417.23,True,1,1,1539.71,289,8,2,5,1,9.916668645833333,APPROVE
NON_DELIVERY_CLAIM,2311.32,False,0,1,5658.33,815,3,1,2,0,19.266670486666666,REQUEST_EVIDENCE
NON_DELIVERY_CLAIM,1639.98,True,1,1,1539.71,289,9,3,5,1,0.033333339999999996,APPROVE
NON_DELIVERY_CLAIM,3458.62,False,0,0,2537.9,338,4,2,1,1,28.53333977638889,REQUEST_EVIDENCE
SHORTAGE_CLAIM,1866.4,True,1,0,1388.73,1387,5,1,4,0,18.91667041694444,APPROVE
WRONG_ITEM_CLAIM,2386.32,True,1,1,2836.1,281,2,1,1,0,43.80001012222222,APPROVE
SUBSTITUTED_RETURN_CLAIM,5187.46,False,0,2,2307.66,1355,7,4,3,0,2.1833337719444446,REQUEST_EVIDENCE
NON_DELIVERY_CLAIM,4629.96,True,1,0,1013.16,1347,5,0,3,1,33.616674592500004,APPROVE
SUBSTITUTED_RETURN_CLAIM,2044.76,True,1,0,835.7,465,7,2,3,1,8.3166683275,APPROVE
WRONG_ITEM_CLAIM,2041.76,False,0,1,1181.39,187,3,1,2,0,22.333337936666666,REQUEST_EVIDENCE
NON_DELIVERY_CLAIM,8765.99,False,0,3,4839.82,379,4,2,1,0,5.250001046666666,REQUEST_EVIDENCE
SUBSTITUTED_RETURN_CLAIM,478.49,True,1,0,1852.69,354,9,3,4,0,19.06667044611111,APPROVE
NON_DELIVERY_CLAIM,844.98,False,0,0,2437.93,374,3,1,1,0,11.966669044722224,REQUEST_EVIDENCE
SHORTAGE_CLAIM,1703.58,False,0,0,2868.83,1026,3,1,2,0,3.5333340402777775,DENY
SHORTAGE_CLAIM,931.99,True,1,0,2309.9,1081,4,1,3,0,18.88333707583333,APPROVE
SHORTAGE_CLAIM,1628.95,True,1,2,2248.0,883,3,0,2,0,38.91667582638889,DENY
WRONG_ITEM_CLAIM,3227.81,True,1,0,1474.86,1003,6,3,1,1,3.5333340402777775,APPROVE
SHORTAGE_CLAIM,5210.54,True,1,0,1030.88,326,1,1,0,0,10.083335345833333,ESCALATE
NON_DELIVERY_CLAIM,7887.9,True,1,0,420.89,1026,3,0,2,0,5.333334395833333,ESCALATE
SHORTAGE_CLAIM,3587.27,False,0,0,2768.56,570,5,1,4,0,6.516667969444445,REQUEST_EVIDENCE
SUBSTITUTED_RETURN_CLAIM,6712.36,True,1,1,1671.07,277,3,2,1,0,4.266667519722222,ESCALATE
WRONG_ITEM_CLAIM,2558.71,False,0,0,1297.52,1225,6,2,3,0,22.050004517222224,REQUEST_EVIDENCE
WRONG_ITEM_CLAIM,2213.48,True,1,0,212.77,290,1,1,0,0,37.93334230027778,APPROVE
SUBSTITUTED_RETURN_CLAIM,2643.44,False,0,0,193.42,1435,2,2,0,0,32.40000754222222,REQUEST_EVIDENCE
SUBSTITUTED_RETURN_CLAIM,3246.0,False,0,0,2868.83,1026,4,1,2,0,0.18333336944444445,REQUEST_EVIDENCE
SUBSTITUTED_RETURN_CLAIM,6086.92,False,0,0,435.46,259,5,1,4,0,11.650002317222222,REQUEST_EVIDENCE
WRONG_ITEM_CLAIM,4047.98,False,0,0,109.66,1102,2,1,1,0,33.650007906944445,REQUEST_EVIDENCE
WRONG_ITEM_CLAIM,2449.08,True,1,1,1424.61,837,3,3,0,0,29.200006599166667,APPROVE
WRONG_ITEM_CLAIM,2449.07,False,0,1,444.04,942,2,0,1,1,8.983335126388889,REQUEST_EVIDENCE
SUBSTITUTED_RETURN_CLAIM,2641.6,False,0,0,1619.84,904,7,3,4,0,7.6333348574999995,REQUEST_EVIDENCE
NON_DELIVERY_CLAIM,1539.92,False,0,0,2536.55,1403,3,2,1,0,33.416674498055556,REQUEST_EVIDENCE
WRONG_ITEM_CLAIM,2080.34,True,1,0,2959.92,1196,4,4,0,0,1.6166669880555555,APPROVE
NON_DELIVERY_CLAIM,1192.35,False,0,0,2150.6,1469,3,2,1,0,20.433337424999998,REQUEST_EVIDENCE
WRONG_ITEM_CLAIM,6959.87,False,0,0,717.19,1173,5,1,4,0,7.6666681975,REQUEST_EVIDENCE
WRONG_ITEM_CLAIM,3417.89,False,0,0,1792.18,195,4,1,2,0,5.416667746111111,REQUEST_EVIDENCE
SHORTAGE_CLAIM,1727.11,False,0,0,1370.24,124,4,1,2,0,4.033334138611111,REQUEST_EVIDENCE
WRONG_ITEM_CLAIM,2059.84,False,0,0,2572.95,733,2,0,2,0,3.433334019722222,REQUEST_EVIDENCE
SUBSTITUTED_RETURN_CLAIM,520.16,False,0,0,1269.12,269,3,1,2,0,18.31667029861111,REQUEST_EVIDENCE
SUBSTITUTED_RETURN_CLAIM,2319.88,False,0,0,1906.06,224,6,1,4,1,13.433335998055556,REQUEST_EVIDENCE
NON_DELIVERY_CLAIM,2309.9,False,0,1,2376.38,298,4,3,1,0,31.550007258611114,REQUEST_EVIDENCE
NON_DELIVERY_CLAIM,5780.0,False,0,0,628.58,212,4,2,2,0,8.250001645555557,REQUEST_EVIDENCE
WRONG_ITEM_CLAIM,244.33,True,1,1,1690.25,1351,0,0,0,0,999.0,APPROVE
WRONG_ITEM_CLAIM,2979.7,False,0,1,1507.92,1297,4,1,1,1,9.633335253055554,REQUEST_EVIDENCE
WRONG_ITEM_CLAIM,3521.71,True,1,3,5007.05,561,5,2,3,0,23.833338318888888,APPROVE
WRONG_ITEM_CLAIM,2129.42,False,0,4,2328.43,803,1,0,1,0,6.733334678888888,REQUEST_EVIDENCE
SUBSTITUTED_RETURN_CLAIM,1193.88,False,0,1,1950.93,1366,4,2,2,0,9.533335233055556,REQUEST_EVIDENCE
SHORTAGE_CLAIM,3324.46,False,0,0,2607.02,36,4,2,2,0,15.450003065555556,REQUEST_EVIDENCE
SHORTAGE_CLAIM,2114.36,False,0,0,2351.4,647,5,2,2,1,4.133334158055555,REQUEST_EVIDENCE
NON_DELIVERY_CLAIM,561.37,False,0,1,212.1,313,6,1,3,0,4.650000928055555,REQUEST_EVIDENCE
SHORTAGE_CLAIM,4312.2,True,1,3,1181.74,1107,3,1,2,0,35.06667506777777,APPROVE
WRONG_ITEM_CLAIM,2852.02,True,1,3,1181.74,1107,4,2,2,0,0.016666669999999998,APPROVE
NON_DELIVERY_CLAIM,210.42,True,1,0,1817.86,1344,3,3,0,0,23.316671485833332,APPROVE
NON_DELIVERY_CLAIM,1499.88,True,1,1,1677.34,1230,3,1,2,0,7.533334836388889,APPROVE
SHORTAGE_CLAIM,1301.04,True,1,1,2084.34,440,4,3,1,0,3.7500007475,APPROVE
NON_DELIVERY_CLAIM,7638.98,True,1,0,508.75,818,2,2,0,0,49.000011148333336,ESCALATE
SHORTAGE_CLAIM,1970.31,True,1,0,1420.26,1380,4,2,2,0,11.183335561666667,APPROVE
WRONG_ITEM_CLAIM,2661.32,False,0,1,1966.2,146,1,0,0,1,17.0333367125,REQUEST_EVIDENCE
NON_DELIVERY_CLAIM,4630.13,True,1,0,2987.88,692,1,1,0,0,66.98334810166666,APPROVE
SUBSTITUTED_RETURN_CLAIM,2987.46,True,1,1,1413.66,1128,3,1,2,0,1.3666669361111112,APPROVE
SHORTAGE_CLAIM,2097.22,False,0,0,1281.34,1449,5,1,3,0,21.150004249722222,DENY
SUBSTITUTED_RETURN_CLAIM,1716.48,False,0,0,2155.79,1062,1,0,1,0,59.433346615,REQUEST_EVIDENCE
NON_DELIVERY_CLAIM,5357.29,False,0,0,435.46,259,6,1,5,0,0.6000001180555556,REQUEST_EVIDENCE
SHORTAGE_CLAIM,1714.77,True,1,2,1389.01,1130,4,1,3,0,24.683338536944447,DENY
WRONG_ITEM_CLAIM,1516.28,False,0,0,2703.23,212,4,4,0,0,26.583339125000002,REQUEST_EVIDENCE
SUBSTITUTED_RETURN_CLAIM,4587.59,False,0,2,7501.36,1447,6,4,1,0,11.316668921666666,REQUEST_EVIDENCE
NON_DELIVERY_CLAIM,5140.5,False,0,2,676.88,949,6,3,3,0,24.516671817222225,REQUEST_EVIDENCE
SUBSTITUTED_RETURN_CLAIM,2353.76,False,0,1,2639.85,1195,4,0,3,0,5.800001156666667,REQUEST_EVIDENCE
WRONG_ITEM_CLAIM,3078.74,True,1,0,1297.52,1225,7,2,4,0,0.7666668194444445,APPROVE
NON_DELIVERY_CLAIM,346.04,False,0,0,925.26,471,3,3,0,0,11.650002319999999,REQUEST_EVIDENCE
WRONG_ITEM_CLAIM,2075.53,True,1,0,2012.93,1079,6,2,3,0,20.51667074166667,APPROVE
SUBSTITUTED_RETURN_CLAIM,4938.69,True,1,1,1437.06,272,2,1,1,0,11.850002359444446,APPROVE
NON_DELIVERY_CLAIM,3756.31,True,1,1,1654.78,68,3,1,1,1,6.200001235277778,APPROVE
SUBSTITUTED_RETURN_CLAIM,2349.22,False,0,1,212.1,313,7,1,4,0,0.40000008111111107,REQUEST_EVIDENCE
SUBSTITUTED_RETURN_CLAIM,2225.47,False,0,0,1594.41,918,3,0,2,0,12.183335756944444,REQUEST_EVIDENCE
SHORTAGE_CLAIM,6389.32,True,1,1,3875.66,793,8,3,4,0,1.8333336966666667,DENY
SUBSTITUTED_RETURN_CLAIM,3566.6,True,1,4,1372.8,925,3,1,2,0,40.883342884722225,APPROVE
NON_DELIVERY_CLAIM,5970.19,True,1,0,2290.71,671,4,1,2,1,31.316673801388887,ESCALATE
NON_DELIVERY_CLAIM,8123.25,True,1,2,1281.33,1208,8,2,4,2,7.266668118611111,ESCALATE
NON_DELIVERY_CLAIM,5499.09,False,0,0,2290.71,671,5,1,2,2,0.03333333972222222,REQUEST_EVIDENCE
SUBSTITUTED_RETURN_CLAIM,1505.72,False,0,1,2436.36,1139,2,2,0,0,48.76667777055556,REQUEST_EVIDENCE
SUBSTITUTED_RETURN_CLAIM,765.9,True,1,0,1858.55,231,5,2,3,0,3.200000637777778,APPROVE
NON_DELIVERY_CLAIM,1428.72,True,1,0,2808.74,1261,6,0,5,1,18.50000366777778,APPROVE
NON_DELIVERY_CLAIM,1606.51,False,0,0,15.09,1417,6,4,2,0,19.800003924166667,REQUEST_EVIDENCE
NON_DELIVERY_CLAIM,1529.45,True,1,1,1419.46,284,2,1,1,0,30.5666735725,APPROVE
SHORTAGE_CLAIM,2594.97,False,0,0,2786.9,1381,4,2,2,0,9.150001823611111,REQUEST_EVIDENCE
SUBSTITUTED_RETURN_CLAIM,9019.62,False,0,1,1690.25,1351,1,1,0,0,0.7333334794444444,REQUEST_EVIDENCE
NON_DELIVERY_CLAIM,5858.47,False,0,1,2600.32,1404,1,0,0,1,49.01667781972222,REQUEST_EVIDENCE
WRONG_ITEM_CLAIM,632.28,True,1,0,2211.35,1152,7,3,2,1,5.333334398333333,APPROVE
WRONG_ITEM_CLAIM,3461.92,True,1,1,2965.29,1310,5,2,2,0,3.0333339388888887,APPROVE
SHORTAGE_CLAIM,2231.32,False,0,0,1379.26,1054,6,3,3,0,4.883334308055555,REQUEST_EVIDENCE
NON_DELIVERY_CLAIM,1141.7,False,0,2,422.27,1016,4,0,3,0,2.5333338369444447,REQUEST_EVIDENCE
SHORTAGE_CLAIM,2883.15,True,1,0,849.89,169,9,6,2,1,5.566667776944445,APPROVE
SUBSTITUTED_RETURN_CLAIM,2477.9,True,1,1,2637.72,942,7,2,4,1,4.333334198055556,APPROVE
SHORTAGE_CLAIM,3912.26,True,1,0,2449.36,1081,2,0,2,0,12.350002456944443,APPROVE
NON_DELIVERY_CLAIM,2414.37,True,1,2,2248.0,883,4,0,2,0,1.3166669269444444,APPROVE
SUBSTITUTED_RETURN_CLAIM,4728.08,False,0,1,1563.34,205,7,3,3,1,8.650001724166666,REQUEST_EVIDENCE
SUBSTITUTED_RETURN_CLAIM,3280.89,False,0,0,1419.48,633,8,3,5,0,3.7833340869444445,REQUEST_EVIDENCE
SHORTAGE_CLAIM,3026.42,True,1,2,2763.58,167,3,2,0,0,9.816668623333333,APPROVE
NON_DELIVERY_CLAIM,1647.14,False,0,0,674.43,959,6,3,2,1,8.000001595277778,REQUEST_EVIDENCE
SHORTAGE_CLAIM,2411.35,False,0,0,2217.55,1422,6,2,4,0,35.26667492916667,REQUEST_EVIDENCE
NON_DELIVERY_CLAIM,4940.98,False,0,1,1493.22,887,5,2,2,0,7.433334816388888,REQUEST_EVIDENCE
NON_DELIVERY_CLAIM,4877.39,False,0,1,4717.96,412,0,0,0,0,999.0,REQUEST_EVIDENCE
SUBSTITUTED_RETURN_CLAIM,5937.62,True,1,1,1424.61,837,4,4,0,0,1.2500002458333335,ESCALATE
NON_DELIVERY_CLAIM,3315.9,False,0,0,2883.64,98,2,0,1,1,31.516673817500003,REQUEST_EVIDENCE
NON_DELIVERY_CLAIM,5099.0,False,0,0,2817.42,535,3,0,3,0,29.900006683055555,REQUEST_EVIDENCE
NON_DELIVERY_CLAIM,7353.7,True,1,0,2668.27,652,4,1,2,0,6.550001305,ESCALATE
WRONG_ITEM_CLAIM,3059.89,False,0,1,1649.99,1490,5,2,2,0,8.3666683375,REQUEST_EVIDENCE
SHORTAGE_CLAIM,648.13,True,1,0,1946.16,1471,5,2,3,0,4.866667636666667,DENY
NON_DELIVERY_CLAIM,3622.26,True,1,0,437.83,1258,4,1,1,1,15.616669762777777,APPROVE
WRONG_ITEM_CLAIM,3504.34,True,1,1,1241.96,1185,4,1,1,1,30.0166733775,APPROVE
SHORTAGE_CLAIM,2733.95,False,0,0,586.64,643,6,2,2,0,5.483334426388889,REQUEST_EVIDENCE
SHORTAGE_CLAIM,1592.27,False,0,0,2732.36,324,5,2,2,0,2.750000544722222,REQUEST_EVIDENCE
WRONG_ITEM_CLAIM,2278.94,True,1,1,4717.96,412,1,0,1,0,0.18333337111111112,APPROVE
NON_DELIVERY_CLAIM,1581.39,False,0,0,1284.32,507,3,0,3,0,31.100007015833334,REQUEST_EVIDENCE
WRONG_ITEM_CLAIM,4599.45,False,0,0,2786.9,1381,5,2,3,0,0.5000000997222221,REQUEST_EVIDENCE
SUBSTITUTED_RETURN_CLAIM,2306.52,False,0,1,2440.59,1441,3,1,2,0,13.750002731944443,REQUEST_EVIDENCE
WRONG_ITEM_CLAIM,3456.03,False,0,1,1360.3,934,6,3,1,1,2.4333338158333335,REQUEST_EVIDENCE
NON_DELIVERY_CLAIM,2372.92,True,1,0,2848.14,653,3,1,1,1,20.86667080361111,APPROVE
NON_DELIVERY_CLAIM,8779.38,True,1,1,645.4,323,3,1,2,0,3.0166672666666665,ESCALATE
SHORTAGE_CLAIM,524.01,True,1,3,4869.1,661,4,0,4,0,7.666668198333333,APPROVE
SHORTAGE_CLAIM,3992.13,False,0,0,2296.42,718,5,1,3,0,18.283336960833335,REQUEST_EVIDENCE
WRONG_ITEM_CLAIM,5424.12,True,1,1,1576.43,1072,3,1,2,0,25.900005465555555,ESCALATE
NON_DELIVERY_CLAIM,6724.83,True,1,0,849.89,169,10,7,2,1,0.5166667699999999,ESCALATE
SUBSTITUTED_RETURN_CLAIM,3785.04,False,0,1,478.11,179,7,4,3,0,23.550004804166665,REQUEST_EVIDENCE
SUBSTITUTED_RETURN_CLAIM,1450.82,False,0,1,927.0,669,8,5,2,0,5.900001178055555,REQUEST_EVIDENCE
SHORTAGE_CLAIM,5300.82,False,0,0,1354.61,160,2,2,0,0,28.183339490555554,REQUEST_EVIDENCE
SHORTAGE_CLAIM,4656.45,False,0,0,2351.4,647,6,2,3,1,1.3166669291666666,REQUEST_EVIDENCE
SHORTAGE_CLAIM,4847.3,False,0,0,66.11,1138,3,1,2,0,18.133336930833334,REQUEST_EVIDENCE
SUBSTITUTED_RETURN_CLAIM,2602.64,False,0,2,1147.44,996,4,1,3,0,22.56667121111111,REQUEST_EVIDENCE
SUBSTITUTED_RETURN_CLAIM,1140.78,True,1,0,1260.19,1044,6,2,4,0,14.60000289777778,APPROVE
SHORTAGE_CLAIM,2327.94,False,0,0,2569.01,446,3,1,2,0,4.933334317222222,REQUEST_EVIDENCE
WRONG_ITEM_CLAIM,2394.83,True,1,0,2212.84,568,5,1,4,0,7.966668256111111,APPROVE
WRONG_ITEM_CLAIM,2405.29,True,1,1,1813.32,91,5,4,1,0,4.5833342475,APPROVE
SUBSTITUTED_RETURN_CLAIM,1259.55,True,1,0,2379.17,258,6,2,3,0,15.933336492222223,APPROVE
SUBSTITUTED_RETURN_CLAIM,1213.87,True,1,4,5503.38,253,5,3,2,0,24.350004998611112,APPROVE
WRONG_ITEM_CLAIM,3985.04,True,1,0,2067.07,653,5,2,2,0,17.63333683138889,APPROVE
SUBSTITUTED_RETURN_CLAIM,2780.79,False,0,1,2512.43,879,1,0,1,0,56.750012705555555,REQUEST_EVIDENCE
WRONG_ITEM_CLAIM,1682.23,True,1,1,983.04,909,9,5,3,1,3.7000007375,APPROVE
NON_DELIVERY_CLAIM,1126.68,False,0,0,66.11,1138,4,1,3,0,0.18333336916666668,REQUEST_EVIDENCE
SHORTAGE_CLAIM,2272.68,False,0,0,1807.57,1448,4,2,2,0,6.950001384722222,DENY
NON_DELIVERY_CLAIM,904.05,True,1,0,883.26,130,2,1,1,0,36.40000853916666,APPROVE
WRONG_ITEM_CLAIM,4837.35,True,1,1,1077.78,1293,2,0,2,0,69.01668183694444,APPROVE
SUBSTITUTED_RETURN_CLAIM,3291.86,False,0,0,504.4,1236,4,3,1,0,35.33334154916667,REQUEST_EVIDENCE
WRONG_ITEM_CLAIM,2350.83,False,0,0,1314.33,1353,5,1,2,0,4.116667485833333,REQUEST_EVIDENCE
SHORTAGE_CLAIM,2127.79,True,1,1,1437.06,272,3,2,1,0,1.2333335769444445,APPROVE
SHORTAGE_CLAIM,5567.7,True,1,0,1420.73,228,2,1,1,0,5.116667685277778,ESCALATE
SHORTAGE_CLAIM,4303.64,True,1,0,1565.31,1336,3,2,1,0,11.000002191944445,APPROVE
NON_DELIVERY_CLAIM,1926.35,True,1,2,985.37,589,2,0,1,1,58.48334639555556,APPROVE
SUBSTITUTED_RETURN_CLAIM,5727.26,False,0,0,1201.75,316,7,2,4,1,2.9000005733333336,REQUEST_EVIDENCE
SUBSTITUTED_RETURN_CLAIM,9044.86,False,0,0,628.58,212,5,2,3,0,1.8166670272222223,REQUEST_EVIDENCE
WRONG_ITEM_CLAIM,3160.53,True,1,0,2318.54,332,4,4,0,0,44.63334362277778,APPROVE
WRONG_ITEM_CLAIM,1839.83,True,1,1,96.69,933,4,2,2,0,11.150002221666666,APPROVE
WRONG_ITEM_CLAIM,6346.88,False,0,1,2892.87,544,5,3,2,0,21.650004290833333,REQUEST_EVIDENCE
WRONG_ITEM_CLAIM,2594.32,False,0,1,2263.65,1081,8,3,2,1,8.183334966666667,REQUEST_EVIDENCE
WRONG_ITEM_CLAIM,7875.44,True,1,3,4160.43,672,7,2,5,0,3.8000007558333335,ESCALATE
NON_DELIVERY_CLAIM,2012.21,False,0,2,6719.24,1251,2,2,0,0,57.233346134166666,REQUEST_EVIDENCE
NON_DELIVERY_CLAIM,1709.32,True,1,0,1456.01,909,3,1,2,0,14.766669598888889,APPROVE
NON_DELIVERY_CLAIM,2251.71,True,1,0,1662.95,146,4,2,1,0,30.850006878333332,APPROVE
SHORTAGE_CLAIM,9005.4,True,1,1,1954.65,508,2,0,2,0,34.400007915555555,ESCALATE
SUBSTITUTED_RETURN_CLAIM,1888.78,False,0,0,2511.24,789,3,0,1,0,47.93334427138889,REQUEST_EVIDENCE
NON_DELIVERY_CLAIM,1491.26,False,0,1,2608.25,1173,4,2,1,0,5.283334385555556,REQUEST_EVIDENCE
SUBSTITUTED_RETURN_CLAIM,2240.72,False,0,0,1567.0,236,6,2,3,0,3.300000653888889,REQUEST_EVIDENCE
SUBSTITUTED_RETURN_CLAIM,1749.68,False,0,1,2804.74,725,1,0,1,0,34.05000780361111,REQUEST_EVIDENCE
SHORTAGE_CLAIM,4329.4,True,1,0,1777.89,424,2,2,0,0,39.23334256194445,DENY
SHORTAGE_CLAIM,2391.24,False,0,0,215.24,415,3,2,1,0,14.100002800833334,DENY
NON_DELIVERY_CLAIM,2167.65,True,1,0,2572.95,733,3,0,3,0,2.1500004258333334,APPROVE
NON_DELIVERY_CLAIM,1001.41,True,1,1,4996.81,774,3,1,2,0,19.083337118055557,APPROVE
NON_DELIVERY_CLAIM,3706.13,False,0,1,1707.31,1471,1,0,1,0,23.800004824166663,REQUEST_EVIDENCE
WRONG_ITEM_CLAIM,2558.65,False,0,0,2819.73,107,4,1,2,0,7.200001434722222,REQUEST_EVIDENCE
SHORTAGE_CLAIM,3725.74,True,1,0,1594.41,918,4,0,3,0,1.6000003177777777,APPROVE
SUBSTITUTED_RETURN_CLAIM,4650.27,False,0,0,2198.02,550,8,3,4,1,3.250000643611111,REQUEST_EVIDENCE
SUBSTITUTED_RETURN_CLAIM,1734.91,True,1,0,1907.63,723,4,1,2,1,47.16667745361111,APPROVE
SUBSTITUTED_RETURN_CLAIM,102.45,True,1,0,1907.63,723,5,2,2,1,0.016666669999999998,APPROVE
WRONG_ITEM_CLAIM,587.95,False,0,0,1390.28,525,5,1,3,1,21.516670932222222,REQUEST_EVIDENCE
WRONG_ITEM_CLAIM,4194.01,False,0,0,1681.46,639,7,3,4,0,10.366668731944443,REQUEST_EVIDENCE
SUBSTITUTED_RETURN_CLAIM,4595.31,True,1,0,1159.69,1254,4,2,2,0,7.8500015625,APPROVE
SHORTAGE_CLAIM,779.7,True,1,1,2992.1,1135,4,3,1,0,30.51667342388889,APPROVE
NON_DELIVERY_CLAIM,3093.01,True,1,4,3614.4,1228,1,0,0,0,58.90001314194444,APPROVE
SHORTAGE_CLAIM,1572.72,False,0,0,1281.34,1449,6,1,3,0,1.9833337272222222,REQUEST_EVIDENCE
NON_DELIVERY_CLAIM,2118.62,True,1,0,715.72,1294,9,3,5,0,14.900002959444445,APPROVE
SUBSTITUTED_RETURN_CLAIM,1640.11,True,1,1,2871.29,867,2,1,1,0,15.10000299888889,APPROVE
SHORTAGE_CLAIM,2455.49,True,1,0,1281.34,1449,7,1,4,0,0.050000009444444445,DENY
SUBSTITUTED_RETURN_CLAIM,1046.98,True,1,0,1868.09,894,5,1,4,0,34.53334124916667,APPROVE
NON_DELIVERY_CLAIM,1901.6,False,0,0,1267.61,782,4,2,2,0,6.233334575833333,REQUEST_EVIDENCE
SUBSTITUTED_RETURN_CLAIM,4376.71,True,1,0,886.67,1052,6,1,3,0,20.200004008333334,APPROVE
NON_DELIVERY_CLAIM,378.56,False,0,0,2237.92,1041,3,2,1,0,8.666668398333334,REQUEST_EVIDENCE
NON_DELIVERY_CLAIM,3904.47,True,1,3,1116.41,1003,5,2,2,0,22.916671248333333,APPROVE
WRONG_ITEM_CLAIM,2279.49,True,1,0,2064.72,1472,3,1,2,0,12.350002460277778,APPROVE
SUBSTITUTED_RETURN_CLAIM,5571.37,False,0,1,1392.74,51,4,4,0,0,15.53333641861111,REQUEST_EVIDENCE
NON_DELIVERY_CLAIM,6599.51,False,0,0,1419.48,633,9,3,6,0,1.550000311388889,REQUEST_EVIDENCE
NON_DELIVERY_CLAIM,1877.97,False,0,0,2318.54,332,5,5,0,0,0.6666668019444444,REQUEST_EVIDENCE
SUBSTITUTED_RETURN_CLAIM,2080.26,False,0,0,1526.21,820,4,2,2,0,3.3500006666666664,REQUEST_EVIDENCE
SHORTAGE_CLAIM,1377.5,True,1,1,2405.98,303,6,1,3,1,25.53333858527778,APPROVE
SUBSTITUTED_RETURN_CLAIM,1460.45,False,0,1,147.09,1367,6,2,3,1,10.216668705555554,REQUEST_EVIDENCE
SHORTAGE_CLAIM,1513.96,True,1,0,504.4,1236,5,3,2,0,0.8666668413888889,DENY
SUBSTITUTED_RETURN_CLAIM,5815.88,True,1,0,2955.83,244,3,1,1,1,18.95000376277778,ESCALATE
SHORTAGE_CLAIM,6233.91,False,0,1,143.41,1142,4,1,3,0,7.383334807777778,REQUEST_EVIDENCE
SUBSTITUTED_RETURN_CLAIM,4742.68,False,0,0,2111.01,622,6,4,2,0,14.983336312222223,REQUEST_EVIDENCE
NON_DELIVERY_CLAIM,3030.26,True,1,0,2018.41,1406,5,2,3,0,16.400003256111113,APPROVE
SUBSTITUTED_RETURN_CLAIM,884.65,False,0,2,7120.96,933,6,1,4,0,29.2000063425,REQUEST_EVIDENCE
SUBSTITUTED_RETURN_CLAIM,506.68,True,1,1,897.31,490,3,2,0,0,30.800006804722223,APPROVE
SUBSTITUTED_RETURN_CLAIM,346.81,True,1,1,236.78,412,5,2,3,0,4.233334174166667,APPROVE
SUBSTITUTED_RETURN_CLAIM,2092.08,False,0,0,1966.77,708,5,3,2,0,14.516669553888889,REQUEST_EVIDENCE
WRONG_ITEM_CLAIM,2226.51,False,0,0,2155.79,1062,2,0,2,0,2.3833338080555557,REQUEST_EVIDENCE
WRONG_ITEM_CLAIM,3727.95,False,0,1,2834.96,1345,4,0,3,1,37.18334199361111,REQUEST_EVIDENCE
WRONG_ITEM_CLAIM,789.58,True,1,0,1973.49,493,9,2,6,0,24.03333818277778,APPROVE
NON_DELIVERY_CLAIM,1797.13,False,0,1,1190.02,1452,6,4,1,0,12.416669140555557,REQUEST_EVIDENCE
SHORTAGE_CLAIM,775.25,False,0,0,1946.16,1471,6,2,3,0,1.6666669983333335,REQUEST_EVIDENCE
SUBSTITUTED_RETURN_CLAIM,5093.13,True,1,0,570.4,130,3,2,1,0,20.95000415694444,ESCALATE
NON_DELIVERY_CLAIM,641.79,False,0,0,1270.22,1347,2,0,2,0,5.183334365555555,REQUEST_EVIDENCE
SUBSTITUTED_RETURN_CLAIM,4382.58,False,0,1,143.41,1142,5,1,4,0,0.23333337944444446,REQUEST_EVIDENCE
WRONG_ITEM_CLAIM,1537.36,True,1,0,1966.77,708,6,3,3,0,0.15000002999999998,APPROVE
WRONG_ITEM_CLAIM,4858.43,True,1,1,2964.46,301,3,2,1,0,29.283339680833333,APPROVE
SHORTAGE_CLAIM,4808.31,False,0,1,525.19,618,7,3,2,2,11.283335582222222,REQUEST_EVIDENCE
SHORTAGE_CLAIM,2714.24,True,1,0,2025.32,231,2,0,1,0,23.800004780555557,APPROVE
SHORTAGE_CLAIM,4316.53,False,0,0,341.86,158,5,1,3,1,6.950001386944444,REQUEST_EVIDENCE
SUBSTITUTED_RETURN_CLAIM,1651.85,False,0,0,2352.92,956,1,1,0,0,67.95001496444443,REQUEST_EVIDENCE
NON_DELIVERY_CLAIM,1197.7,True,1,0,2225.08,518,3,2,1,0,33.533340898055556,APPROVE
NON_DELIVERY_CLAIM,3498.21,True,1,0,2971.85,1093,4,3,1,0,18.350003644166666,APPROVE
SUBSTITUTED_RETURN_CLAIM,6023.16,False,0,1,6891.08,559,5,3,2,0,17.100003393333335,REQUEST_EVIDENCE
SUBSTITUTED_RETURN_CLAIM,1759.97,False,0,0,193.42,1435,3,2,1,0,3.283334074166667,REQUEST_EVIDENCE
NON_DELIVERY_CLAIM,3688.2,True,1,0,435.46,259,7,1,6,0,2.6666673075,APPROVE
WRONG_ITEM_CLAIM,2161.87,True,1,0,123.45,359,3,2,1,0,9.8500020925,APPROVE
SUBSTITUTED_RETURN_CLAIM,1867.85,False,0,0,288.94,592,9,7,1,1,13.183336095833333,REQUEST_EVIDENCE
SUBSTITUTED_RETURN_CLAIM,6115.05,True,1,0,267.01,110,3,3,0,0,6.066668024722222,ESCALATE
NON_DELIVERY_CLAIM,3111.56,True,1,0,2106.67,138,3,2,1,0,15.233336525833332,APPROVE
NON_DELIVERY_CLAIM,2382.99,False,0,1,622.39,1115,4,1,2,0,24.733338511944446,REQUEST_EVIDENCE
SUBSTITUTED_RETURN_CLAIM,1605.23,True,1,2,2200.43,485,6,2,3,0,6.450001458055556,APPROVE
WRONG_ITEM_CLAIM,1725.52,True,1,2,2281.54,322,4,0,1,0,40.116676248611114,APPROVE
SUBSTITUTED_RETURN_CLAIM,2423.8,True,1,0,1619.28,98,2,2,0,0,18.05000376,APPROVE
WRONG_ITEM_CLAIM,1708.38,True,1,1,1116.93,995,3,2,1,0,35.033341497222224,APPROVE
NON_DELIVERY_CLAIM,3266.57,False,0,0,49.91,642,4,1,3,0,17.100003574444443,REQUEST_EVIDENCE
SUBSTITUTED_RETURN_CLAIM,450.41,False,0,1,4742.58,360,4,1,3,0,29.683339948055558,REQUEST_EVIDENCE
SHORTAGE_CLAIM,3077.14,True,1,1,278.85,49,3,1,1,0,45.700010687500004,APPROVE
WRONG_ITEM_CLAIM,1771.45,True,1,2,1281.33,1208,9,2,4,3,2.616667373611111,APPROVE
NON_DELIVERY_CLAIM,4329.02,False,0,1,3625.21,1143,4,2,2,0,5.300001244444444,REQUEST_EVIDENCE
SHORTAGE_CLAIM,5158.87,True,1,0,1481.14,1094,0,0,0,0,999.0,ESCALATE
WRONG_ITEM_CLAIM,1853.79,False,0,1,2404.67,957,1,0,0,0,18.15000379472222,REQUEST_EVIDENCE
SHORTAGE_CLAIM,2404.38,False,0,0,1706.0,967,6,4,2,0,7.933335108611111,DENY
SHORTAGE_CLAIM,1051.27,False,0,0,2000.03,857,6,1,4,1,6.033334731111111,REQUEST_EVIDENCE
SHORTAGE_CLAIM,1299.73,True,1,0,449.89,576,7,2,4,0,14.300003044166667,APPROVE
SUBSTITUTED_RETURN_CLAIM,3861.38,True,1,1,1947.29,876,3,3,0,0,28.133339463333336,APPROVE
SHORTAGE_CLAIM,1441.96,True,1,1,5394.91,439,7,2,3,2,16.016670048888887,APPROVE
SHORTAGE_CLAIM,5206.05,True,1,0,1554.89,1408,5,3,1,0,9.450002082777777,ESCALATE
WRONG_ITEM_CLAIM,745.89,False,0,4,2786.15,609,5,2,3,0,22.033337905833335,REQUEST_EVIDENCE
WRONG_ITEM_CLAIM,4646.3,True,1,0,2955.83,244,4,1,1,2,0.833333701388889,APPROVE
NON_DELIVERY_CLAIM,2338.33,False,0,1,789.95,125,7,4,3,0,14.216669704166666,REQUEST_EVIDENCE
NON_DELIVERY_CLAIM,2250.65,False,0,0,1078.46,677,4,2,0,0,10.350002271666666,REQUEST_EVIDENCE
SHORTAGE_CLAIM,5360.63,True,1,0,330.71,411,3,1,2,0,29.216673151944445,ESCALATE
SUBSTITUTED_RETURN_CLAIM,422.24,False,0,0,1447.5,262,5,1,3,0,4.233334384722222,REQUEST_EVIDENCE
WRONG_ITEM_CLAIM,6168.8,True,1,1,4261.31,756,6,4,1,1,22.283337964722225,ESCALATE
SUBSTITUTED_RETURN_CLAIM,3140.07,True,1,0,1671.0,692,2,0,1,1,22.600004695277775,APPROVE
SUBSTITUTED_RETURN_CLAIM,1196.34,True,1,0,2532.09,1239,2,1,1,0,6.6666682108333335,APPROVE
SHORTAGE_CLAIM,613.91,True,1,1,2440.59,1441,4,1,3,0,2.300000673611111,APPROVE
NON_DELIVERY_CLAIM,367.22,True,1,0,2949.04,441,4,1,2,0,20.133337547222222,APPROVE
WRONG_ITEM_CLAIM,3552.36,False,0,0,1747.11,1494,9,3,3,3,11.566669190277777,REQUEST_EVIDENCE
WRONG_ITEM_CLAIM,1271.53,True,1,1,297.88,271,3,2,1,0,11.533335852222223,APPROVE
SUBSTITUTED_RETURN_CLAIM,5140.15,False,0,0,248.01,1180,5,4,1,0,5.533334656388889,REQUEST_EVIDENCE
SHORTAGE_CLAIM,1545.59,True,1,0,2962.05,1031,4,0,4,0,5.433334636388889,DENY
SHORTAGE_CLAIM,6108.14,False,0,0,1725.14,1305,2,1,1,0,26.40000563,REQUEST_EVIDENCE
NON_DELIVERY_CLAIM,318.54,True,1,0,2057.04,602,3,1,2,0,21.53333783138889,APPROVE
SHORTAGE_CLAIM,256.54,True,1,0,2524.22,520,3,1,2,0,12.183335987777777,APPROVE
SHORTAGE_CLAIM,938.64,True,1,0,1054.89,1432,3,2,1,0,62.96668087888889,DENY
SHORTAGE_CLAIM,4839.73,False,0,1,2967.82,857,9,5,4,0,15.666670011944445,REQUEST_EVIDENCE
SHORTAGE_CLAIM,4124.07,False,0,0,2579.39,1000,5,1,3,0,9.666668824166667,REQUEST_EVIDENCE
WRONG_ITEM_CLAIM,2001.94,True,1,1,1950.93,1366,5,2,3,0,3.6666676297222223,APPROVE
NON_DELIVERY_CLAIM,2010.76,False,0,0,1474.86,1003,7,4,1,1,4.166667729444445,REQUEST_EVIDENCE
SHORTAGE_CLAIM,5296.41,True,1,3,3601.78,1370,8,2,6,0,10.866669070277776,ESCALATE
SUBSTITUTED_RETURN_CLAIM,279.38,True,1,0,2417.82,62,3,0,1,0,38.46667584694444,APPROVE
NON_DELIVERY_CLAIM,5345.73,False,0,1,2292.48,481,5,3,2,0,17.783337101111112,REQUEST_EVIDENCE
SHORTAGE_CLAIM,1168.31,False,0,1,4440.31,1475,4,2,2,0,10.050002245277778,REQUEST_EVIDENCE
SHORTAGE_CLAIM,4089.63,True,1,0,2018.41,1406,6,3,3,0,1.2166671480555555,APPROVE
WRONG_ITEM_CLAIM,5058.54,False,0,4,3034.13,818,4,1,3,0,29.950006692222225,REQUEST_EVIDENCE
SHORTAGE_CLAIM,2478.85,True,1,2,1420.71,1310,4,0,3,0,4.800001195833333,APPROVE
NON_DELIVERY_CLAIM,2274.08,False,0,1,2993.99,542,2,1,1,0,24.083338372222222,REQUEST_EVIDENCE
SUBSTITUTED_RETURN_CLAIM,2767.99,True,1,1,6891.08,559,6,3,3,0,0.9333337641666666,APPROVE
NON_DELIVERY_CLAIM,562.33,False,0,1,588.3,1459,7,1,4,1,5.516668008888889,REQUEST_EVIDENCE
SHORTAGE_CLAIM,4598.06,True,1,2,2801.77,520,1,0,1,0,72.11668270333332,APPROVE
SHORTAGE_CLAIM,2062.0,True,1,1,147.87,324,6,2,4,0,15.483336663888888,APPROVE
WRONG_ITEM_CLAIM,1806.92,False,0,1,960.7,661,4,2,2,0,8.450001936388889,REQUEST_EVIDENCE
SHORTAGE_CLAIM,1717.79,False,0,0,1270.22,1347,3,0,3,0,1.1833338213888889,REQUEST_EVIDENCE
SUBSTITUTED_RETURN_CLAIM,3834.39,True,1,1,3625.21,1143,5,2,3,0,0.766666885,APPROVE
NON_DELIVERY_CLAIM,1667.22,True,1,1,2673.83,1413,5,4,1,0,11.050002458611111,APPROVE
NON_DELIVERY_CLAIM,109.88,True,1,1,5324.85,503,7,3,3,0,20.700004365555554,APPROVE
SHORTAGE_CLAIM,5258.27,True,1,4,4067.54,1449,3,1,1,0,7.516668423055556,ESCALATE
NON_DELIVERY_CLAIM,6948.66,True,1,2,2252.07,119,6,2,2,1,18.300003890555555,ESCALATE
WRONG_ITEM_CLAIM,177.83,False,0,0,1672.02,1474,1,0,1,0,65.31668137972223,REQUEST_EVIDENCE
NON_DELIVERY_CLAIM,5528.03,True,1,0,2819.73,107,5,1,3,0,1.9833339925,ESCALATE
NON_DELIVERY_CLAIM,2120.16,False,0,0,2111.28,1287,1,0,1,0,35.35000824805556,REQUEST_EVIDENCE
SUBSTITUTED_RETURN_CLAIM,2332.86,True,1,3,6481.9,1496,2,2,0,0,34.81667476027778,APPROVE
NON_DELIVERY_CLAIM,5319.84,True,1,0,1232.3,610,3,1,1,1,23.983338356944444,ESCALATE
SUBSTITUTED_RETURN_CLAIM,2628.75,False,0,0,15.09,1417,7,4,3,0,3.483334296666667,REQUEST_EVIDENCE
NON_DELIVERY_CLAIM,1803.16,False,0,0,2701.37,1002,2,1,1,0,19.866670881666668,REQUEST_EVIDENCE
SUBSTITUTED_RETURN_CLAIM,1078.51,True,1,0,1420.73,228,3,1,1,1,2.4666674305555554,APPROVE
SHORTAGE_CLAIM,101.76,True,1,0,1556.83,296,5,1,2,0,18.733337323055554,APPROVE
SHORTAGE_CLAIM,2488.28,False,0,0,2224.18,118,4,3,1,0,29.966673364166667,DENY
WRONG_ITEM_CLAIM,1490.58,False,0,1,361.62,190,2,1,1,0,21.11667113388889,REQUEST_EVIDENCE
SHORTAGE_CLAIM,2370.18,False,0,0,827.89,809,6,4,1,0,21.01667111638889,DENY
WRONG_ITEM_CLAIM,1488.51,False,0,1,525.19,618,8,3,3,2,1.4166672272222223,REQUEST_EVIDENCE
NON_DELIVERY_CLAIM,2726.65,True,1,0,708.46,727,1,1,0,0,62.26668079222222,APPROVE
WRONG_ITEM_CLAIM,2499.92,True,1,1,2986.42,640,4,2,0,0,13.666669671666668,APPROVE
NON_DELIVERY_CLAIM,291.17,True,1,1,6534.77,492,5,4,1,0,28.80000631777778,APPROVE
WRONG_ITEM_CLAIM,580.07,False,0,0,2211.35,1152,8,4,2,1,3.5833343308333334,REQUEST_EVIDENCE
WRONG_ITEM_CLAIM,2167.01,True,1,1,1165.41,663,6,3,3,0,12.750002826111112,APPROVE
SUBSTITUTED_RETURN_CLAIM,4505.8,False,0,0,1291.85,249,2,0,1,1,39.983343,REQUEST_EVIDENCE
SUBSTITUTED_RETURN_CLAIM,1617.66,True,1,1,2822.97,909,3,1,2,0,28.533339572777777,APPROVE
SHORTAGE_CLAIM,5352.09,False,0,0,2962.05,1031,5,0,4,0,0.8000002266666667,REQUEST_EVIDENCE
SHORTAGE_CLAIM,183.6,True,1,3,3287.03,662,4,2,2,0,40.283343065,APPROVE
NON_DELIVERY_CLAIM,4096.15,True,1,1,1116.04,1351,6,3,2,1,21.76667127972222,APPROVE
SHORTAGE_CLAIM,1787.91,True,1,1,2167.23,520,3,2,0,0,39.8833429875,APPROVE
NON_DELIVERY_CLAIM,3348.19,False,0,0,752.67,1301,2,0,2,0,5.516668058611112,REQUEST_EVIDENCE
SHORTAGE_CLAIM,563.32,True,1,1,416.38,1493,7,0,6,0,6.166668189444445,APPROVE
SHORTAGE_CLAIM,3606.02,False,0,0,180.33,1453,4,2,2,0,56.116679526944445,REQUEST_EVIDENCE
SHORTAGE_CLAIM,2528.28,True,1,1,4261.31,756,7,4,1,2,1.0500002983333332,DENY
SUBSTITUTED_RETURN_CLAIM,4910.87,True,1,0,2413.01,685,4,0,4,0,30.050006679166668,APPROVE
NON_DELIVERY_CLAIM,2414.97,True,1,0,1281.34,1449,8,1,4,0,2.2333340825,APPROVE
SHORTAGE_CLAIM,5489.44,False,0,0,2862.47,1034,5,3,1,0,8.900002078055556,REQUEST_EVIDENCE
SHORTAGE_CLAIM,3537.71,True,1,1,708.59,387,4,3,1,0,17.900003860833333,DENY
NON_DELIVERY_CLAIM,2106.5,True,1,4,4864.35,963,7,3,3,0,6.6333349622222215,APPROVE
SHORTAGE_CLAIM,1934.82,True,1,0,2234.12,962,4,2,2,0,10.366669039444446,DENY
WRONG_ITEM_CLAIM,8765.44,True,1,4,2730.14,542,5,1,3,0,19.06667076,ESCALATE
SHORTAGE_CLAIM,6307.21,True,1,1,375.12,773,3,0,1,1,8.933335424444444,ESCALATE
WRONG_ITEM_CLAIM,7257.94,False,0,0,1201.68,312,3,1,2,0,15.466670060555556,REQUEST_EVIDENCE
SHORTAGE_CLAIM,3926.86,False,0,1,2602.43,333,3,2,0,1,13.150002933611113,DENY
WRONG_ITEM_CLAIM,5739.42,False,0,1,2600.32,1404,2,0,1,1,3.966667771111111,REQUEST_EVIDENCE
SUBSTITUTED_RETURN_CLAIM,1769.35,True,1,1,6121.48,623,4,2,2,0,15.883336811944444,APPROVE
WRONG_ITEM_CLAIM,2302.71,False,0,3,5007.05,561,6,3,3,0,4.7166679233333335,REQUEST_EVIDENCE
WRONG_ITEM_CLAIM,2768.16,True,1,1,2937.77,1046,2,0,2,0,15.150003334722221,APPROVE
NON_DELIVERY_CLAIM,132.92,False,0,0,2527.63,1344,3,1,1,0,7.966668575555556,REQUEST_EVIDENCE
SUBSTITUTED_RETURN_CLAIM,2255.28,True,1,0,113.89,1192,3,2,0,1,30.433340160833335,APPROVE
SUBSTITUTED_RETURN_CLAIM,646.03,True,1,0,942.71,297,5,3,2,0,37.45000886361112,APPROVE
NON_DELIVERY_CLAIM,5819.84,True,1,1,1966.2,146,2,0,1,1,4.5833345691666665,ESCALATE
SUBSTITUTED_RETURN_CLAIM,894.54,False,0,0,2527.63,1344,4,1,2,0,0.066666685,REQUEST_EVIDENCE
SHORTAGE_CLAIM,2009.75,False,0,1,1650.48,344,5,2,2,1,21.333337895277776,REQUEST_EVIDENCE
WRONG_ITEM_CLAIM,1302.97,True,1,2,877.9,151,1,0,1,0,30.66667356138889,APPROVE
WRONG_ITEM_CLAIM,1678.58,False,0,0,1872.5,1079,4,2,2,0,14.5833365675,REQUEST_EVIDENCE
WRONG_ITEM_CLAIM,1469.72,False,0,0,444.77,1259,2,0,1,0,22.866671535,REQUEST_EVIDENCE
SUBSTITUTED_RETURN_CLAIM,928.29,False,0,0,1460.9,113,7,3,1,2,12.53333616527778,REQUEST_EVIDENCE
SHORTAGE_CLAIM,5605.81,False,0,1,2342.92,672,6,1,4,0,12.916669574444445,REQUEST_EVIDENCE
WRONG_ITEM_CLAIM,1579.97,True,1,1,2462.22,1296,2,0,2,0,25.850005521388887,APPROVE
WRONG_ITEM_CLAIM,272.41,False,0,2,4499.43,1444,3,2,1,0,24.150005127777778,REQUEST_EVIDENCE
SUBSTITUTED_RETURN_CLAIM,5015.8,True,1,0,1921.01,179,6,1,4,1,6.500001628611111,ESCALATE
SUBSTITUTED_RETURN_CLAIM,2041.39,True,1,0,2857.91,643,5,3,1,1,16.766670340277777,APPROVE
WRONG_ITEM_CLAIM,1294.28,False,0,0,1868.09,894,6,2,4,0,2.6833342086111114,REQUEST_EVIDENCE
NON_DELIVERY_CLAIM,5292.77,True,1,0,2900.37,1483,5,3,1,0,8.25000198638889,ESCALATE
WRONG_ITEM_CLAIM,792.52,False,0,1,5603.62,1156,5,4,0,1,12.916669584166666,REQUEST_EVIDENCE
WRONG_ITEM_CLAIM,3117.49,False,0,1,1649.99,1490,6,2,3,0,4.00000114,REQUEST_EVIDENCE
SHORTAGE_CLAIM,151.99,False,0,0,1505.47,718,4,2,2,0,21.45000460416667,REQUEST_EVIDENCE
WRONG_ITEM_CLAIM,5273.08,True,1,0,1423.84,898,8,2,6,0,15.783336825,ESCALATE
WRONG_ITEM_CLAIM,1134.33,True,1,1,2734.82,1264,2,1,1,0,36.01667509833334,APPROVE
SUBSTITUTED_RETURN_CLAIM,1464.36,True,1,0,2569.01,446,4,1,3,0,3.6666677463888893,APPROVE
SHORTAGE_CLAIM,930.44,False,0,0,1899.72,471,2,0,2,0,47.60001123138888,REQUEST_EVIDENCE
NON_DELIVERY_CLAIM,2226.96,False,0,0,1456.01,909,4,2,2,0,3.26666767,REQUEST_EVIDENCE
SHORTAGE_CLAIM,5625.34,True,1,4,2497.91,624,5,0,2,1,10.366669085555555,ESCALATE
NON_DELIVERY_CLAIM,1876.84,True,1,2,5909.3,1434,5,3,2,0,16.683337008055556,APPROVE
WRONG_ITEM_CLAIM,5003.89,False,0,3,5658.64,1369,2,0,1,1,33.20000762277778,REQUEST_EVIDENCE
NON_DELIVERY_CLAIM,2966.96,False,0,4,3614.4,1228,2,1,0,0,2.9833342849999998,REQUEST_EVIDENCE
SUBSTITUTED_RETURN_CLAIM,813.55,True,1,0,2018.41,285,3,2,1,0,32.66667413583333,APPROVE
NON_DELIVERY_CLAIM,1788.54,True,1,0,1102.8,303,2,0,2,0,6.250001601944444,APPROVE
SHORTAGE_CLAIM,4920.49,False,0,0,1145.31,878,3,1,0,0,12.716669565833332,DENY
NON_DELIVERY_CLAIM,6705.78,True,1,0,212.77,290,2,2,0,0,5.633334816666666,ESCALATE
SHORTAGE_CLAIM,4603.86,False,0,1,2263.65,1081,9,3,3,1,3.4666677219444444,REQUEST_EVIDENCE
SUBSTITUTED_RETURN_CLAIM,500.49,True,1,1,2916.22,1316,2,1,1,0,62.46668091861111,APPROVE
SUBSTITUTED_RETURN_CLAIM,5648.5,False,0,0,1272.93,619,5,0,5,0,33.00000756361111,REQUEST_EVIDENCE
WRONG_ITEM_CLAIM,5115.84,True,1,2,2413.85,590,3,1,2,0,9.233335539999999,ESCALATE
SHORTAGE_CLAIM,3864.35,True,1,1,760.01,1268,2,1,1,0,51.98334544916666,APPROVE
NON_DELIVERY_CLAIM,5780.21,True,1,0,2743.23,1105,5,1,1,1,6.200001603611112,ESCALATE
NON_DELIVERY_CLAIM,3181.18,False,0,4,1372.8,925,4,2,2,0,4.866668008055556,REQUEST_EVIDENCE
SHORTAGE_CLAIM,3639.33,True,1,0,722.49,873,4,1,3,0,16.800003717777777,DENY
WRONG_ITEM_CLAIM,2767.99,False,0,1,6891.08,559,7,4,3,0,1.5666671077777778,REQUEST_EVIDENCE
NON_DELIVERY_CLAIM,6102.09,True,1,4,3769.08,707,3,0,3,0,22.383338152500002,ESCALATE
WRONG_ITEM_CLAIM,2087.3,True,1,0,1982.17,623,4,1,3,0,15.266670084166668,APPROVE
WRONG_ITEM_CLAIM,6801.72,False,0,1,1181.39,187,4,1,3,0,6.050001581111111,REQUEST_EVIDENCE
WRONG_ITEM_CLAIM,429.69,False,0,2,1011.35,518,5,4,1,0,8.05000198361111,REQUEST_EVIDENCE
SHORTAGE_CLAIM,5378.51,False,0,1,919.49,1263,2,1,1,0,63.066681053055554,REQUEST_EVIDENCE
SUBSTITUTED_RETURN_CLAIM,1585.61,True,1,1,654.03,1258,5,2,3,0,8.500002075555557,APPROVE
NON_DELIVERY_CLAIM,1668.99,True,1,0,2817.46,452,4,3,1,0,7.016668445277777,APPROVE
NON_DELIVERY_CLAIM,1720.61,False,0,0,1691.87,674,4,1,3,0,10.316669108055555,REQUEST_EVIDENCE
SUBSTITUTED_RETURN_CLAIM,2430.35,True,1,1,444.04,942,3,0,2,1,5.83333488,APPROVE
SUBSTITUTED_RETURN_CLAIM,2028.93,True,1,1,220.59,697,5,2,3,0,21.35000462722222,APPROVE
WRONG_ITEM_CLAIM,4130.5,True,1,0,1476.17,558,4,1,1,1,16.000003574166666,APPROVE
SHORTAGE_CLAIM,275.91,False,0,0,82.05,1066,2,2,0,0,33.7666744475,REQUEST_EVIDENCE
SUBSTITUTED_RETURN_CLAIM,186.42,True,1,1,1966.2,146,3,0,1,2,0.8500002372222222,APPROVE
NON_DELIVERY_CLAIM,235.42,False,0,1,2986.42,640,5,3,0,0,1.38333372,REQUEST_EVIDENCE
WRONG_ITEM_CLAIM,8843.54,True,1,0,2973.26,1233,7,1,3,1,6.8666684261111115,ESCALATE
WRONG_ITEM_CLAIM,2202.15,True,1,1,2574.66,861,8,2,3,2,17.733337255,APPROVE
NON_DELIVERY_CLAIM,2366.47,False,0,1,359.93,425,3,2,1,0,43.51667714277778,REQUEST_EVIDENCE
NON_DELIVERY_CLAIM,2366.05,True,1,0,1682.66,447,2,1,1,0,15.250003436388887,APPROVE
WRONG_ITEM_CLAIM,2637.73,True,1,3,3787.71,1331,0,0,0,0,999.0,APPROVE
SUBSTITUTED_RETURN_CLAIM,3436.43,False,0,0,113.72,797,4,1,3,0,10.916669242777777,REQUEST_EVIDENCE
SUBSTITUTED_RETURN_CLAIM,2138.63,False,0,0,993.28,1018,5,3,2,0,23.58333841638889,REQUEST_EVIDENCE
NON_DELIVERY_CLAIM,2348.88,False,0,0,1526.21,820,5,2,3,0,3.333334398611111,REQUEST_EVIDENCE
WRONG_ITEM_CLAIM,1533.76,False,0,0,916.53,591,2,2,0,0,57.36667988111111,REQUEST_EVIDENCE
WRONG_ITEM_CLAIM,6466.76,False,0,3,5007.05,561,7,3,4,0,1.1166669772222222,REQUEST_EVIDENCE
NON_DELIVERY_CLAIM,1564.03,True,1,0,2537.9,338,5,2,2,1,6.516668368888889,APPROVE
SUBSTITUTED_RETURN_CLAIM,1102.89,True,1,1,2992.1,1135,5,4,1,0,3.6500011355555553,APPROVE
WRONG_ITEM_CLAIM,641.61,False,0,2,230.84,164,7,3,4,0,8.200002043333333,REQUEST_EVIDENCE
WRONG_ITEM_CLAIM,4918.8,False,0,0,505.91,1330,7,4,1,2,8.583335454444445,REQUEST_EVIDENCE
NON_DELIVERY_CLAIM,8033.44,False,0,0,1849.05,949,2,0,2,0,47.81667800472222,REQUEST_EVIDENCE
NON_DELIVERY_CLAIM,925.49,False,0,0,1078.46,677,5,2,1,0,2.5333340444444445,REQUEST_EVIDENCE
SUBSTITUTED_RETURN_CLAIM,887.89,False,0,0,2309.9,1081,5,2,3,0,6.433335027777777,REQUEST_EVIDENCE
SUBSTITUTED_RETURN_CLAIM,3516.83,True,1,1,2939.55,1211,4,2,2,0,14.066669885277777,APPROVE
NON_DELIVERY_CLAIM,3635.46,True,1,1,610.67,1141,3,3,0,0,14.183336576111111,APPROVE
SHORTAGE_CLAIM,9481.8,True,1,0,2461.28,974,4,1,3,0,51.9166788175,ESCALATE
SHORTAGE_CLAIM,4563.29,True,1,0,954.65,290,2,0,2,0,26.000005580555555,DENY
WRONG_ITEM_CLAIM,1549.92,False,0,0,1117.31,43,9,4,4,1,24.216671896111112,REQUEST_EVIDENCE
NON_DELIVERY_CLAIM,1891.5,True,1,1,2629.18,188,7,3,2,0,19.533337636111114,APPROVE
SHORTAGE_CLAIM,4408.61,False,0,1,2608.25,1173,5,2,2,0,4.1166679125,REQUEST_EVIDENCE
SHORTAGE_CLAIM,1523.56,False,0,1,352.04,374,6,3,2,0,8.51666878888889,REQUEST_EVIDENCE
SHORTAGE_CLAIM,1741.99,True,1,0,1379.26,1054,7,3,4,0,5.333334822222222,APPROVE
NON_DELIVERY_CLAIM,1957.48,True,1,0,1568.13,958,5,4,1,0,18.466670766666667,APPROVE
SHORTAGE_CLAIM,2015.05,False,0,0,508.75,818,3,2,0,1,5.950001615555556,DENY
SUBSTITUTED_RETURN_CLAIM,1190.65,False,0,1,2298.85,1107,4,1,2,0,11.133335983333334,REQUEST_EVIDENCE
SHORTAGE_CLAIM,4618.65,True,1,1,1650.3,834,2,0,2,0,19.850004375277777,DENY
SUBSTITUTED_RETURN_CLAIM,2486.59,True,1,2,432.23,1000,6,1,3,0,8.266668747777778,APPROVE
SHORTAGE_CLAIM,3195.63,False,0,1,2012.61,1319,2,1,1,0,24.63333865722222,DENY
SHORTAGE_CLAIM,5120.88,False,0,2,1147.44,996,5,1,4,0,4.800001392222223,REQUEST_EVIDENCE
SUBSTITUTED_RETURN_CLAIM,622.85,True,1,0,2477.12,848,3,1,2,0,25.416672147777778,APPROVE
SUBSTITUTED_RETURN_CLAIM,517.42,True,1,1,2804.74,725,2,0,2,0,4.266667956388889,APPROVE
SUBSTITUTED_RETURN_CLAIM,5430.29,False,0,1,181.47,892,1,0,1,0,63.26668115333333,REQUEST_EVIDENCE
WRONG_ITEM_CLAIM,2636.62,False,0,1,2018.9,283,3,2,1,0,40.633343108888894,REQUEST_EVIDENCE
SHORTAGE_CLAIM,2469.65,False,0,0,1858.97,136,2,1,1,0,8.700002176388889,DENY
NON_DELIVERY_CLAIM,2143.62,False,0,0,2868.83,1026,5,1,3,0,6.633335098055555,REQUEST_EVIDENCE
SUBSTITUTED_RETURN_CLAIM,1413.6,False,0,0,1476.17,558,5,2,1,1,0.7166668666666667,REQUEST_EVIDENCE
WRONG_ITEM_CLAIM,2451.86,False,0,0,343.38,596,7,2,3,2,21.400004697777778,REQUEST_EVIDENCE
NON_DELIVERY_CLAIM,2004.08,False,0,4,5784.57,267,1,0,0,0,75.50001691194446,REQUEST_EVIDENCE
SUBSTITUTED_RETURN_CLAIM,2059.56,False,0,1,1546.15,967,1,1,0,0,61.350014072777775,REQUEST_EVIDENCE
NON_DELIVERY_CLAIM,774.58,True,1,1,853.31,1067,4,1,3,0,7.500001941944444,APPROVE
SHORTAGE_CLAIM,4980.62,True,1,0,1460.9,113,8,3,2,2,1.5166670894444443,DENY
SUBSTITUTED_RETURN_CLAIM,3563.03,True,1,1,1563.34,205,8,3,4,1,5.566668231666667,APPROVE
NON_DELIVERY_CLAIM,1569.63,True,1,0,2250.51,675,4,2,1,1,10.150002479722223,APPROVE
SHORTAGE_CLAIM,4040.19,True,1,1,1707.31,1471,2,0,2,0,4.400001336944444,APPROVE
SUBSTITUTED_RETURN_CLAIM,4844.58,False,0,1,2803.3,801,6,4,2,0,10.6666692525,REQUEST_EVIDENCE
SUBSTITUTED_RETURN_CLAIM,2175.87,False,0,2,985.37,589,3,1,1,1,4.766668078055555,REQUEST_EVIDENCE
SUBSTITUTED_RETURN_CLAIM,2342.0,False,0,1,1936.96,89,5,1,2,0,12.33333625111111,REQUEST_EVIDENCE
WRONG_ITEM_CLAIM,2053.12,False,0,0,886.67,1052,7,2,3,0,4.183334628888889,REQUEST_EVIDENCE
SUBSTITUTED_RETURN_CLAIM,6148.53,False,0,1,3535.58,1018,3,1,1,1,26.366672362777777,REQUEST_EVIDENCE
NON_DELIVERY_CLAIM,4042.88,True,1,0,1058.69,661,4,1,3,0,10.716669268611112,APPROVE
SUBSTITUTED_RETURN_CLAIM,4996.71,False,0,3,2143.16,65,2,1,0,0,13.350003131111112,REQUEST_EVIDENCE
SHORTAGE_CLAIM,3953.97,False,0,1,610.67,1141,4,4,0,0,0.6166668413888889,REQUEST_EVIDENCE
NON_DELIVERY_CLAIM,4419.61,True,1,0,437.83,1258,5,2,1,1,5.533334909722222,APPROVE
SHORTAGE_CLAIM,2238.86,True,1,1,444.04,942,4,1,2,1,1.0500002986111112,APPROVE
SUBSTITUTED_RETURN_CLAIM,3811.22,True,1,1,2779.82,185,3,2,0,1,8.300002127222221,APPROVE
SUBSTITUTED_RETURN_CLAIM,1214.76,True,1,2,7522.46,1124,5,1,4,0,32.66667412611111,APPROVE
SUBSTITUTED_RETURN_CLAIM,2926.84,False,0,0,1859.27,728,2,1,1,0,53.95001261805555,REQUEST_EVIDENCE
SUBSTITUTED_RETURN_CLAIM,3133.51,False,0,0,2814.27,1004,7,2,3,2,19.500004358333335,REQUEST_EVIDENCE
SHORTAGE_CLAIM,3113.47,True,1,0,287.75,419,1,0,1,0,70.85001603027777,DENY
NON_DELIVERY_CLAIM,2040.76,True,1,1,1360.3,934,7,3,2,1,5.516668249166667,APPROVE
NON_DELIVERY_CLAIM,2659.01,False,0,0,1284.44,155,4,1,3,0,21.58333810638889,REQUEST_EVIDENCE
WRONG_ITEM_CLAIM,2486.63,False,0,0,2999.86,1012,9,4,3,1,18.016670740555558,REQUEST_EVIDENCE
WRONG_ITEM_CLAIM,2312.14,True,1,0,501.14,257,6,2,3,0,37.96667565138889,APPROVE
NON_DELIVERY_CLAIM,6588.25,True,1,2,2709.38,89,7,2,4,0,14.850003448055555,ESCALATE
SHORTAGE_CLAIM,1992.84,False,0,1,3875.66,793,9,3,4,0,6.300001745277777,DENY
SHORTAGE_CLAIM,173.62,True,1,0,1540.06,1165,9,4,3,2,9.966669146111112,DENY
SUBSTITUTED_RETURN_CLAIM,181.87,False,0,0,82.05,1066,3,2,1,0,1.2166670119444443,REQUEST_EVIDENCE
NON_DELIVERY_CLAIM,3512.68,False,0,0,1681.46,639,8,3,5,0,4.6833347608333336,REQUEST_EVIDENCE
SUBSTITUTED_RETURN_CLAIM,2097.87,False,0,4,3034.13,818,5,1,4,0,3.0666675316666665,REQUEST_EVIDENCE
NON_DELIVERY_CLAIM,3149.27,False,0,1,2440.59,1441,5,2,3,0,3.4000009583333335,REQUEST_EVIDENCE
SHORTAGE_CLAIM,305.83,True,1,0,1807.57,1448,5,2,2,0,5.316668268055556,DENY
SUBSTITUTED_RETURN_CLAIM,416.97,True,1,0,2710.76,1279,2,0,2,0,9.783335826388887,APPROVE
SUBSTITUTED_RETURN_CLAIM,6060.29,False,0,0,2012.93,1079,7,3,3,0,6.516668508333333,REQUEST_EVIDENCE
SHORTAGE_CLAIM,2926.16,True,1,0,2237.92,1041,4,2,2,0,4.600001461111112,APPROVE
SUBSTITUTED_RETURN_CLAIM,6809.95,False,0,0,443.23,1288,4,2,1,1,43.566677309444444,REQUEST_EVIDENCE
NON_DELIVERY_CLAIM,2358.31,False,0,1,1942.11,581,5,1,4,0,15.933337058333333,REQUEST_EVIDENCE
WRONG_ITEM_CLAIM,1502.61,False,0,0,1511.24,649,6,1,3,1,14.366670082777778,REQUEST_EVIDENCE
SHORTAGE_CLAIM,3229.8,False,0,0,1593.19,218,1,1,0,0,74.73335019472222,REQUEST_EVIDENCE
SUBSTITUTED_RETURN_CLAIM,1666.18,False,0,1,1646.41,1474,2,1,0,1,26.78333920111111,REQUEST_EVIDENCE
NON_DELIVERY_CLAIM,2528.3,True,1,2,6719.24,1251,3,2,1,0,5.200001591666667,APPROVE
SUBSTITUTED_RETURN_CLAIM,2811.1,False,0,1,4742.58,360,5,1,4,0,3.933334490833333,REQUEST_EVIDENCE
SUBSTITUTED_RETURN_CLAIM,3855.83,False,0,4,7019.74,1279,3,0,3,0,24.783338811944446,REQUEST_EVIDENCE
SHORTAGE_CLAIM,378.64,False,0,0,2237.92,1041,5,3,2,0,0.15000004777777778,REQUEST_EVIDENCE
WRONG_ITEM_CLAIM,1170.1,False,0,3,1723.01,324,5,0,4,0,10.916669409444445,REQUEST_EVIDENCE
NON_DELIVERY_CLAIM,6109.77,False,0,0,2914.88,611,6,4,2,0,43.28334394444445,REQUEST_EVIDENCE
WRONG_ITEM_CLAIM,2090.41,True,1,2,2248.0,883,5,1,2,0,6.316668501666666,APPROVE
WRONG_ITEM_CLAIM,4073.72,False,0,1,2456.85,1075,4,1,2,0,35.70000838972222,REQUEST_EVIDENCE
WRONG_ITEM_CLAIM,5762.27,False,0,0,2233.77,796,2,0,2,0,9.116669074166667,REQUEST_EVIDENCE
SUBSTITUTED_RETURN_CLAIM,3398.63,False,0,1,2189.88,1077,8,5,3,0,9.41666914,REQUEST_EVIDENCE
WRONG_ITEM_CLAIM,2976.86,True,1,1,2600.32,1404,3,0,2,1,2.5500007916666667,APPROVE
NON_DELIVERY_CLAIM,2924.43,True,1,4,4852.42,1328,5,2,3,0,28.366672965833335,APPROVE
SUBSTITUTED_RETURN_CLAIM,2179.98,False,0,0,1930.81,1254,5,0,4,0,15.166670292777779,REQUEST_EVIDENCE
SHORTAGE_CLAIM,2180.88,False,0,0,1990.84,546,4,2,2,0,21.85000494222222,REQUEST_EVIDENCE
SHORTAGE_CLAIM,364.51,False,0,0,1491.82,858,5,2,2,1,24.833338870833334,DENY
NON_DELIVERY_CLAIM,4716.01,False,0,0,1460.9,113,9,3,2,2,0.9000003352777777,REQUEST_EVIDENCE
WRONG_ITEM_CLAIM,7141.26,True,1,0,1390.28,525,6,1,4,1,5.166668306111111,ESCALATE
SHORTAGE_CLAIM,1368.16,True,1,0,1111.13,270,4,1,3,0,17.55000410638889,APPROVE
SHORTAGE_CLAIM,2168.95,True,1,0,599.0,1005,3,0,3,0,16.45000389138889,APPROVE
WRONG_ITEM_CLAIM,7808.09,True,1,2,2257.05,1487,6,5,1,0,28.63333970805556,ESCALATE
NON_DELIVERY_CLAIM,408.85,True,1,0,577.64,241,4,1,1,0,25.566672359722222,APPROVE
SUBSTITUTED_RETURN_CLAIM,5264.36,False,0,0,143.27,473,0,0,0,0,999.0,REQUEST_EVIDENCE
SUBSTITUTED_RETURN_CLAIM,5956.45,False,0,1,2067.93,1190,7,3,1,1,16.466670567222224,REQUEST_EVIDENCE
WRONG_ITEM_CLAIM,7309.77,False,0,0,1570.07,1016,6,2,1,1,15.56667038888889,REQUEST_EVIDENCE
NON_DELIVERY_CLAIM,4438.22,False,0,1,3535.58,1018,4,1,2,1,0.916667006388889,REQUEST_EVIDENCE
WRONG_ITEM_CLAIM,2065.6,False,0,2,1743.23,372,5,1,3,1,25.00000558777778,REQUEST_EVIDENCE
NON_DELIVERY_CLAIM,2411.18,True,1,2,2413.85,590,4,1,2,1,2.150000685277778,APPROVE
NON_DELIVERY_CLAIM,5278.97,True,1,1,1360.3,934,8,4,2,1,0.7833336325,ESCALATE
WRONG_ITEM_CLAIM,1398.28,False,0,2,1881.68,463,2,0,2,0,9.316669149444444,REQUEST_EVIDENCE
SHORTAGE_CLAIM,1603.84,True,1,1,2521.92,1435,7,3,3,0,25.43333901222222,APPROVE
NON_DELIVERY_CLAIM,5600.91,False,0,1,2470.02,295,4,4,0,0,29.200006526666666,REQUEST_EVIDENCE
WRONG_ITEM_CLAIM,8440.23,True,1,4,3470.4,1125,7,5,2,0,9.250002471666667,ESCALATE
NON_DELIVERY_CLAIM,2718.48,True,1,1,2637.72,942,8,3,4,1,6.783335318611111,APPROVE
NON_DELIVERY_CLAIM,4040.04,False,0,1,1508.72,990,0,0,0,0,999.0,REQUEST_EVIDENCE
NON_DELIVERY_CLAIM,117.93,False,0,0,315.67,474,3,0,1,0,17.93333754083333,REQUEST_EVIDENCE
WRONG_ITEM_CLAIM,6948.62,True,1,1,4234.3,642,2,0,0,1,10.483336060833333,ESCALATE
SHORTAGE_CLAIM,3072.32,False,0,1,1368.62,216,2,0,2,0,17.800004184722223,DENY
SHORTAGE_CLAIM,296.73,False,0,3,1723.01,324,6,0,5,0,0.5500001830555555,DENY
SHORTAGE_CLAIM,2846.45,False,0,0,1772.25,371,1,0,0,0,55.38334639972222,REQUEST_EVIDENCE
WRONG_ITEM_CLAIM,6905.39,False,0,0,2772.64,654,3,1,1,0,9.200002473333335,REQUEST_EVIDENCE
WRONG_ITEM_CLAIM,3408.62,False,0,0,1537.93,1239,7,2,5,0,12.00000303611111,REQUEST_EVIDENCE
SHORTAGE_CLAIM,115.39,False,0,0,1111.13,270,5,2,3,0,0.40000011416666664,DENY
SHORTAGE_CLAIM,6915.67,False,0,0,948.72,467,1,0,1,0,30.38334016972222,DENY
NON_DELIVERY_CLAIM,2285.9,True,1,0,27.57,684,3,1,2,0,43.51667740166667,APPROVE
SUBSTITUTED_RETURN_CLAIM,1739.22,True,1,1,2267.73,40,1,0,1,0,58.11668027694444,APPROVE
NON_DELIVERY_CLAIM,1394.08,False,0,0,1715.77,542,7,3,4,0,15.350003714166666,REQUEST_EVIDENCE
NON_DELIVERY_CLAIM,1891.03,True,1,0,2438.34,188,4,3,1,0,16.11667053138889,APPROVE
SUBSTITUTED_RETURN_CLAIM,1549.7,True,1,3,3787.71,1331,1,1,0,0,2.100000674722222,APPROVE
WRONG_ITEM_CLAIM,2145.94,True,1,0,109.66,1102,3,1,2,0,8.15000227888889,APPROVE
WRONG_ITEM_CLAIM,1691.88,False,0,0,27.57,684,4,2,2,0,0.10000002944444444,REQUEST_EVIDENCE
SUBSTITUTED_RETURN_CLAIM,5485.62,True,1,0,2947.14,1282,6,5,1,0,10.233336032222223,ESCALATE
NON_DELIVERY_CLAIM,1162.72,True,1,0,1899.72,471,3,0,3,0,2.783334198888889,APPROVE
NON_DELIVERY_CLAIM,8875.04,False,0,0,2703.23,212,5,4,1,0,7.600002176111111,REQUEST_EVIDENCE
SUBSTITUTED_RETURN_CLAIM,3697.47,True,1,1,939.22,1161,2,1,1,0,53.38334602444445,APPROVE
NON_DELIVERY_CLAIM,4537.23,True,1,0,586.22,1376,4,0,4,0,8.800002416666667,APPROVE
SUBSTITUTED_RETURN_CLAIM,1518.0,True,1,0,1817.86,1344,4,4,0,0,7.850002231944444,APPROVE
SUBSTITUTED_RETURN_CLAIM,520.4,True,1,0,2225.08,518,4,3,1,0,5.1000016850000005,APPROVE
SUBSTITUTED_RETURN_CLAIM,1477.73,False,0,2,2927.9,734,8,4,1,0,14.983336992222222,REQUEST_EVIDENCE
NON_DELIVERY_CLAIM,2299.71,True,1,1,520.95,129,1,0,1,0,31.95000728305556,APPROVE
WRONG_ITEM_CLAIM,1147.66,True,1,0,939.81,724,8,5,2,0,30.03334009,APPROVE
SHORTAGE_CLAIM,2343.64,True,1,0,2021.02,706,5,3,2,0,11.366669607499999,APPROVE
SHORTAGE_CLAIM,5403.77,True,1,2,1925.08,533,0,0,0,0,999.0,DENY
NON_DELIVERY_CLAIM,2134.94,True,1,0,1764.93,838,3,0,3,0,34.61667475861111,APPROVE
WRONG_ITEM_CLAIM,4090.27,False,0,1,321.97,468,3,2,1,0,46.83334474972222,REQUEST_EVIDENCE
NON_DELIVERY_CLAIM,5909.93,False,0,1,1724.72,1223,3,2,1,0,22.116671740833336,REQUEST_EVIDENCE
WRONG_ITEM_CLAIM,875.29,True,1,0,1899.72,471,4,1,3,0,0.2333334011111111,APPROVE
WRONG_ITEM_CLAIM,1011.82,False,0,1,1395.76,1224,4,0,4,0,8.933335795,REQUEST_EVIDENCE
SHORTAGE_CLAIM,2273.43,True,1,0,2064.72,1472,4,2,2,0,5.783335169444444,APPROVE
WRONG_ITEM_CLAIM,1654.86,True,1,1,1619.8,1160,10,6,4,0,13.566670056666666,APPROVE
SHORTAGE_CLAIM,407.65,True,1,0,319.65,198,6,4,2,0,17.18333744638889,APPROVE
NON_DELIVERY_CLAIM,1410.46,False,0,1,708.59,387,5,3,1,0,3.666667781111111,REQUEST_EVIDENCE
NON_DELIVERY_CLAIM,3345.92,True,1,1,362.41,1313,2,0,2,0,49.816678683611116,APPROVE
NON_DELIVERY_CLAIM,3490.31,True,1,0,2777.07,430,4,1,3,0,12.683336553333334,APPROVE
WRONG_ITEM_CLAIM,5648.65,True,1,0,68.24,1301,6,3,2,0,16.41667063138889,ESCALATE
NON_DELIVERY_CLAIM,1371.77,True,1,0,0.51,273,5,3,1,1,12.750003235555555,APPROVE
SHORTAGE_CLAIM,419.84,False,0,1,699.0,287,3,2,1,0,32.450007425555555,DENY
NON_DELIVERY_CLAIM,1507.62,True,1,1,3876.01,1295,4,2,2,0,9.7333359675,APPROVE
SUBSTITUTED_RETURN_CLAIM,764.8,True,1,1,2829.16,206,4,4,0,0,12.166669789166667,APPROVE
WRONG_ITEM_CLAIM,7926.96,True,1,2,2413.85,590,5,2,2,1,0.8666669147222222,ESCALATE
WRONG_ITEM_CLAIM,785.24,False,0,0,306.82,1305,2,0,2,0,36.30000857888889,REQUEST_EVIDENCE
SHORTAGE_CLAIM,2030.15,True,1,1,1576.43,1072,4,1,2,1,7.100002116944444,APPROVE
WRONG_ITEM_CLAIM,6212.3,False,0,2,514.81,101,3,0,0,2,28.516673039722225,REQUEST_EVIDENCE
SHORTAGE_CLAIM,1565.42,False,0,0,2668.09,1034,3,2,1,0,19.75000463861111,DENY
SUBSTITUTED_RETURN_CLAIM,4957.65,False,0,2,667.66,311,3,0,3,0,32.38334073916666,REQUEST_EVIDENCE
WRONG_ITEM_CLAIM,3057.19,True,1,1,2804.74,725,3,1,2,0,2.216667378611111,APPROVE
WRONG_ITEM_CLAIM,5597.87,False,0,0,1885.71,64,5,2,3,0,30.66667359638889,REQUEST_EVIDENCE
SUBSTITUTED_RETURN_CLAIM,1033.99,False,0,1,529.82,1167,3,3,0,0,34.11667461416667,REQUEST_EVIDENCE
WRONG_ITEM_CLAIM,2256.86,True,1,2,594.8,835,5,3,1,1,33.700007785,APPROVE
SHORTAGE_CLAIM,2143.2,False,0,0,1391.26,695,1,1,0,0,24.80000564138889,REQUEST_EVIDENCE
SHORTAGE_CLAIM,2002.08,False,0,0,2947.14,1282,7,5,1,1,0.6500001855555556,DENY
WRONG_ITEM_CLAIM,350.99,False,0,4,4223.44,239,6,4,2,0,22.11667177777778,REQUEST_EVIDENCE
NON_DELIVERY_CLAIM,4309.2,False,0,1,1437.06,272,4,3,1,0,6.9000020936111115,REQUEST_EVIDENCE
WRONG_ITEM_CLAIM,1306.95,False,0,1,1813.32,91,6,5,1,0,7.116668804722223,REQUEST_EVIDENCE
NON_DELIVERY_CLAIM,808.12,False,0,0,1976.67,1159,2,1,1,0,57.633346921944444,REQUEST_EVIDENCE
SHORTAGE_CLAIM,3619.84,True,1,1,2376.72,43,4,1,3,0,29.950006748055554,APPROVE
NON_DELIVERY_CLAIM,1694.08,False,0,0,1921.01,179,7,1,4,2,3.6833344547222224,REQUEST_EVIDENCE
NON_DELIVERY_CLAIM,3692.36,True,1,2,2252.07,119,7,2,2,2,4.633334722777779,APPROVE
SHORTAGE_CLAIM,3006.58,True,1,2,981.87,220,2,1,0,1,42.16667695222222,DENY
SHORTAGE_CLAIM,1515.8,False,0,0,2477.12,848,4,2,2,0,2.466667448611111,DENY
SHORTAGE_CLAIM,3497.68,True,1,1,7372.72,761,2,0,2,0,28.65000641388889,APPROVE
SHORTAGE_CLAIM,5062.42,False,0,1,2764.6,1017,4,1,2,1,22.600005219166665,REQUEST_EVIDENCE
SUBSTITUTED_RETURN_CLAIM,2944.07,False,0,1,1077.78,1293,3,1,2,0,7.116668814722222,REQUEST_EVIDENCE
SUBSTITUTED_RETURN_CLAIM,2539.71,False,0,0,2921.77,1446,3,0,2,0,16.283337311944447,REQUEST_EVIDENCE
WRONG_ITEM_CLAIM,6655.77,False,0,2,1389.01,1130,5,1,3,0,8.466669084166666,REQUEST_EVIDENCE
SUBSTITUTED_RETURN_CLAIM,2961.81,True,1,0,2597.86,724,8,3,3,1,10.233336101388888,APPROVE
SHORTAGE_CLAIM,1859.03,True,1,0,1556.83,296,6,2,2,0,4.633334716388889,DENY
SUBSTITUTED_RETURN_CLAIM,1846.26,False,0,1,2992.1,1135,6,5,1,0,2.966667583611111,REQUEST_EVIDENCE
SHORTAGE_CLAIM,615.95,False,0,0,1526.21,820,6,2,4,0,3.050000939722222,REQUEST_EVIDENCE
SHORTAGE_CLAIM,2671.66,True,1,0,2524.22,520,4,2,2,0,5.2333348852777775,APPROVE
SUBSTITUTED_RETURN_CLAIM,4623.16,False,0,0,1431.36,1409,4,2,0,2,13.950003518055556,REQUEST_EVIDENCE
NON_DELIVERY_CLAIM,692.04,True,1,0,41.63,768,2,0,2,0,33.98334119222222,APPROVE
SUBSTITUTED_RETURN_CLAIM,5201.82,False,0,1,263.39,822,5,2,2,1,14.516670297500001,REQUEST_EVIDENCE
WRONG_ITEM_CLAIM,526.56,True,1,0,2517.67,1122,1,1,0,0,77.95001769277778,APPROVE
NON_DELIVERY_CLAIM,1703.96,False,0,0,403.46,971,6,5,1,0,11.100002954166666,REQUEST_EVIDENCE
SHORTAGE_CLAIM,417.06,False,0,2,2311.1,300,3,1,2,0,39.05000935555555,DENY
WRONG_ITEM_CLAIM,5035.72,False,0,1,2084.34,440,5,4,1,0,8.8166691675,REQUEST_EVIDENCE
SHORTAGE_CLAIM,4266.3,True,1,1,2167.23,520,4,3,0,0,4.566668026388888,DENY
NON_DELIVERY_CLAIM,4553.31,False,0,0,2111.01,622,7,4,3,0,6.45000202861111,REQUEST_EVIDENCE
NON_DELIVERY_CLAIM,4478.56,False,0,4,7019.74,1279,4,0,4,0,1.9333339069444444,REQUEST_EVIDENCE
SUBSTITUTED_RETURN_CLAIM,1104.36,True,1,2,1133.21,1193,6,1,3,1,14.283336925833332,APPROVE
SHORTAGE_CLAIM,1132.19,False,0,1,2977.46,1202,5,3,0,1,18.183337704166668,REQUEST_EVIDENCE
SUBSTITUTED_RETURN_CLAIM,2785.16,False,0,2,1187.88,1164,1,0,1,0,10.800002899166666,REQUEST_EVIDENCE
NON_DELIVERY_CLAIM,1517.17,False,0,1,64.06,249,2,0,1,0,11.700003081111111,REQUEST_EVIDENCE
SHORTAGE_CLAIM,1629.4,True,1,0,1792.18,195,5,1,3,0,9.266669262222221,APPROVE
SHORTAGE_CLAIM,4359.46,True,1,1,4996.81,774,4,2,2,0,7.083335497777778,APPROVE
WRONG_ITEM_CLAIM,2060.63,False,0,1,85.12,1219,1,1,0,0,67.83334904027778,REQUEST_EVIDENCE
NON_DELIVERY_CLAIM,983.49,True,1,4,7591.04,828,4,2,1,1,23.51667209083333,APPROVE
NON_DELIVERY_CLAIM,1847.39,False,0,0,2835.58,866,4,4,0,0,18.550004450555555,REQUEST_EVIDENCE
NON_DELIVERY_CLAIM,1759.54,True,1,2,1391.28,215,4,1,2,1,10.933336265,APPROVE
SUBSTITUTED_RETURN_CLAIM,3149.49,True,1,1,1677.34,1230,4,2,2,0,9.066669229444443,APPROVE
SHORTAGE_CLAIM,1187.68,True,1,1,278.85,49,4,2,1,0,6.0666684477777775,APPROVE
WRONG_ITEM_CLAIM,4056.44,False,0,0,813.93,441,3,1,2,0,11.36666969,REQUEST_EVIDENCE
SUBSTITUTED_RETURN_CLAIM,2460.63,False,0,1,1873.72,184,5,2,3,0,12.533336590277777,REQUEST_EVIDENCE
SUBSTITUTED_RETURN_CLAIM,758.91,True,1,1,359.93,425,4,2,2,0,3.5666677405555554,APPROVE
SUBSTITUTED_RETURN_CLAIM,1489.52,False,0,1,1327.74,908,4,2,1,1,18.483337778055553,REQUEST_EVIDENCE
SUBSTITUTED_RETURN_CLAIM,3623.7,False,0,1,2834.96,1345,5,0,4,1,6.633335415555555,REQUEST_EVIDENCE
SUBSTITUTED_RETURN_CLAIM,2323.16,False,0,0,577.64,241,5,2,1,0,1.9333338641666666,REQUEST_EVIDENCE
WRONG_ITEM_CLAIM,2937.83,True,1,0,2021.02,706,6,4,2,0,1.2833336769444446,APPROVE
SHORTAGE_CLAIM,1797.12,True,1,1,4261.31,756,8,4,1,2,4.866668099722222,APPROVE
WRONG_ITEM_CLAIM,2085.74,False,0,0,948.72,467,2,0,1,0,1.6166671063888889,REQUEST_EVIDENCE
SHORTAGE_CLAIM,3925.47,True,1,3,5920.91,866,4,1,2,0,13.116670045833333,APPROVE
NON_DELIVERY_CLAIM,2022.97,False,0,1,1250.77,838,4,1,1,0,28.166673025833333,REQUEST_EVIDENCE
NON_DELIVERY_CLAIM,924.16,True,1,0,2868.83,1026,6,1,4,0,3.116667610555556,APPROVE
WRONG_ITEM_CLAIM,6181.56,False,0,1,2937.77,1046,3,1,2,0,4.716668055833334,REQUEST_EVIDENCE
SUBSTITUTED_RETURN_CLAIM,1877.11,True,1,0,244.22,139,6,2,4,0,33.81667445666667,APPROVE
SUBSTITUTED_RETURN_CLAIM,719.14,False,0,0,2991.05,1017,8,3,4,0,21.633338407500002,REQUEST_EVIDENCE
NON_DELIVERY_CLAIM,967.73,False,0,0,2668.27,652,5,1,2,1,8.466669124166668,REQUEST_EVIDENCE
SHORTAGE_CLAIM,511.31,False,0,0,1537.93,1239,8,2,6,0,1.7833338158333332,REQUEST_EVIDENCE
SHORTAGE_CLAIM,3552.34,False,0,0,1390.28,525,7,1,4,2,2.2000006013888886,DENY
WRONG_ITEM_CLAIM,1564.41,True,1,0,2716.88,1251,3,2,1,0,23.28333873361111,APPROVE
WRONG_ITEM_CLAIM,410.23,True,1,1,3875.66,793,10,3,4,0,2.7500008319444444,APPROVE
WRONG_ITEM_CLAIM,1541.56,False,0,0,1659.93,446,3,2,0,0,16.883337475833333,REQUEST_EVIDENCE
SHORTAGE_CLAIM,7959.24,True,1,0,2082.0,1431,7,2,1,1,15.300003823611112,DENY
SUBSTITUTED_RETURN_CLAIM,2177.15,True,1,0,2198.87,770,4,1,1,1,19.98333808972222,APPROVE
SUBSTITUTED_RETURN_CLAIM,2081.64,True,1,2,5852.54,244,4,1,2,0,17.383337576666666,APPROVE
NON_DELIVERY_CLAIM,2198.31,False,0,1,242.88,1444,2,1,1,0,44.83334445916667,REQUEST_EVIDENCE
SHORTAGE_CLAIM,1467.88,True,1,0,364.09,624,8,2,4,0,14.583337021111111,DENY
SUBSTITUTED_RETURN_CLAIM,1944.28,False,0,1,4440.31,1475,5,2,3,0,5.900001717777778,REQUEST_EVIDENCE
SHORTAGE_CLAIM,992.89,True,1,1,1813.32,91,7,5,2,0,1.1000002822222223,DENY
NON_DELIVERY_CLAIM,3385.97,False,0,0,715.72,1294,10,4,5,0,7.450002268333333,REQUEST_EVIDENCE
SHORTAGE_CLAIM,1081.44,True,1,0,1111.13,270,6,2,3,0,1.9833338666666667,DENY
SUBSTITUTED_RETURN_CLAIM,2765.46,True,1,2,5852.54,244,5,2,2,0,0.1166666963888889,APPROVE
NON_DELIVERY_CLAIM,2447.37,True,1,1,1181.39,187,5,1,4,0,4.2833345947222226,APPROVE
SHORTAGE_CLAIM,2912.4,False,0,1,2257.39,648,4,1,2,0,41.550010054999994,REQUEST_EVIDENCE
SHORTAGE_CLAIM,1751.23,False,0,1,147.09,1367,7,2,4,1,7.300002240833333,REQUEST_EVIDENCE
SHORTAGE_CLAIM,1892.31,False,0,1,1221.02,1025,5,3,2,0,36.68334197805556,DENY
SUBSTITUTED_RETURN_CLAIM,6613.46,False,0,2,1525.62,1381,3,0,3,0,14.850003749166667,REQUEST_EVIDENCE
WRONG_ITEM_CLAIM,3735.22,False,0,0,1881.49,123,2,1,1,0,47.58334501444445,REQUEST_EVIDENCE
SHORTAGE_CLAIM,4694.43,True,1,1,2996.46,1183,5,2,2,0,19.700004715,APPROVE
SHORTAGE_CLAIM,2189.25,False,0,0,2406.5,1011,3,0,0,1,51.38334576416667,DENY
WRONG_ITEM_CLAIM,3135.07,True,1,1,2189.88,1077,9,5,4,0,2.6833340644444443,APPROVE
WRONG_ITEM_CLAIM,1697.84,False,0,3,4119.67,1296,3,0,1,1,49.350012030277774,REQUEST_EVIDENCE
SHORTAGE_CLAIM,3554.51,True,1,0,2563.05,1495,2,0,1,1,50.900012339166665,APPROVE
WRONG_ITEM_CLAIM,2267.67,True,1,0,2257.68,521,4,1,3,0,29.01667322361111,APPROVE
NON_DELIVERY_CLAIM,4184.77,False,0,1,1649.99,1490,7,2,4,0,4.916668099444444,REQUEST_EVIDENCE
SHORTAGE_CLAIM,1749.75,True,1,0,2290.71,671,6,1,3,2,9.400002670555557,DENY
SHORTAGE_CLAIM,2879.99,True,1,0,1777.89,424,3,2,0,0,8.000002394166668,DENY
SHORTAGE_CLAIM,2497.2,True,1,1,1707.31,1471,3,1,2,0,3.5500010483333337,APPROVE
SHORTAGE_CLAIM,1201.34,True,1,0,1807.57,1448,6,2,2,0,3.116667546111111,DENY
SHORTAGE_CLAIM,1889.61,False,0,1,2698.77,1173,3,1,2,0,16.950004181666667,REQUEST_EVIDENCE
SHORTAGE_CLAIM,3364.07,True,1,3,1442.55,1147,3,0,2,0,30.716673609444445,DENY
SHORTAGE_CLAIM,2019.25,True,1,0,853.61,40,4,0,2,2,12.616669982222223,DENY
SUBSTITUTED_RETURN_CLAIM,972.92,False,0,1,96.92,616,2,0,2,0,51.25001241694444,REQUEST_EVIDENCE
WRONG_ITEM_CLAIM,2275.22,False,0,0,2703.23,212,6,4,2,0,2.183333910277778,REQUEST_EVIDENCE
SHORTAGE_CLAIM,2927.46,False,0,1,2376.38,298,5,3,2,0,10.200002837222224,REQUEST_EVIDENCE
WRONG_ITEM_CLAIM,1833.93,True,1,0,204.86,1041,5,2,3,0,24.250005624166665,APPROVE
SUBSTITUTED_RETURN_CLAIM,632.28,False,0,0,2211.35,1152,9,4,3,1,5.850001688333333,REQUEST_EVIDENCE
SHORTAGE_CLAIM,2499.84,False,0,1,2469.59,928,4,0,1,2,16.083337345555556,DENY
NON_DELIVERY_CLAIM,3472.89,False,0,0,1423.84,898,9,2,6,1,5.1166681488888885,REQUEST_EVIDENCE
SHORTAGE_CLAIM,7418.51,False,0,1,1707.31,1471,4,2,2,0,0.2000000497222222,REQUEST_EVIDENCE
SUBSTITUTED_RETURN_CLAIM,1808.54,False,0,0,2307.02,190,5,4,1,0,23.583338830555558,REQUEST_EVIDENCE
NON_DELIVERY_CLAIM,1768.46,True,1,1,1546.15,967,2,1,1,0,3.8666677983333333,APPROVE
WRONG_ITEM_CLAIM,659.62,True,1,1,297.88,271,4,3,1,0,6.7166685975,APPROVE
SHORTAGE_CLAIM,1646.09,True,1,2,1569.02,389,6,2,2,0,14.716670412500001,DENY
SHORTAGE_CLAIM,1508.41,False,0,0,1065.42,998,5,4,1,0,41.08334322888889,REQUEST_EVIDENCE
NON_DELIVERY_CLAIM,1790.23,True,1,0,524.11,554,3,2,1,0,54.18334633916667,APPROVE
SUBSTITUTED_RETURN_CLAIM,1692.41,False,0,1,1181.39,187,6,2,4,0,0.5666668097222222,REQUEST_EVIDENCE
SUBSTITUTED_RETURN_CLAIM,782.12,False,0,0,1474.93,811,0,0,0,0,999.0,REQUEST_EVIDENCE
SHORTAGE_CLAIM,574.24,False,0,2,2927.9,734,9,4,2,0,2.3500006152777777,REQUEST_EVIDENCE
SHORTAGE_CLAIM,3250.72,True,1,0,202.09,1191,4,2,2,0,21.516671770833334,APPROVE
NON_DELIVERY_CLAIM,2751.95,False,0,0,2716.88,1251,4,3,1,0,0.8500002155555555,REQUEST_EVIDENCE
WRONG_ITEM_CLAIM,2005.21,True,1,0,2848.14,653,4,2,1,1,9.1833359825,APPROVE
SUBSTITUTED_RETURN_CLAIM,1810.82,False,0,3,2659.97,1410,6,3,3,0,15.150003841111111,REQUEST_EVIDENCE
WRONG_ITEM_CLAIM,2830.48,False,0,0,1570.07,1016,7,2,2,1,3.0000007994444444,REQUEST_EVIDENCE
SHORTAGE_CLAIM,3163.05,False,0,1,339.49,1057,2,1,1,0,39.75000950555555,REQUEST_EVIDENCE
WRONG_ITEM_CLAIM,1626.82,False,0,0,1879.39,512,6,2,2,2,43.450010588611114,REQUEST_EVIDENCE
SUBSTITUTED_RETURN_CLAIM,7292.08,False,0,0,2701.37,1002,3,1,2,0,6.350001819444444,REQUEST_EVIDENCE
WRONG_ITEM_CLAIM,2582.14,False,0,0,2974.59,825,3,1,2,0,31.316673761388888,REQUEST_EVIDENCE
NON_DELIVERY_CLAIM,2629.22,False,0,0,1211.98,1085,2,0,2,0,30.183340151944442,REQUEST_EVIDENCE
SUBSTITUTED_RETURN_CLAIM,2131.06,False,0,1,2939.55,1211,5,3,2,0,4.583334657777778,REQUEST_EVIDENCE
NON_DELIVERY_CLAIM,1675.73,False,0,2,910.04,272,3,1,2,0,30.76667361861111,REQUEST_EVIDENCE
SUBSTITUTED_RETURN_CLAIM,3219.87,True,1,0,2914.88,611,7,4,3,0,3.4333342744444444,APPROVE
SUBSTITUTED_RETURN_CLAIM,1704.2,False,0,0,2064.72,1472,5,3,2,0,2.4166672930555553,REQUEST_EVIDENCE
WRONG_ITEM_CLAIM,519.16,True,1,0,793.19,814,4,1,3,0,53.93334630583334,APPROVE
SUBSTITUTED_RETURN_CLAIM,519.64,True,1,0,1879.39,512,7,2,3,2,0.1500000375,APPROVE
SUBSTITUTED_RETURN_CLAIM,1826.76,True,1,0,2438.34,188,5,4,1,0,2.8166674066666664,APPROVE
SUBSTITUTED_RETURN_CLAIM,5307.0,True,1,0,2397.53,229,3,3,0,0,39.216676012499995,ESCALATE
WRONG_ITEM_CLAIM,123.14,True,1,1,95.21,730,1,1,0,0,26.533339440000002,APPROVE
SUBSTITUTED_RETURN_CLAIM,2196.32,True,1,0,113.89,1192,4,3,0,1,5.933335030277778,APPROVE
SUBSTITUTED_RETURN_CLAIM,9476.36,True,1,1,1388.64,548,4,1,2,1,24.283338995833333,ESCALATE
NON_DELIVERY_CLAIM,4511.1,False,0,0,779.42,664,6,3,3,0,13.400003507777777,REQUEST_EVIDENCE
SUBSTITUTED_RETURN_CLAIM,510.86,True,1,1,95.21,730,2,2,0,0,0.06666668416666667,APPROVE
SHORTAGE_CLAIM,228.95,False,0,0,717.19,1173,6,1,5,0,10.933336350000001,DENY
NON_DELIVERY_CLAIM,2245.55,True,1,2,3613.14,287,4,3,0,0,13.650003560555556,APPROVE
SUBSTITUTED_RETURN_CLAIM,1663.78,False,0,0,1650.72,791,3,2,1,0,19.683338096666667,REQUEST_EVIDENCE
SHORTAGE_CLAIM,2588.98,True,1,3,2143.16,65,3,1,1,0,4.233334551944445,DENY
SHORTAGE_CLAIM,1564.35,True,1,1,2803.3,801,7,4,3,0,4.35000125,DENY
WRONG_ITEM_CLAIM,4147.74,False,0,0,146.85,112,6,3,3,0,22.51667199222222,REQUEST_EVIDENCE
SUBSTITUTED_RETURN_CLAIM,3201.3,False,0,0,2198.02,550,9,3,5,1,8.750002588333333,REQUEST_EVIDENCE
NON_DELIVERY_CLAIM,1352.37,True,1,1,2491.35,423,10,4,3,1,13.45000353,APPROVE
WRONG_ITEM_CLAIM,5503.08,False,0,0,2224.18,118,5,3,1,0,6.700001911388889,REQUEST_EVIDENCE
WRONG_ITEM_CLAIM,4011.04,True,1,2,2413.85,590,6,2,2,2,2.5500006597222225,APPROVE
WRONG_ITEM_CLAIM,2301.54,False,0,4,3300.33,987,4,3,1,0,35.466674885277776,REQUEST_EVIDENCE
WRONG_ITEM_CLAIM,1533.15,False,0,2,2927.9,734,10,4,3,0,0.5833334852777778,REQUEST_EVIDENCE
SUBSTITUTED_RETURN_CLAIM,6519.9,True,1,0,1168.7,754,3,2,0,0,14.616670434444444,ESCALATE
SHORTAGE_CLAIM,2613.23,False,0,1,1190.02,1452,7,4,2,0,8.266669168888889,REQUEST_EVIDENCE
WRONG_ITEM_CLAIM,5348.28,False,0,0,1756.34,141,5,3,1,0,11.866669884722223,REQUEST_EVIDENCE
WRONG_ITEM_CLAIM,2012.15,False,0,0,1201.87,1406,4,0,4,0,35.033341424722224,REQUEST_EVIDENCE
SHORTAGE_CLAIM,4265.75,False,0,0,704.31,1122,4,3,1,0,16.41667079611111,REQUEST_EVIDENCE
SUBSTITUTED_RETURN_CLAIM,499.6,False,0,0,1235.28,951,3,2,1,0,48.33334523611111,REQUEST_EVIDENCE
NON_DELIVERY_CLAIM,2280.35,True,1,0,674.43,959,7,3,3,1,10.150002884166668,APPROVE
SUBSTITUTED_RETURN_CLAIM,5187.64,False,0,4,2730.14,542,6,1,3,1,6.466668507222222,REQUEST_EVIDENCE
SUBSTITUTED_RETURN_CLAIM,4845.18,False,0,0,1093.48,426,4,2,1,1,39.733342819444445,REQUEST_EVIDENCE
WRONG_ITEM_CLAIM,863.52,True,1,0,2579.39,1000,6,1,4,0,7.433335446666667,APPROVE
NON_DELIVERY_CLAIM,3385.97,True,1,0,715.72,1294,11,4,6,0,1.41666703,APPROVE
WRONG_ITEM_CLAIM,2732.36,False,0,0,2579.39,1000,7,2,4,0,0.03333334138888889,REQUEST_EVIDENCE
NON_DELIVERY_CLAIM,6988.01,False,0,0,2449.48,683,4,1,1,1,27.766673050555553,REQUEST_EVIDENCE
SUBSTITUTED_RETURN_CLAIM,689.27,True,1,1,2298.85,1107,5,1,3,0,5.0333347725,APPROVE
NON_DELIVERY_CLAIM,6635.76,True,1,1,147.87,324,7,3,4,0,7.283335402777778,ESCALATE
WRONG_ITEM_CLAIM,5193.58,True,1,0,2668.09,1034,4,2,1,0,2.7833340505555553,ESCALATE
NON_DELIVERY_CLAIM,1635.18,True,1,0,286.66,510,2,0,2,0,14.766670479722222,APPROVE
NON_DELIVERY_CLAIM,2792.09,True,1,0,1281.34,1449,9,2,4,0,6.716668572500001,APPROVE
NON_DELIVERY_CLAIM,2177.15,True,1,2,6452.83,511,5,2,2,1,27.933339755833334,APPROVE
NON_DELIVERY_CLAIM,3661.62,True,1,0,2312.3,1117,6,4,2,0,21.250005104722224,APPROVE
SHORTAGE_CLAIM,3571.41,True,1,0,255.46,1478,3,2,1,0,28.36667317583333,DENY
NON_DELIVERY_CLAIM,1399.18,False,0,0,1185.43,766,9,2,5,1,14.93333718361111,REQUEST_EVIDENCE
SUBSTITUTED_RETURN_CLAIM,933.97,False,0,1,1395.76,1224,5,0,5,0,3.1666674883333332,REQUEST_EVIDENCE
NON_DELIVERY_CLAIM,4105.86,False,0,1,2066.55,393,4,3,0,1,62.05001461861111,REQUEST_EVIDENCE
WRONG_ITEM_CLAIM,1730.27,False,0,1,2521.92,1435,8,4,3,0,3.8166676749999997,REQUEST_EVIDENCE
SHORTAGE_CLAIM,8278.28,False,0,1,1507.92,1297,5,1,2,1,11.40000314888889,REQUEST_EVIDENCE
NON_DELIVERY_CLAIM,1901.01,False,0,0,1222.48,265,2,1,0,0,47.36667839722222,REQUEST_EVIDENCE
NON_DELIVERY_CLAIM,1744.17,True,1,0,929.72,1056,5,1,3,0,36.78334191611111,APPROVE
SUBSTITUTED_RETURN_CLAIM,1746.0,False,0,1,2480.47,1082,4,1,2,0,19.016671339722222,REQUEST_EVIDENCE
WRONG_ITEM_CLAIM,6920.75,False,0,1,2257.39,648,5,1,3,0,1.6666670941666666,REQUEST_EVIDENCE
SHORTAGE_CLAIM,1966.42,False,0,0,2908.72,367,8,5,3,0,35.71667494138889,REQUEST_EVIDENCE
WRONG_ITEM_CLAIM,2084.91,True,1,0,2873.17,114,1,0,1,0,64.46668177027777,APPROVE
SHORTAGE_CLAIM,3040.03,True,1,0,1763.44,1300,3,2,0,0,38.53334245805556,DENY
SHORTAGE_CLAIM,2783.33,True,1,0,552.73,985,5,2,2,1,18.700004615555553,DENY
SUBSTITUTED_RETURN_CLAIM,1901.79,False,0,1,1877.38,740,6,1,4,0,54.23334642388889,REQUEST_EVIDENCE
NON_DELIVERY_CLAIM,3595.31,False,0,0,22.04,744,2,0,2,0,18.800004636666667,REQUEST_EVIDENCE
SUBSTITUTED_RETURN_CLAIM,1475.25,True,1,4,4440.12,1439,3,0,3,0,17.933337798333334,APPROVE
SUBSTITUTED_RETURN_CLAIM,6576.19,True,1,0,2257.68,521,5,2,3,0,1.6333337519444444,ESCALATE
SHORTAGE_CLAIM,2212.01,True,1,0,86.98,610,3,2,1,0,17.383337685833332,DENY
NON_DELIVERY_CLAIM,2213.07,False,0,0,1232.3,610,4,1,1,2,7.500002118055555,REQUEST_EVIDENCE
WRONG_ITEM_CLAIM,4989.17,False,0,0,1759.83,297,4,2,0,2,14.7833371725,REQUEST_EVIDENCE
SUBSTITUTED_RETURN_CLAIM,6705.9,False,0,0,334.65,187,3,1,2,0,34.983341385,REQUEST_EVIDENCE
SUBSTITUTED_RETURN_CLAIM,3130.57,True,1,0,2140.11,635,3,1,1,1,20.2833382675,APPROVE
SHORTAGE_CLAIM,1554.8,False,0,0,2527.63,1344,5,1,3,0,6.8666686044444445,DENY
SUBSTITUTED_RETURN_CLAIM,5123.73,True,1,0,1371.96,93,5,1,4,0,17.000004281944445,ESCALATE
WRONG_ITEM_CLAIM,3344.71,False,0,0,1782.13,980,4,4,0,0,32.31667401972222,REQUEST_EVIDENCE
NON_DELIVERY_CLAIM,538.09,True,1,1,71.73,430,3,2,1,0,38.41667574861111,APPROVE
WRONG_ITEM_CLAIM,364.36,True,1,0,206.29,871,5,2,2,0,24.36667241111111,APPROVE
SHORTAGE_CLAIM,2120.71,False,0,0,629.05,373,2,2,0,0,15.333337288888888,REQUEST_EVIDENCE
WRONG_ITEM_CLAIM,2492.11,True,1,2,2281.54,322,5,1,1,0,8.70000245888889,APPROVE
SUBSTITUTED_RETURN_CLAIM,775.91,False,0,1,1194.39,1018,7,3,4,0,23.000005484444447,REQUEST_EVIDENCE
NON_DELIVERY_CLAIM,831.94,False,0,0,1410.41,768,9,2,7,0,13.01667016138889,REQUEST_EVIDENCE
NON_DELIVERY_CLAIM,2060.56,True,1,1,610.67,1141,5,4,1,0,5.233334810833333,APPROVE
NON_DELIVERY_CLAIM,7131.5,True,1,3,3787.71,1331,2,2,0,0,4.0000010447222225,ESCALATE
WRONG_ITEM_CLAIM,370.93,True,1,0,2536.55,1403,4,2,2,0,12.0833366425,APPROVE
SHORTAGE_CLAIM,3757.88,False,0,0,2064.72,1472,6,3,3,0,1.2833336625,DENY
SUBSTITUTED_RETURN_CLAIM,1861.01,False,0,2,2234.81,1456,9,3,5,0,21.11667177861111,REQUEST_EVIDENCE
NON_DELIVERY_CLAIM,390.74,False,0,0,2150.6,1469,4,2,2,0,12.1000033125,REQUEST_EVIDENCE
SHORTAGE_CLAIM,2266.81,False,0,0,2112.42,282,4,1,3,0,54.01667973,REQUEST_EVIDENCE
SHORTAGE_CLAIM,1744.62,False,0,0,86.98,610,4,2,1,0,0.35000008222222223,REQUEST_EVIDENCE
SUBSTITUTED_RETURN_CLAIM,3726.74,False,0,0,1420.73,228,4,2,1,1,7.800002185,REQUEST_EVIDENCE
SHORTAGE_CLAIM,4256.37,True,1,0,22.04,744,3,0,3,0,0.43333343472222224,APPROVE
SHORTAGE_CLAIM,6115.78,False,0,0,41.63,768,3,1,2,0,3.100000781388889,REQUEST_EVIDENCE
NON_DELIVERY_CLAIM,3583.45,False,0,0,2668.09,1034,5,2,1,1,0.8000001927777778,REQUEST_EVIDENCE
SHORTAGE_CLAIM,2223.73,False,0,1,501.49,1200,3,1,0,0,37.183341999166664,REQUEST_EVIDENCE
SHORTAGE_CLAIM,2382.65,True,1,1,1650.3,834,3,0,2,0,5.883334975277778,APPROVE
SHORTAGE_CLAIM,1671.57,False,0,1,96.92,616,3,0,3,0,1.9666671569444445,DENY
NON_DELIVERY_CLAIM,1114.21,True,1,0,2353.32,1166,5,2,1,2,13.600003608055557,APPROVE
SHORTAGE_CLAIM,1234.46,True,1,0,1001.38,33,5,2,3,0,31.333340458055556,APPROVE
NON_DELIVERY_CLAIM,1819.77,True,1,4,6658.13,1181,5,1,4,0,33.60000766472223,APPROVE
WRONG_ITEM_CLAIM,1560.86,True,1,1,1812.16,572,4,2,0,0,16.83333759,APPROVE
SHORTAGE_CLAIM,671.69,True,1,2,1400.45,357,3,1,2,0,35.883341611944445,APPROVE
SHORTAGE_CLAIM,2969.1,False,0,1,2639.85,1195,5,0,4,0,11.783336581666667,REQUEST_EVIDENCE
SHORTAGE_CLAIM,3063.22,True,1,2,7522.46,1124,6,2,4,0,5.516668188611111,DENY
SHORTAGE_CLAIM,321.5,False,0,0,277.44,112,2,0,2,0,16.433337509444442,REQUEST_EVIDENCE
WRONG_ITEM_CLAIM,2082.04,False,0,0,1619.28,98,3,3,0,0,9.116669208055555,REQUEST_EVIDENCE
WRONG_ITEM_CLAIM,2938.96,True,1,4,4072.8,817,2,1,0,1,37.16667530944445,APPROVE
WRONG_ITEM_CLAIM,3505.73,True,1,1,520.95,129,2,1,1,0,4.216667736388889,APPROVE
SHORTAGE_CLAIM,1039.79,True,1,1,1950.93,1366,6,3,3,0,8.5666690425,APPROVE
SHORTAGE_CLAIM,111.08,False,0,0,2976.91,458,2,1,1,0,18.35000455722222,DENY
NON_DELIVERY_CLAIM,5629.26,False,0,1,2267.73,40,2,1,1,0,4.500001147222222,REQUEST_EVIDENCE
SUBSTITUTED_RETURN_CLAIM,3546.95,False,0,2,7632.14,989,5,2,2,0,14.550003800833332,REQUEST_EVIDENCE
SHORTAGE_CLAIM,1717.89,True,1,0,2168.65,538,5,2,3,0,24.216672386944442,APPROVE
SUBSTITUTED_RETURN_CLAIM,4147.52,False,0,2,6719.24,1251,4,3,1,0,5.283334732499999,REQUEST_EVIDENCE
SHORTAGE_CLAIM,3169.82,False,0,0,708.46,727,2,2,0,0,8.100002235,REQUEST_EVIDENCE
WRONG_ITEM_CLAIM,1659.52,False,0,1,501.49,1200,4,1,1,0,0.3500000686111111,REQUEST_EVIDENCE
SUBSTITUTED_RETURN_CLAIM,4049.47,False,0,1,2469.59,928,5,0,1,2,2.216667201111111,REQUEST_EVIDENCE
SHORTAGE_CLAIM,2626.12,False,0,0,287.75,419,2,0,1,0,5.700001553611112,REQUEST_EVIDENCE
SUBSTITUTED_RETURN_CLAIM,2347.2,True,1,1,4234.3,642,3,0,0,2,4.783334548888889,APPROVE
SUBSTITUTED_RETURN_CLAIM,6809.59,False,0,0,1201.75,316,8,2,5,1,10.700003033333333,REQUEST_EVIDENCE
NON_DELIVERY_CLAIM,2381.12,True,1,0,1671.0,692,3,1,1,1,9.000002480833333,APPROVE
NON_DELIVERY_CLAIM,1749.5,True,1,1,529.82,1167,4,3,1,0,3.9833343163888886,APPROVE
NON_DELIVERY_CLAIM,2554.69,False,0,1,59.23,798,1,0,1,0,66.26668217,REQUEST_EVIDENCE
SUBSTITUTED_RETURN_CLAIM,1268.53,True,1,0,1891.95,116,2,2,0,0,48.95001206805555,APPROVE
NON_DELIVERY_CLAIM,6358.25,False,0,3,1181.74,1107,5,3,2,0,12.416670041666666,REQUEST_EVIDENCE
SUBSTITUTED_RETURN_CLAIM,2141.78,False,0,0,1990.84,546,5,2,3,0,5.266668011666666,REQUEST_EVIDENCE
SHORTAGE_CLAIM,2434.91,False,0,1,362.41,1313,3,1,2,0,4.3166677361111105,REQUEST_EVIDENCE
SHORTAGE_CLAIM,1981.99,True,1,0,708.46,727,3,2,1,0,0.21666670888888886,APPROVE
SHORTAGE_CLAIM,1121.4,False,0,2,296.06,58,4,2,2,0,19.233338067777776,REQUEST_EVIDENCE
WRONG_ITEM_CLAIM,1621.25,True,1,1,1077.78,1293,4,1,3,0,3.8666676075,APPROVE
NON_DELIVERY_CLAIM,3319.64,True,1,1,4498.6,91,2,1,0,1,40.03334280944445,APPROVE
SHORTAGE_CLAIM,1959.6,False,0,1,2066.55,393,5,3,1,1,1.3000002827777777,DENY
WRONG_ITEM_CLAIM,1940.5,False,0,0,2999.86,1012,10,4,4,1,5.900001589166667,REQUEST_EVIDENCE
SHORTAGE_CLAIM,1413.6,False,0,0,1476.17,558,6,2,2,1,6.3500017191666664,REQUEST_EVIDENCE
WRONG_ITEM_CLAIM,3027.48,True,1,1,1876.05,727,3,1,2,0,15.350003958333334,APPROVE
NON_DELIVERY_CLAIM,3608.09,True,1,0,2772.64,654,4,1,2,0,5.0000012525,APPROVE
NON_DELIVERY_CLAIM,5549.09,False,0,0,1554.89,1408,6,3,1,1,9.400002571944444,REQUEST_EVIDENCE
NON_DELIVERY_CLAIM,5271.59,False,0,0,2991.05,1017,9,3,5,0,3.2666674466666663,REQUEST_EVIDENCE
SHORTAGE_CLAIM,2453.86,False,0,1,147.09,1367,8,2,5,1,2.9666673694444445,REQUEST_EVIDENCE
WRONG_ITEM_CLAIM,1654.5,True,1,1,88.07,560,6,2,2,1,18.466671244166665,APPROVE
NON_DELIVERY_CLAIM,3394.68,True,1,0,599.0,1005,4,1,3,0,5.433334701944445,APPROVE
SHORTAGE_CLAIM,2242.92,True,1,0,886.67,1052,8,2,4,0,6.283335020833333,APPROVE
WRONG_ITEM_CLAIM,2037.81,True,1,0,113.18,210,9,3,4,0,27.15000629388889,APPROVE
SUBSTITUTED_RETURN_CLAIM,1646.56,False,0,0,334.65,187,4,1,3,0,1.200000245,REQUEST_EVIDENCE
SHORTAGE_CLAIM,4015.55,True,1,0,1826.98,292,1,0,1,0,63.65001495888889,APPROVE
WRONG_ITEM_CLAIM,4049.34,True,1,0,2590.11,164,6,1,4,0,14.116670375,APPROVE
NON_DELIVERY_CLAIM,3330.7,False,0,1,604.39,145,10,4,3,1,14.400003764444444,REQUEST_EVIDENCE
SUBSTITUTED_RETURN_CLAIM,3714.37,True,1,0,2670.74,834,2,2,0,0,41.200009783055556,APPROVE
SHORTAGE_CLAIM,1908.49,True,1,0,501.14,257,7,3,3,0,6.150001636111111,APPROVE
WRONG_ITEM_CLAIM,1509.85,True,1,1,2778.13,1242,5,5,0,0,42.33334343833333,APPROVE
SHORTAGE_CLAIM,2278.65,True,1,0,255.46,1478,4,2,1,0,1.6666670238888888,DENY
SUBSTITUTED_RETURN_CLAIM,5187.31,True,1,0,1129.43,1261,5,2,1,1,34.63334121027778,ESCALATE
SHORTAGE_CLAIM,7121.11,True,1,0,2351.4,647,7,2,4,1,11.616669879166666,DENY
SHORTAGE_CLAIM,2040.41,False,0,0,1312.07,1356,7,3,4,0,16.1833374575,REQUEST_EVIDENCE
SHORTAGE_CLAIM,1957.76,False,0,0,630.71,566,1,1,0,0,72.60001680166667,REQUEST_EVIDENCE
WRONG_ITEM_CLAIM,3427.02,False,0,2,1925.08,533,1,0,0,0,4.9666678775,REQUEST_EVIDENCE
WRONG_ITEM_CLAIM,3929.37,False,0,0,2625.54,355,7,5,2,0,16.916670934444443,REQUEST_EVIDENCE
NON_DELIVERY_CLAIM,1607.46,False,0,1,710.25,951,7,2,3,0,19.65000481527778,REQUEST_EVIDENCE
SHORTAGE_CLAIM,1507.13,False,0,1,1950.93,1366,7,4,3,0,0.8333334952777778,REQUEST_EVIDENCE
SHORTAGE_CLAIM,4208.68,True,1,1,1650.3,834,4,1,2,0,1.0666668750000001,APPROVE
SUBSTITUTED_RETURN_CLAIM,3397.97,True,1,0,2837.06,1295,4,3,1,0,41.83334327777778,APPROVE
SHORTAGE_CLAIM,1826.3,True,1,0,1806.06,369,2,1,1,0,45.08334422166667,DENY
NON_DELIVERY_CLAIM,3242.69,True,1,0,1827.09,216,0,0,0,0,999.0,APPROVE
SUBSTITUTED_RETURN_CLAIM,5762.48,True,1,1,699.0,287,4,2,1,0,4.866667837777778,ESCALATE
SUBSTITUTED_RETURN_CLAIM,4855.77,True,1,4,5153.5,505,4,1,2,1,56.10001347222222,APPROVE
SUBSTITUTED_RETURN_CLAIM,2124.05,False,0,0,1199.04,1490,3,1,1,0,14.116670374444444,REQUEST_EVIDENCE
WRONG_ITEM_CLAIM,5404.13,True,1,0,364.09,624,9,2,4,0,3.566667494722222,ESCALATE
WRONG_ITEM_CLAIM,2305.39,False,0,0,2224.18,118,6,3,2,0,2.350000515277778,REQUEST_EVIDENCE
NON_DELIVERY_CLAIM,2222.65,False,0,0,1659.93,446,4,2,1,0,3.6833341897222223,REQUEST_EVIDENCE
SHORTAGE_CLAIM,6887.59,True,1,0,1388.73,1387,6,2,4,0,13.933337005,ESCALATE
SHORTAGE_CLAIM,3841.17,True,1,1,2012.61,1319,3,1,1,0,7.100001878333334,APPROVE
NON_DELIVERY_CLAIM,6929.1,True,1,1,2090.63,455,2,1,1,0,14.666670484444445,ESCALATE
SHORTAGE_CLAIM,6764.1,False,0,0,2471.69,834,4,1,2,1,29.266673381666667,REQUEST_EVIDENCE
NON_DELIVERY_CLAIM,1449.56,False,0,4,3300.33,987,5,3,2,0,2.4166671930555554,REQUEST_EVIDENCE
SHORTAGE_CLAIM,3649.23,True,1,0,2814.27,1004,8,2,4,2,6.666668411111112,APPROVE
NON_DELIVERY_CLAIM,1595.98,True,1,0,1662.95,146,5,3,1,0,11.483336520277778,APPROVE
NON_DELIVERY_CLAIM,2605.42,True,1,0,2777.03,590,4,2,1,0,47.43334489111111,APPROVE
WRONG_ITEM_CLAIM,1216.97,False,0,0,330.71,411,4,1,2,1,10.000002681388889,REQUEST_EVIDENCE
SUBSTITUTED_RETURN_CLAIM,1939.97,True,1,0,1756.34,141,6,3,2,0,2.4333338594444447,APPROVE
NON_DELIVERY_CLAIM,2638.19,True,1,0,1859.27,728,3,1,2,0,6.766668431944445,APPROVE
NON_DELIVERY_CLAIM,2225.28,True,1,0,704.31,1122,5,3,2,0,2.4333338572222223,APPROVE
WRONG_ITEM_CLAIM,1599.4,True,1,2,1187.88,1164,2,0,2,0,4.400001025,APPROVE
SUBSTITUTED_RETURN_CLAIM,1429.24,True,1,1,6845.74,1016,4,1,3,0,19.65000481138889,APPROVE
WRONG_ITEM_CLAIM,1425.01,True,1,0,752.67,1301,3,0,3,0,9.066669073611111,APPROVE
SHORTAGE_CLAIM,6731.91,False,0,3,7364.62,1382,5,0,5,0,22.983338809444444,DENY
NON_DELIVERY_CLAIM,3920.17,True,1,1,3901.1,1094,4,1,3,0,18.166671184444443,APPROVE
SHORTAGE_CLAIM,237.51,True,1,1,64.06,249,3,0,2,0,4.466667703611111,APPROVE
SUBSTITUTED_RETURN_CLAIM,933.94,True,1,0,1534.67,942,3,1,1,1,26.716672875,APPROVE
WRONG_ITEM_CLAIM,4111.37,True,1,4,3614.4,1228,3,1,1,0,8.383335542777777,APPROVE
WRONG_ITEM_CLAIM,3942.81,True,1,0,2537.9,338,6,3,2,1,7.766668703333334,APPROVE
NON_DELIVERY_CLAIM,6145.79,False,0,1,4717.96,412,2,1,1,0,12.483336716388889,REQUEST_EVIDENCE
SUBSTITUTED_RETURN_CLAIM,1595.23,True,1,0,942.71,297,6,4,2,0,8.866669007222223,APPROVE
NON_DELIVERY_CLAIM,5869.13,True,1,1,1392.74,51,5,4,1,0,11.250003136388889,ESCALATE
WRONG_ITEM_CLAIM,1330.72,True,1,1,1360.3,934,9,4,2,2,6.166668164444444,APPROVE
SHORTAGE_CLAIM,3775.93,True,1,1,1368.62,216,3,0,2,0,6.0333347913888895,APPROVE
NON_DELIVERY_CLAIM,632.18,False,0,1,361.62,190,3,1,2,0,9.500002512777778,REQUEST_EVIDENCE
SUBSTITUTED_RETURN_CLAIM,861.38,True,1,0,2808.95,588,5,2,1,0,23.30000553777778,APPROVE
SHORTAGE_CLAIM,3768.37,False,0,0,1580.05,1061,5,1,3,1,23.68333894611111,REQUEST_EVIDENCE
SUBSTITUTED_RETURN_CLAIM,1183.64,True,1,0,420.89,1026,4,0,2,1,14.183337053611112,APPROVE
SUBSTITUTED_RETURN_CLAIM,4528.43,True,1,1,1116.04,1351,7,4,2,1,9.366669135833332,APPROVE
NON_DELIVERY_CLAIM,6015.47,True,1,4,5153.5,505,5,2,2,1,0.6000001172222222,ESCALATE
NON_DELIVERY_CLAIM,2824.26,True,1,0,1511.24,649,7,1,4,1,6.800001699722222,APPROVE
SHORTAGE_CLAIM,2421.5,True,1,4,3470.4,1125,8,5,2,1,6.250001508055556,APPROVE
NON_DELIVERY_CLAIM,5144.0,True,1,1,2939.55,1211,6,3,3,0,3.3000007255555555,ESCALATE
SUBSTITUTED_RETURN_CLAIM,140.56,True,1,0,2595.2,1207,7,3,4,0,31.600007173888887,APPROVE
SHORTAGE_CLAIM,2247.81,False,0,0,0.51,273,6,4,1,1,5.5833346455555555,DENY
SUBSTITUTED_RETURN_CLAIM,4291.44,True,1,0,27.57,684,5,2,3,0,6.016668101666666,APPROVE
SUBSTITUTED_RETURN_CLAIM,1967.97,False,0,0,334.65,187,5,1,4,0,1.0666668750000001,REQUEST_EVIDENCE
NON_DELIVERY_CLAIM,1011.46,True,1,1,2803.3,801,8,4,3,0,3.100000669166667,APPROVE
SHORTAGE_CLAIM,2078.3,False,0,0,917.54,1248,1,0,0,1,79.55001816972222,REQUEST_EVIDENCE
SUBSTITUTED_RETURN_CLAIM,5306.28,True,1,0,1734.4,598,3,2,1,0,31.466673813611113,ESCALATE
SUBSTITUTED_RETURN_CLAIM,3895.96,True,1,1,417.54,975,4,0,0,4,36.71667501861111,APPROVE
SUBSTITUTED_RETURN_CLAIM,2496.34,True,1,3,4869.1,661,5,1,4,0,12.733336763888888,APPROVE
WRONG_ITEM_CLAIM,2279.09,False,0,0,1966.77,708,7,4,3,0,11.216669795277777,REQUEST_EVIDENCE
SHORTAGE_CLAIM,3163.72,False,0,2,4337.65,1462,3,0,1,1,14.766670501388889,DENY
SHORTAGE_CLAIM,299.67,True,1,0,2517.67,1122,2,2,0,0,5.116667839722222,APPROVE
NON_DELIVERY_CLAIM,2129.56,True,1,0,764.99,978,3,1,2,0,14.850003850833334,APPROVE
NON_DELIVERY_CLAIM,605.84,True,1,1,2993.99,542,3,1,2,0,10.233336022500001,APPROVE
NON_DELIVERY_CLAIM,8964.48,False,0,0,1030.88,326,2,1,0,1,14.533337121666666,REQUEST_EVIDENCE
SHORTAGE_CLAIM,4812.89,False,0,3,4869.1,661,6,2,4,0,0.11666668972222223,DENY
SUBSTITUTED_RETURN_CLAIM,755.04,False,0,2,985.37,589,4,1,2,1,7.6333352875,REQUEST_EVIDENCE
WRONG_ITEM_CLAIM,961.79,True,1,1,6091.98,1272,1,0,1,0,58.95001402916667,APPROVE
NON_DELIVERY_CLAIM,793.3,True,1,1,1975.22,316,2,1,1,0,57.15001367916667,APPROVE
SHORTAGE_CLAIM,2983.34,False,0,1,1113.59,190,2,1,0,0,31.333340454166667,DENY
SHORTAGE_CLAIM,2126.62,False,0,0,1222.48,265,3,1,1,0,2.8000005730555557,REQUEST_EVIDENCE
SUBSTITUTED_RETURN_CLAIM,4624.04,True,1,0,2290.71,671,7,1,3,2,4.233334273611111,APPROVE
WRONG_ITEM_CLAIM,1488.76,True,1,2,2717.01,68,5,3,2,0,31.066673735555554,APPROVE
SUBSTITUTED_RETURN_CLAIM,2129.18,True,1,0,1697.44,1287,5,2,3,0,17.98333781138889,APPROVE
WRONG_ITEM_CLAIM,3875.65,True,1,0,682.94,107,2,2,0,0,23.750005626666667,APPROVE
SHORTAGE_CLAIM,1959.98,True,1,0,954.65,290,3,0,2,0,8.26666878888889,APPROVE
SUBSTITUTED_RETURN_CLAIM,563.32,False,0,1,416.38,1493,8,1,6,0,9.833335889166667,REQUEST_EVIDENCE
WRONG_ITEM_CLAIM,1109.78,False,0,0,2542.0,1396,7,3,3,1,19.400004760555554,REQUEST_EVIDENCE
WRONG_ITEM_CLAIM,4465.33,True,1,0,1619.84,904,8,3,5,0,14.566670461944444,APPROVE
SHORTAGE_CLAIM,2145.34,True,1,0,2817.42,535,4,0,4,0,13.333336885277777,APPROVE
SHORTAGE_CLAIM,1882.0,False,0,0,2067.07,653,6,3,2,0,12.833336785277778,REQUEST_EVIDENCE
SHORTAGE_CLAIM,2161.88,False,0,0,2021.02,706,7,5,2,0,5.033334467222222,DENY
NON_DELIVERY_CLAIM,2474.78,False,0,0,1793.8,650,4,0,3,1,34.15000767611111,REQUEST_EVIDENCE
SUBSTITUTED_RETURN_CLAIM,2058.25,True,1,1,1554.31,1159,3,2,1,0,47.950011609444445,APPROVE
SHORTAGE_CLAIM,691.84,True,1,0,1447.5,262,6,1,4,0,11.000002875555555,APPROVE
SUBSTITUTED_RETURN_CLAIM,5186.5,False,0,0,2018.41,285,4,3,1,0,9.216669038611112,REQUEST_EVIDENCE
SUBSTITUTED_RETURN_CLAIM,1448.02,False,0,1,1724.72,1223,4,2,2,0,6.333334807777778,REQUEST_EVIDENCE
SUBSTITUTED_RETURN_CLAIM,2778.61,True,1,0,1747.11,1494,10,3,4,3,10.950002856944444,APPROVE
SUBSTITUTED_RETURN_CLAIM,7815.49,False,0,0,1406.09,335,4,3,1,0,20.683338346944446,REQUEST_EVIDENCE
WRONG_ITEM_CLAIM,2545.04,False,0,0,123.45,359,4,3,1,0,11.533336398055557,REQUEST_EVIDENCE
SUBSTITUTED_RETURN_CLAIM,310.56,True,1,0,629.05,373,3,2,1,0,2.766667211388889,APPROVE
WRONG_ITEM_CLAIM,1208.32,False,0,1,1181.39,187,7,2,5,0,4.216667583611112,REQUEST_EVIDENCE
NON_DELIVERY_CLAIM,6261.88,True,1,0,1093.48,426,5,2,2,1,3.466667387222222,ESCALATE
SHORTAGE_CLAIM,4751.83,True,1,4,2328.43,803,2,0,2,0,14.566670461388888,DENY
WRONG_ITEM_CLAIM,2153.49,True,1,4,5309.57,1456,6,0,5,1,15.983337407777778,APPROVE
SHORTAGE_CLAIM,417.0,True,1,0,1382.81,1188,2,0,2,0,35.08334122583333,APPROVE
WRONG_ITEM_CLAIM,1630.69,False,0,4,3020.44,736,4,2,1,0,17.616671069166667,REQUEST_EVIDENCE
SHORTAGE_CLAIM,2806.33,True,1,0,2670.74,834,3,3,0,0,1.7333336725000001,APPROVE
SHORTAGE_CLAIM,3808.68,False,0,2,6719.24,1251,5,3,2,0,2.316667119444445,REQUEST_EVIDENCE
SUBSTITUTED_RETURN_CLAIM,2365.62,False,0,0,947.07,828,6,0,4,2,21.700005218333335,REQUEST_EVIDENCE
WRONG_ITEM_CLAIM,3031.97,True,1,0,367.57,737,2,2,0,0,61.78334792555555,APPROVE
NON_DELIVERY_CLAIM,2015.06,False,0,0,243.19,1425,6,4,2,0,27.73333974138889,REQUEST_EVIDENCE
SHORTAGE_CLAIM,7557.82,False,0,1,525.19,618,9,3,4,2,10.483336035277777,REQUEST_EVIDENCE
NON_DELIVERY_CLAIM,970.02,False,0,1,2759.07,1122,8,5,1,2,17.21667098861111,REQUEST_EVIDENCE
WRONG_ITEM_CLAIM,2681.89,True,1,0,206.29,871,6,3,2,0,3.016667261388889,APPROVE
NON_DELIVERY_CLAIM,2952.67,False,0,0,343.38,596,8,2,4,2,8.433335458333334,REQUEST_EVIDENCE
NON_DELIVERY_CLAIM,3962.71,True,1,0,2289.33,690,3,3,0,0,45.03334404527778,APPROVE
SUBSTITUTED_RETURN_CLAIM,1838.07,True,1,1,2993.99,542,4,2,2,0,0.7333334769444444,APPROVE
NON_DELIVERY_CLAIM,227.39,False,0,0,682.94,107,3,3,0,0,0.5666667763888888,REQUEST_EVIDENCE
NON_DELIVERY_CLAIM,4546.0,False,0,0,1267.61,782,5,2,3,0,12.516670050555556,REQUEST_EVIDENCE
WRONG_ITEM_CLAIM,1170.05,True,1,0,2563.46,1185,8,3,3,1,22.666672074722225,APPROVE
SUBSTITUTED_RETURN_CLAIM,4527.44,False,0,1,464.42,1169,4,0,3,1,30.616673644166667,REQUEST_EVIDENCE
SHORTAGE_CLAIM,4510.76,False,0,1,1946.54,731,5,0,4,1,37.3833418,REQUEST_EVIDENCE
SHORTAGE_CLAIM,1008.97,True,1,1,4498.6,91,3,2,0,1,2.2833337788888888,APPROVE
SHORTAGE_CLAIM,2728.3,False,0,0,2900.37,1483,6,3,1,1,9.916669192222223,DENY
SUBSTITUTED_RETURN_CLAIM,1716.8,True,1,1,71.73,430,4,3,1,0,3.2166673011111113,APPROVE
WRONG_ITEM_CLAIM,2614.1,False,0,1,71.73,430,5,4,1,0,0.016666669999999998,REQUEST_EVIDENCE
SUBSTITUTED_RETURN_CLAIM,1392.33,True,1,2,2801.77,520,2,1,1,0,11.083336183888889,APPROVE
SUBSTITUTED_RETURN_CLAIM,6171.1,True,1,1,413.98,879,3,1,2,0,31.400007132222225,ESCALATE
SHORTAGE_CLAIM,2603.75,True,1,1,2071.56,1379,4,3,1,0,35.86667473638889,APPROVE
SUBSTITUTED_RETURN_CLAIM,2471.72,True,1,0,12.37,438,4,1,3,0,38.00000861694445,APPROVE
SHORTAGE_CLAIM,1512.15,True,1,0,501.14,257,8,4,3,0,2.116667080277778,APPROVE
SUBSTITUTED_RETURN_CLAIM,2412.41,True,1,0,1956.2,1115,5,3,2,0,19.45000476583333,APPROVE
NON_DELIVERY_CLAIM,1057.48,True,1,2,5256.44,731,1,1,0,0,45.566677505,APPROVE
SHORTAGE_CLAIM,2181.84,True,1,0,109.66,1102,4,2,2,0,7.233335007777778,DENY
SHORTAGE_CLAIM,813.23,True,1,0,2127.09,1475,2,1,0,1,58.93334736083334,APPROVE
NON_DELIVERY_CLAIM,1662.2,False,0,0,1093.48,426,6,2,2,2,0.56666678,REQUEST_EVIDENCE
NON_DELIVERY_CLAIM,4124.08,False,0,0,816.4,580,4,2,2,0,17.63333774,REQUEST_EVIDENCE
SHORTAGE_CLAIM,773.95,True,1,4,2208.59,1283,3,1,2,0,30.63334031722222,DENY
SUBSTITUTED_RETURN_CLAIM,1733.68,True,1,0,2316.43,1143,2,0,2,0,17.56667106,APPROVE
SUBSTITUTED_RETURN_CLAIM,3394.97,True,1,0,2022.07,443,4,2,1,0,17.950004470555555,APPROVE
SUBSTITUTED_RETURN_CLAIM,805.06,True,1,1,1360.3,934,10,5,2,2,1.5333336358333334,APPROVE
WRONG_ITEM_CLAIM,157.51,True,1,0,2406.5,1011,4,0,0,1,5.350001166666667,APPROVE
NON_DELIVERY_CLAIM,3503.45,True,1,0,2962.05,1031,6,0,5,0,10.86666943472222,APPROVE
SUBSTITUTED_RETURN_CLAIM,1170.57,False,0,0,1508.51,42,2,1,1,0,37.616675173333334,REQUEST_EVIDENCE
SUBSTITUTED_RETURN_CLAIM,3161.5,True,1,1,2865.15,647,4,2,2,0,30.016673523333335,APPROVE
SUBSTITUTED_RETURN_CLAIM,2067.81,True,1,1,2491.35,423,11,5,3,1,4.416667589999999,APPROVE
WRONG_ITEM_CLAIM,878.42,True,1,1,699.0,287,5,2,1,1,2.1333337544444446,APPROVE
WRONG_ITEM_CLAIM,6957.58,False,0,0,1916.18,58,6,3,2,1,23.150005508055553,REQUEST_EVIDENCE
SHORTAGE_CLAIM,267.45,True,1,0,143.27,473,1,0,1,0,7.933335189722222,APPROVE
NON_DELIVERY_CLAIM,178.91,True,1,1,2887.94,339,4,0,3,0,22.25000532972222,APPROVE
SHORTAGE_CLAIM,5487.62,False,0,2,1925.08,533,2,0,1,0,2.3333337933333334,DENY
WRONG_ITEM_CLAIM,702.1,False,0,0,287.75,419,3,0,2,0,2.983333919722222,REQUEST_EVIDENCE
WRONG_ITEM_CLAIM,4788.96,False,0,0,835.7,465,8,3,3,1,16.000004078055557,REQUEST_EVIDENCE
SUBSTITUTED_RETURN_CLAIM,782.17,False,0,0,2915.57,785,4,1,2,0,49.383345266944445,REQUEST_EVIDENCE
NON_DELIVERY_CLAIM,2166.77,False,0,2,3034.03,43,7,4,1,1,24.116672363055553,REQUEST_EVIDENCE
WRONG_ITEM_CLAIM,3976.93,True,1,0,416.9,1087,6,3,3,0,36.43334152361111,APPROVE
NON_DELIVERY_CLAIM,769.05,True,1,0,2290.71,671,8,2,3,2,1.2666669166666666,APPROVE
SHORTAGE_CLAIM,3948.8,True,1,1,2189.88,1077,10,6,4,0,5.600001214722222,APPROVE
NON_DELIVERY_CLAIM,2031.71,True,1,1,71.73,430,6,4,2,0,0.5500001105555555,APPROVE
SHORTAGE_CLAIM,4622.06,False,0,1,88.07,560,7,3,2,1,2.75000054,DENY
NON_DELIVERY_CLAIM,2463.09,False,0,0,1183.05,1094,2,1,1,0,48.450011645000004,REQUEST_EVIDENCE
SHORTAGE_CLAIM,1747.58,True,1,0,2065.96,1455,4,0,4,0,20.85000504527778,APPROVE
WRONG_ITEM_CLAIM,1833.02,False,0,1,3625.21,1143,6,3,3,0,11.616669619444444,REQUEST_EVIDENCE
SUBSTITUTED_RETURN_CLAIM,2988.58,True,1,0,1650.72,791,4,2,2,0,4.800001006111112,APPROVE
SHORTAGE_CLAIM,4873.87,False,0,0,577.64,241,6,2,2,0,6.283334714444444,DENY
WRONG_ITEM_CLAIM,4593.56,False,0,0,1946.16,1471,7,2,4,0,12.90000346111111,REQUEST_EVIDENCE
NON_DELIVERY_CLAIM,3727.87,True,1,1,2458.81,373,4,1,2,1,30.583340305,APPROVE
WRONG_ITEM_CLAIM,757.02,True,1,0,1011.09,44,4,2,2,0,16.583337525277777,APPROVE
WRONG_ITEM_CLAIM,1332.83,False,0,0,1619.28,98,4,3,1,0,3.4666673469444444,REQUEST_EVIDENCE
NON_DELIVERY_CLAIM,5670.6,False,0,1,5708.94,1446,5,2,3,0,29.23334003638889,REQUEST_EVIDENCE
NON_DELIVERY_CLAIM,1614.86,False,0,1,182.1,175,7,3,4,0,18.50000457777778,REQUEST_EVIDENCE
WRONG_ITEM_CLAIM,5085.2,False,0,4,7019.74,1279,5,0,5,0,6.700001479722222,REQUEST_EVIDENCE
SHORTAGE_CLAIM,1497.83,False,0,0,1976.67,1159,3,1,2,0,7.133334924444444,REQUEST_EVIDENCE
SUBSTITUTED_RETURN_CLAIM,1838.48,False,0,1,2574.66,861,9,3,3,2,10.066669167777778,REQUEST_EVIDENCE
WRONG_ITEM_CLAIM,2808.13,False,0,0,1085.35,477,2,1,1,0,40.41667591805555,REQUEST_EVIDENCE
NON_DELIVERY_CLAIM,1866.57,True,1,0,1540.06,1165,10,4,3,2,8.966668851666666,APPROVE
NON_DELIVERY_CLAIM,2702.19,False,0,0,204.86,1041,6,3,3,0,5.666667879166667,REQUEST_EVIDENCE
SHORTAGE_CLAIM,4355.37,True,1,1,417.04,186,6,3,3,0,18.450004566388888,APPROVE
WRONG_ITEM_CLAIM,2803.35,False,0,0,1568.13,958,6,5,1,0,9.733335734166667,REQUEST_EVIDENCE
NON_DELIVERY_CLAIM,3782.74,True,1,2,4188.03,363,3,0,3,0,20.966671734166667,APPROVE
WRONG_ITEM_CLAIM,299.07,True,1,0,2915.57,785,5,1,3,0,0.4500000863888889,APPROVE
NON_DELIVERY_CLAIM,2234.94,False,0,1,645.4,323,4,1,2,1,14.650003807222221,REQUEST_EVIDENCE
NON_DELIVERY_CLAIM,3402.77,False,0,1,1690.25,1351,2,1,1,0,15.216670586944444,REQUEST_EVIDENCE
WRONG_ITEM_CLAIM,7214.88,False,0,1,2458.81,373,5,2,2,1,0.2833333877777778,REQUEST_EVIDENCE
SHORTAGE_CLAIM,1835.57,False,0,0,2794.19,49,3,1,1,0,21.8000052325,DENY
SUBSTITUTED_RETURN_CLAIM,4730.61,True,1,2,7120.96,933,7,1,5,0,13.366670217777777,APPROVE
SUBSTITUTED_RETURN_CLAIM,568.7,False,0,0,2900.37,1483,7,3,1,1,1.0500002069444443,REQUEST_EVIDENCE
SUBSTITUTED_RETURN_CLAIM,5491.62,True,1,1,789.65,291,4,2,2,0,21.950005261944444,ESCALATE
SHORTAGE_CLAIM,1252.32,False,0,4,3034.13,818,6,1,5,0,9.13333554611111,REQUEST_EVIDENCE
SHORTAGE_CLAIM,4257.09,False,0,4,3470.4,1125,9,6,2,1,2.200000431111111,DENY
WRONG_ITEM_CLAIM,4319.47,False,0,1,2012.61,1319,4,2,1,0,2.750000537777778,REQUEST_EVIDENCE
SUBSTITUTED_RETURN_CLAIM,4173.57,False,0,0,2198.02,550,10,3,6,1,5.2000010788888895,REQUEST_EVIDENCE
NON_DELIVERY_CLAIM,1349.55,False,0,0,847.37,829,6,1,2,0,21.40000515166667,REQUEST_EVIDENCE
NON_DELIVERY_CLAIM,2310.55,False,0,0,2064.72,1472,7,3,3,0,4.216667490833333,REQUEST_EVIDENCE
SUBSTITUTED_RETURN_CLAIM,1302.44,False,0,1,1113.59,190,3,1,0,0,1.933333712222222,REQUEST_EVIDENCE
SUBSTITUTED_RETURN_CLAIM,1137.15,True,1,1,3640.09,589,3,1,0,0,22.450005364166664,APPROVE
NON_DELIVERY_CLAIM,4102.92,True,1,0,1474.86,1003,8,4,2,1,12.433336464444446,APPROVE
SUBSTITUTED_RETURN_CLAIM,3843.56,True,1,1,181.47,892,2,0,2,0,9.900002420833335,APPROVE
WRONG_ITEM_CLAIM,971.3,True,1,0,2397.53,229,4,3,0,1,5.51666782,APPROVE
WRONG_ITEM_CLAIM,6379.72,True,1,3,1181.74,1107,6,3,3,0,3.6666673841666664,ESCALATE
NON_DELIVERY_CLAIM,759.51,True,1,0,1650.72,791,5,3,2,0,0.6166667858333333,APPROVE
NON_DELIVERY_CLAIM,2122.64,True,1,1,417.54,975,5,1,0,4,2.250000441388889,APPROVE
WRONG_ITEM_CLAIM,8607.85,True,1,0,2118.68,443,6,3,2,1,19.333338072500002,ESCALATE
SHORTAGE_CLAIM,2404.0,True,1,0,2356.6,1100,3,3,0,0,29.9833401825,APPROVE
SHORTAGE_CLAIM,3049.94,False,0,1,2028.7,1373,3,3,0,0,27.916673111666665,DENY
NON_DELIVERY_CLAIM,5265.48,True,1,0,1117.31,43,10,4,5,1,10.266669177499999,ESCALATE
SUBSTITUTED_RETURN_CLAIM,6373.2,False,0,1,2411.9,437,2,1,1,0,47.98334475694444,REQUEST_EVIDENCE
SHORTAGE_CLAIM,1548.08,False,0,0,1004.79,1297,9,4,4,1,30.983340377500003,REQUEST_EVIDENCE
SUBSTITUTED_RETURN_CLAIM,3566.35,False,0,0,1185.43,766,10,2,6,1,5.033334349166667,REQUEST_EVIDENCE
SUBSTITUTED_RETURN_CLAIM,2857.91,False,0,0,287.75,419,4,0,3,0,0.9666668536111112,REQUEST_EVIDENCE
NON_DELIVERY_CLAIM,1216.43,False,0,1,2411.9,437,3,1,2,0,0.06666667972222222,REQUEST_EVIDENCE
WRONG_ITEM_CLAIM,1412.74,False,0,2,877.9,151,2,1,1,0,11.550002860277777,REQUEST_EVIDENCE
SHORTAGE_CLAIM,3425.97,False,0,0,1671.0,692,4,2,1,1,3.9500007724999997,DENY
SHORTAGE_CLAIM,1294.7,False,0,1,64.06,249,4,1,2,0,2.866667227222222,REQUEST_EVIDENCE
SUBSTITUTED_RETURN_CLAIM,2411.44,True,1,1,1876.05,727,4,2,2,0,3.750000733055556,APPROVE
SUBSTITUTED_RETURN_CLAIM,7822.4,False,0,1,1728.05,1291,1,0,0,1,60.7166810425,REQUEST_EVIDENCE
SHORTAGE_CLAIM,1165.46,False,0,0,1074.26,830,5,5,0,0,22.766672091944443,DENY
NON_DELIVERY_CLAIM,3025.93,False,0,0,2270.36,1044,4,2,1,0,18.333337869444446,REQUEST_EVIDENCE
WRONG_ITEM_CLAIM,1484.45,True,1,0,565.44,1145,4,1,2,0,41.0333426925,APPROVE
SUBSTITUTED_RETURN_CLAIM,4916.4,False,0,0,1758.48,1387,5,2,2,0,22.033338608611114,REQUEST_EVIDENCE
SHORTAGE_CLAIM,2490.98,False,0,2,2631.28,1030,5,2,2,1,21.28333846055556,REQUEST_EVIDENCE
SUBSTITUTED_RETURN_CLAIM,1686.94,False,0,1,1812.16,572,5,3,0,0,4.433334200555556,REQUEST_EVIDENCE
WRONG_ITEM_CLAIM,2316.02,False,0,0,796.1,255,6,4,0,0,18.76667129166667,REQUEST_EVIDENCE
SHORTAGE_CLAIM,4419.25,True,1,0,334.65,187,6,1,5,0,2.683333858333333,APPROVE
NON_DELIVERY_CLAIM,1645.65,True,1,1,1594.29,1062,5,1,2,1,21.750005219166667,APPROVE
NON_DELIVERY_CLAIM,1759.81,False,0,0,2747.56,102,5,2,3,0,18.85000464138889,REQUEST_EVIDENCE
WRONG_ITEM_CLAIM,4129.02,True,1,1,2571.39,378,3,2,1,0,37.93334183333333,APPROVE
SHORTAGE_CLAIM,3233.14,True,1,1,1413.66,1128,4,2,2,0,16.416670821666667,DENY
NON_DELIVERY_CLAIM,2007.11,False,0,1,1707.31,1471,5,2,3,0,6.466668030555556,REQUEST_EVIDENCE
SUBSTITUTED_RETURN_CLAIM,183.68,True,1,3,3578.46,441,1,1,0,0,81.81668527805556,APPROVE
WRONG_ITEM_CLAIM,1674.52,True,1,0,1761.01,335,3,1,2,0,62.41668137833333,APPROVE
WRONG_ITEM_CLAIM,1956.67,False,0,0,2056.53,1166,8,5,2,0,23.183338840555557,REQUEST_EVIDENCE
SHORTAGE_CLAIM,4261.18,True,1,0,1623.43,668,8,2,5,0,24.08333901972222,DENY
NON_DELIVERY_CLAIM,3112.79,False,0,0,1102.69,894,3,0,1,2,24.733339146944445,REQUEST_EVIDENCE
WRONG_ITEM_CLAIM,4989.4,False,0,1,3875.66,793,11,4,4,0,7.216668214444444,REQUEST_EVIDENCE
SUBSTITUTED_RETURN_CLAIM,1521.64,True,1,0,2449.36,1081,3,1,2,0,15.966670732777779,APPROVE
SUBSTITUTED_RETURN_CLAIM,4835.11,False,0,0,508.75,818,4,2,0,1,10.683335917222221,REQUEST_EVIDENCE
NON_DELIVERY_CLAIM,2058.83,False,0,1,1341.2,805,4,1,2,1,21.16667176861111,REQUEST_EVIDENCE
NON_DELIVERY_CLAIM,4112.38,True,1,0,2881.03,120,4,2,2,0,44.833343801388885,APPROVE
NON_DELIVERY_CLAIM,1824.27,True,1,0,82.05,1066,4,2,2,0,10.016669053888888,APPROVE
NON_DELIVERY_CLAIM,1439.58,False,0,0,544.22,1450,5,2,3,0,35.00000784111111,REQUEST_EVIDENCE
NON_DELIVERY_CLAIM,1893.27,False,0,0,2198.62,111,4,1,1,0,21.533338509999997,REQUEST_EVIDENCE
WRONG_ITEM_CLAIM,2313.01,False,0,1,3876.01,1295,5,3,2,0,8.583335230277779,REQUEST_EVIDENCE
WRONG_ITEM_CLAIM,5094.44,False,0,0,1682.66,447,3,2,1,0,11.200002717777778,REQUEST_EVIDENCE
SHORTAGE_CLAIM,609.88,False,0,0,1367.35,973,3,1,2,0,30.550006959444445,REQUEST_EVIDENCE
SHORTAGE_CLAIM,2186.97,False,0,0,2255.89,238,4,1,1,1,25.56667264361111,DENY
NON_DELIVERY_CLAIM,793.37,True,1,0,243.19,1425,7,4,3,0,2.26666711,APPROVE
SUBSTITUTED_RETURN_CLAIM,1857.94,False,0,0,2487.16,181,2,0,2,0,35.78334132777778,REQUEST_EVIDENCE
SUBSTITUTED_RETURN_CLAIM,2946.89,False,0,0,1930.81,1254,6,0,5,0,9.750002223611112,REQUEST_EVIDENCE
WRONG_ITEM_CLAIM,1165.39,True,1,0,2906.23,352,3,0,2,0,21.283338458333333,APPROVE
SUBSTITUTED_RETURN_CLAIM,2463.87,False,0,0,1058.69,661,5,2,3,0,10.483335839722223,REQUEST_EVIDENCE
NON_DELIVERY_CLAIM,5098.59,False,0,0,1201.87,1406,5,0,5,0,6.050001231666666,REQUEST_EVIDENCE
SUBSTITUTED_RETURN_CLAIM,2226.64,True,1,2,1826.62,1154,4,2,2,0,54.0000130575,APPROVE
WRONG_ITEM_CLAIM,1077.08,True,1,3,6589.6,332,3,2,1,0,20.466671628055554,APPROVE
SUBSTITUTED_RETURN_CLAIM,1935.91,False,0,0,2900.37,1483,8,3,2,1,1.133333553611111,REQUEST_EVIDENCE
WRONG_ITEM_CLAIM,4452.79,False,0,3,3578.46,441,2,2,0,0,0.4333334180555556,REQUEST_EVIDENCE
SHORTAGE_CLAIM,316.24,True,1,0,435.46,259,8,2,6,0,14.183336931666666,APPROVE
SHORTAGE_CLAIM,3690.13,False,0,1,1327.74,908,5,2,2,1,7.866668356111111,REQUEST_EVIDENCE
SHORTAGE_CLAIM,1393.63,False,0,1,361.62,190,4,1,3,0,3.4666673438888886,REQUEST_EVIDENCE
SHORTAGE_CLAIM,5584.24,False,0,0,2947.14,1282,8,5,1,1,8.650001889722223,REQUEST_EVIDENCE
SUBSTITUTED_RETURN_CLAIM,6307.3,False,0,0,1111.13,270,7,2,3,0,7.483334922222222,REQUEST_EVIDENCE
SUBSTITUTED_RETURN_CLAIM,420.34,True,1,1,2529.93,767,3,1,2,0,38.10000850694445,APPROVE
SUBSTITUTED_RETURN_CLAIM,2493.26,False,0,0,2693.8,1135,4,2,2,0,38.06667516416666,REQUEST_EVIDENCE
WRONG_ITEM_CLAIM,362.99,True,1,0,1982.17,623,5,2,3,0,11.80000285638889,APPROVE
SUBSTITUTED_RETURN_CLAIM,2527.63,False,0,1,3535.58,1018,5,1,3,1,9.816668882777778,REQUEST_EVIDENCE
SUBSTITUTED_RETURN_CLAIM,2490.53,True,1,0,2000.03,857,7,1,5,1,14.033336816944443,APPROVE
SUBSTITUTED_RETURN_CLAIM,654.09,False,0,0,2536.55,1403,5,3,2,0,5.450001064444444,REQUEST_EVIDENCE
WRONG_ITEM_CLAIM,3866.37,True,1,0,2914.88,611,8,5,3,0,6.750001397777778,APPROVE
NON_DELIVERY_CLAIM,721.33,True,1,0,1211.98,1085,3,0,3,0,6.816668080277777,APPROVE
WRONG_ITEM_CLAIM,1600.37,False,0,0,1438.47,889,3,1,2,0,19.433338087499997,REQUEST_EVIDENCE
SUBSTITUTED_RETURN_CLAIM,2064.3,True,1,1,2090.63,455,3,1,1,1,4.0666674602777775,APPROVE
SUBSTITUTED_RETURN_CLAIM,1568.38,True,1,0,1508.51,42,3,1,2,0,2.1333337472222222,APPROVE
SHORTAGE_CLAIM,2182.43,True,1,0,1117.31,43,11,4,5,2,1.116666883611111,DENY
NON_DELIVERY_CLAIM,7647.87,True,1,0,1181.15,292,4,1,2,1,35.783341326944445,ESCALATE
WRONG_ITEM_CLAIM,2568.53,True,1,4,3769.08,707,4,0,3,1,12.000002896944444,APPROVE
SHORTAGE_CLAIM,760.04,True,1,0,341.86,158,6,1,4,1,14.600003789166665,APPROVE
WRONG_ITEM_CLAIM,2688.41,True,1,1,359.64,525,4,2,2,0,32.150007269999996,APPROVE
SHORTAGE_CLAIM,4141.57,True,1,0,1381.11,648,3,0,2,0,22.450005355277778,APPROVE
SUBSTITUTED_RETURN_CLAIM,3000.32,False,0,1,1873.72,184,6,2,4,0,8.250001765833332,REQUEST_EVIDENCE
SHORTAGE_CLAIM,1783.17,True,1,1,953.85,325,4,1,3,0,27.350006328888888,DENY
SHORTAGE_CLAIM,803.53,False,0,0,2000.03,857,8,2,5,1,0.25000004805555553,REQUEST_EVIDENCE
NON_DELIVERY_CLAIM,1821.25,False,0,0,2312.3,1117,7,5,2,0,6.2833345933333336,REQUEST_EVIDENCE
SHORTAGE_CLAIM,5888.79,False,0,0,942.71,297,7,5,2,0,3.9333341008333336,DENY
WRONG_ITEM_CLAIM,1195.17,True,1,2,296.06,58,5,2,3,0,5.000000975833333,APPROVE
WRONG_ITEM_CLAIM,579.51,False,0,0,2908.72,367,9,5,4,0,6.150001221944445,REQUEST_EVIDENCE
SHORTAGE_CLAIM,5013.04,False,0,1,1942.11,581,6,1,5,0,10.6333357825,REQUEST_EVIDENCE
WRONG_ITEM_CLAIM,1697.68,False,0,2,3613.14,287,5,4,0,0,6.866668073611112,REQUEST_EVIDENCE
SHORTAGE_CLAIM,1723.4,False,0,1,1939.02,543,7,4,3,0,25.983339390277777,DENY
WRONG_ITEM_CLAIM,2509.42,True,1,4,3614.4,1228,4,2,1,0,4.08333413,APPROVE
SUBSTITUTED_RETURN_CLAIM,2490.37,True,1,1,1649.99,1490,8,2,5,0,7.73333495611111,APPROVE
WRONG_ITEM_CLAIM,4890.07,False,0,0,847.37,829,7,1,3,0,1.6333336500000002,REQUEST_EVIDENCE
SUBSTITUTED_RETURN_CLAIM,4564.18,False,0,0,1872.5,1079,5,2,3,0,12.866669779444445,REQUEST_EVIDENCE
SUBSTITUTED_RETURN_CLAIM,120.47,False,0,0,2211.35,1152,10,4,4,1,7.583334915555556,REQUEST_EVIDENCE
WRONG_ITEM_CLAIM,2310.08,True,1,0,2747.56,102,6,2,4,0,1.1333335519444445,APPROVE
SUBSTITUTED_RETURN_CLAIM,5568.15,False,0,1,2472.57,1145,1,1,0,0,63.25001487055556,REQUEST_EVIDENCE
SHORTAGE_CLAIM,2018.66,False,0,1,2067.93,1190,8,3,2,1,10.366668990833334,REQUEST_EVIDENCE
SHORTAGE_CLAIM,6395.75,False,0,0,768.86,251,2,2,0,0,27.900006434444443,REQUEST_EVIDENCE
SHORTAGE_CLAIM,699.42,True,1,1,1619.8,1160,11,7,4,0,9.633335443611113,APPROVE
SHORTAGE_CLAIM,4347.47,False,0,0,1181.15,292,5,1,2,2,0.41666674555555555,REQUEST_EVIDENCE
NON_DELIVERY_CLAIM,7456.55,False,0,1,2992.1,1135,7,5,2,0,9.03333527638889,REQUEST_EVIDENCE
WRONG_ITEM_CLAIM,5078.88,False,0,0,849.89,169,11,7,2,2,16.56667084388889,REQUEST_EVIDENCE
NON_DELIVERY_CLAIM,3868.27,True,1,1,182.1,175,8,3,5,0,2.1833337541666666,APPROVE
WRONG_ITEM_CLAIM,260.36,True,1,0,1250.32,1455,5,1,4,0,42.866676421111116,APPROVE
NON_DELIVERY_CLAIM,1457.99,True,1,0,2537.9,338,7,4,2,1,4.316667507222222,APPROVE
SHORTAGE_CLAIM,2395.08,False,0,0,508.75,818,5,2,1,1,1.1333335505555555,DENY
NON_DELIVERY_CLAIM,1541.55,False,0,0,973.54,436,5,0,2,1,29.98334017694444,REQUEST_EVIDENCE
SHORTAGE_CLAIM,2295.27,True,1,0,630.71,566,2,1,1,0,4.950000963888889,APPROVE
NON_DELIVERY_CLAIM,2505.9,False,0,0,2908.72,367,10,5,5,0,0.38333340555555556,REQUEST_EVIDENCE
SUBSTITUTED_RETURN_CLAIM,1977.85,False,0,4,3034.13,818,7,1,6,0,2.0000003855555555,REQUEST_EVIDENCE
SHORTAGE_CLAIM,4305.58,False,0,0,193.42,1435,4,2,2,0,15.083337125555556,DENY
WRONG_ITEM_CLAIM,2347.0,True,1,1,2084.34,440,6,4,2,0,9.066668605,APPROVE
NON_DELIVERY_CLAIM,6919.64,False,0,0,2962.05,1031,7,1,5,0,2.816667210277778,REQUEST_EVIDENCE
SHORTAGE_CLAIM,4214.5,True,1,2,1420.71,1310,5,1,3,0,14.250003471666666,APPROVE
SHORTAGE_CLAIM,987.55,False,0,1,189.3,1346,9,1,8,0,21.73333853972222,REQUEST_EVIDENCE
NON_DELIVERY_CLAIM,3407.86,False,0,0,22.04,744,4,1,3,0,6.1333345277777775,REQUEST_EVIDENCE
SHORTAGE_CLAIM,1462.33,False,0,2,1389.01,1130,6,1,4,0,9.35000200638889,REQUEST_EVIDENCE
SUBSTITUTED_RETURN_CLAIM,2561.41,True,1,1,1942.11,581,7,1,6,0,0.5166667647222222,APPROVE
SHORTAGE_CLAIM,6975.29,True,1,0,674.43,959,8,4,3,1,7.100001428055556,ESCALATE
WRONG_ITEM_CLAIM,206.73,False,0,2,1274.42,293,6,4,1,1,28.20000649111111,REQUEST_EVIDENCE
SUBSTITUTED_RETURN_CLAIM,1814.7,False,0,1,4234.3,642,4,1,0,2,5.766667789166667,REQUEST_EVIDENCE
SUBSTITUTED_RETURN_CLAIM,2161.39,True,1,3,5874.63,743,4,4,0,0,29.333340050555552,APPROVE
SHORTAGE_CLAIM,6735.13,False,0,1,2462.22,1296,3,1,2,0,13.300003189444444,REQUEST_EVIDENCE
SUBSTITUTED_RETURN_CLAIM,1758.27,True,1,1,2977.46,1202,6,3,1,1,9.183335289444443,APPROVE
WRONG_ITEM_CLAIM,984.45,False,0,0,2668.27,652,6,1,3,1,8.766668515833334,REQUEST_EVIDENCE
SHORTAGE_CLAIM,2552.54,True,1,1,2543.95,625,3,0,0,2,19.133338016666666,DENY
SHORTAGE_CLAIM,3293.24,False,0,2,514.81,101,4,0,1,2,9.883335471666667,DENY
SUBSTITUTED_RETURN_CLAIM,593.63,False,0,0,2383.8,1032,4,3,1,0,47.71667782027778,REQUEST_EVIDENCE
NON_DELIVERY_CLAIM,2121.77,True,1,0,2147.01,261,4,1,2,0,27.48333968416667,APPROVE
SHORTAGE_CLAIM,155.85,True,1,0,929.72,1056,6,2,3,0,6.933334708055555,APPROVE
NON_DELIVERY_CLAIM,7876.16,False,0,0,36.57,144,6,2,2,2,20.166671556111112,REQUEST_EVIDENCE
SUBSTITUTED_RETURN_CLAIM,869.36,True,1,0,2959.92,1196,5,5,0,0,18.5833379075,APPROVE
NON_DELIVERY_CLAIM,4031.0,True,1,2,2709.38,89,8,2,4,1,11.600002695555554,APPROVE
NON_DELIVERY_CLAIM,281.71,True,1,2,4499.43,1444,4,2,2,0,13.466669887222222,APPROVE
SHORTAGE_CLAIM,5047.03,False,0,0,2957.87,1334,6,3,1,0,21.366671796944445,REQUEST_EVIDENCE
SHORTAGE_CLAIM,3930.49,True,1,0,1568.13,958,7,5,2,0,2.600000501111111,APPROVE
SHORTAGE_CLAIM,2278.13,False,0,2,3613.14,287,6,4,1,0,0.8166668227777778,DENY
NON_DELIVERY_CLAIM,6409.39,False,0,0,2808.95,588,6,3,1,0,4.7500009230555555,REQUEST_EVIDENCE
SHORTAGE_CLAIM,5920.67,False,0,0,2448.84,940,6,2,3,0,28.95000663805556,REQUEST_EVIDENCE
SUBSTITUTED_RETURN_CLAIM,1403.67,True,1,1,2865.15,647,5,3,2,0,3.2333339566666663,APPROVE
SHORTAGE_CLAIM,2116.09,False,0,2,5852.54,244,6,3,2,0,8.783335170833332,REQUEST_EVIDENCE
NON_DELIVERY_CLAIM,1793.72,True,1,0,1011.09,44,5,3,2,0,2.883333889166667,APPROVE
SUBSTITUTED_RETURN_CLAIM,1727.45,False,0,0,267.01,110,4,3,0,1,15.550003820833334,REQUEST_EVIDENCE
NON_DELIVERY_CLAIM,1044.82,True,1,2,296.06,58,6,3,3,0,0.9833335213888889,APPROVE
WRONG_ITEM_CLAIM,3682.24,True,1,0,2868.83,1026,7,2,4,0,9.166668597500001,APPROVE
SHORTAGE_CLAIM,2819.32,True,1,0,1747.11,1494,11,4,4,3,4.133334134722222,APPROVE
SHORTAGE_CLAIM,2117.19,False,0,0,2225.08,518,5,4,1,0,10.633335653888889,REQUEST_EVIDENCE
NON_DELIVERY_CLAIM,1340.37,False,0,0,2012.93,1079,8,3,4,0,11.700002657777778,REQUEST_EVIDENCE
SUBSTITUTED_RETURN_CLAIM,3327.69,True,1,0,2999.86,1012,11,4,5,1,6.000001166666666,APPROVE
NON_DELIVERY_CLAIM,1134.78,False,0,0,1371.96,93,6,1,4,1,6.983334700555556,REQUEST_EVIDENCE
SUBSTITUTED_RETURN_CLAIM,2212.72,False,0,1,1055.05,385,1,0,1,0,65.33334861055556,REQUEST_EVIDENCE
NON_DELIVERY_CLAIM,2713.63,True,1,2,3147.56,233,6,1,5,0,22.48333868388889,APPROVE
WRONG_ITEM_CLAIM,1839.34,True,1,0,460.47,1326,7,2,5,0,24.96667251611111,APPROVE
SHORTAGE_CLAIM,2201.3,False,0,1,1813.32,91,8,5,2,0,9.050001891666666,DENY
SHORTAGE_CLAIM,8630.15,True,1,0,113.89,1192,5,4,0,1,8.06666830888889,ESCALATE
SUBSTITUTED_RETURN_CLAIM,1045.39,False,0,2,853.83,749,2,0,1,0,33.55000753833333,REQUEST_EVIDENCE
NON_DELIVERY_CLAIM,3262.62,False,0,1,1649.9,1210,7,3,4,0,23.983338982777777,REQUEST_EVIDENCE
SUBSTITUTED_RETURN_CLAIM,3462.94,True,1,1,1331.96,1330,1,0,1,0,33.45000751916667,APPROVE
WRONG_ITEM_CLAIM,2250.12,True,1,1,1221.02,1025,6,3,2,0,9.016668545277778,APPROVE
WRONG_ITEM_CLAIM,5151.73,True,1,0,1474.86,1003,9,5,2,1,2.7000005208333335,ESCALATE
NON_DELIVERY_CLAIM,1860.62,False,0,0,2234.12,962,5,2,2,0,14.266670071388889,REQUEST_EVIDENCE
WRONG_ITEM_CLAIM,2161.41,True,1,0,1297.52,1225,8,3,4,0,18.483337885555557,APPROVE
SUBSTITUTED_RETURN_CLAIM,4866.21,False,0,0,111.01,86,7,2,5,0,30.550006953055554,REQUEST_EVIDENCE
WRONG_ITEM_CLAIM,2736.72,False,0,0,2356.6,1100,4,4,0,0,2.650000511388889,REQUEST_EVIDENCE
WRONG_ITEM_CLAIM,6617.77,False,0,1,59.23,798,2,0,2,0,6.433334584722222,REQUEST_EVIDENCE
SHORTAGE_CLAIM,507.5,True,1,0,1995.32,497,2,1,1,0,33.666674228055555,DENY
SUBSTITUTED_RETURN_CLAIM,4245.83,True,1,1,2804.74,725,4,2,2,0,10.500002253611113,APPROVE
NON_DELIVERY_CLAIM,2467.94,False,0,0,586.64,643,7,2,3,0,17.866671096388888,REQUEST_EVIDENCE
WRONG_ITEM_CLAIM,191.29,False,0,1,2267.73,40,3,1,2,0,6.700001304166666,REQUEST_EVIDENCE
WRONG_ITEM_CLAIM,2368.1,True,1,1,2480.47,1082,5,1,3,0,7.583334833611111,APPROVE
SHORTAGE_CLAIM,4836.97,True,1,2,5852.54,244,7,3,3,0,0.5000000975,APPROVE
WRONG_ITEM_CLAIM,317.3,True,1,0,49.91,642,5,1,4,0,15.916670527499999,APPROVE
SUBSTITUTED_RETURN_CLAIM,4866.41,False,0,0,1573.94,162,3,2,1,0,29.183340016666666,REQUEST_EVIDENCE
NON_DELIVERY_CLAIM,2224.64,False,0,0,1580.05,1061,6,1,4,1,5.333334370833333,REQUEST_EVIDENCE
WRONG_ITEM_CLAIM,835.26,False,0,1,2376.72,43,5,2,3,0,10.466668900555556,REQUEST_EVIDENCE
SHORTAGE_CLAIM,5451.14,False,0,0,1074.26,830,6,5,0,0,2.633333842777778,REQUEST_EVIDENCE
NON_DELIVERY_CLAIM,2455.39,False,0,1,147.09,1367,9,2,6,1,6.3666679055555555,REQUEST_EVIDENCE
WRONG_ITEM_CLAIM,862.15,True,1,1,1213.69,332,4,1,3,0,23.20000549361111,APPROVE
SUBSTITUTED_RETURN_CLAIM,720.09,False,0,1,4234.3,642,5,1,1,2,0.9666668547222222,REQUEST_EVIDENCE
SHORTAGE_CLAIM,6514.11,True,1,1,2521.92,1435,9,4,4,0,7.816668216388889,DENY
WRONG_ITEM_CLAIM,4324.02,False,0,0,113.89,1192,6,4,0,2,0.43333341833333333,REQUEST_EVIDENCE
WRONG_ITEM_CLAIM,2067.47,False,0,1,7706.23,1466,4,1,3,0,36.700008165,REQUEST_EVIDENCE
SUBSTITUTED_RETURN_CLAIM,9292.31,False,0,1,1507.92,1297,6,1,3,1,7.8500015549999995,REQUEST_EVIDENCE
WRONG_ITEM_CLAIM,7800.02,True,1,0,1982.17,623,6,3,3,0,1.9833337155555557,ESCALATE
WRONG_ITEM_CLAIM,1685.01,True,1,1,1714.11,445,5,2,2,0,25.20000589,APPROVE
NON_DELIVERY_CLAIM,2183.79,True,1,1,297.88,271,5,4,1,0,9.01666852,APPROVE
SUBSTITUTED_RETURN_CLAIM,714.29,False,0,0,501.14,257,9,5,3,0,4.2500008255555555,REQUEST_EVIDENCE
SHORTAGE_CLAIM,2283.15,False,0,0,315.67,474,4,0,2,0,11.68333589361111,DENY
SUBSTITUTED_RETURN_CLAIM,1524.31,False,0,2,877.9,151,3,1,2,0,2.933333900277778,REQUEST_EVIDENCE
SUBSTITUTED_RETURN_CLAIM,5417.85,True,1,2,1028.01,1424,4,1,3,0,22.950005442777776,ESCALATE
SHORTAGE_CLAIM,1826.53,False,0,1,2521.92,1435,10,4,4,0,0.18333336916666668,REQUEST_EVIDENCE
SUBSTITUTED_RETURN_CLAIM,393.44,True,1,2,4188.03,363,4,1,3,0,3.5166673469444443,APPROVE
WRONG_ITEM_CLAIM,3594.87,True,1,1,1238.84,400,10,4,3,2,20.350004922222222,APPROVE
WRONG_ITEM_CLAIM,1193.88,True,1,1,1950.93,1366,8,4,4,0,6.316667898611111,APPROVE
SUBSTITUTED_RETURN_CLAIM,856.65,False,0,1,237.06,334,8,3,4,1,20.700004992222222,REQUEST_EVIDENCE
NON_DELIVERY_CLAIM,1137.09,False,0,0,113.18,210,10,4,4,0,6.616667956666666,REQUEST_EVIDENCE
NON_DELIVERY_CLAIM,4603.7,True,1,1,5324.85,503,8,4,3,0,15.4666703625,APPROVE
SUBSTITUTED_RETURN_CLAIM,1365.61,True,1,1,4717.96,412,3,1,2,0,5.85000114,APPROVE
NON_DELIVERY_CLAIM,2865.19,False,0,1,444.04,942,5,2,2,1,12.866669624999998,REQUEST_EVIDENCE
NON_DELIVERY_CLAIM,460.1,True,1,1,2436.36,1139,3,2,1,0,18.91667130611111,APPROVE
SUBSTITUTED_RETURN_CLAIM,5023.93,True,1,1,2916.22,1316,3,2,1,0,14.216670004166668,ESCALATE
SUBSTITUTED_RETURN_CLAIM,2657.69,False,0,0,662.55,1435,9,2,4,1,31.30000710138889,REQUEST_EVIDENCE
NON_DELIVERY_CLAIM,2526.42,False,0,1,1181.39,187,8,2,6,0,5.0166676441666676,REQUEST_EVIDENCE
SHORTAGE_CLAIM,709.81,True,1,3,1312.78,743,4,0,3,1,45.31667701611111,DENY
SHORTAGE_CLAIM,826.9,False,0,0,2721.73,1144,3,3,0,0,23.466672212222225,REQUEST_EVIDENCE
WRONG_ITEM_CLAIM,3426.84,False,0,0,1580.05,1061,7,1,5,1,0.5333334399999999,REQUEST_EVIDENCE
SHORTAGE_CLAIM,2140.11,False,0,0,2437.93,374,4,1,2,0,20.15000488361111,DENY
SUBSTITUTED_RETURN_CLAIM,2851.19,True,1,4,1372.8,925,5,2,3,0,14.250003337777779,APPROVE
NON_DELIVERY_CLAIM,4448.32,True,1,2,2307.66,1355,8,4,4,0,20.283338242499998,APPROVE
SHORTAGE_CLAIM,3068.31,False,0,0,895.5,1424,3,1,1,0,50.38334513111111,REQUEST_EVIDENCE
WRONG_ITEM_CLAIM,3745.17,False,0,1,2759.07,1122,9,5,2,2,4.950000964722222,REQUEST_EVIDENCE
WRONG_ITEM_CLAIM,2956.89,True,1,3,2756.82,1053,4,2,2,0,33.13334079333333,APPROVE
SUBSTITUTED_RETURN_CLAIM,1566.22,True,1,2,2307.66,1355,9,5,4,0,0.06666667972222222,APPROVE
SHORTAGE_CLAIM,189.77,True,1,0,2556.58,1498,2,2,0,0,60.35001429861111,APPROVE
SHORTAGE_CLAIM,249.01,True,1,1,362.41,1313,4,1,3,0,7.200001405,APPROVE
WRONG_ITEM_CLAIM,1842.91,False,0,0,1593.19,218,2,1,1,0,12.750002859444445,REQUEST_EVIDENCE
SHORTAGE_CLAIM,1128.04,False,0,4,3769.08,707,5,1,3,1,2.3500004574999998,REQUEST_EVIDENCE
WRONG_ITEM_CLAIM,2752.73,False,0,0,2390.3,1438,3,2,0,1,37.433341645,REQUEST_EVIDENCE
WRONG_ITEM_CLAIM,3556.41,False,0,0,435.46,259,9,3,6,0,2.683333856111111,REQUEST_EVIDENCE
WRONG_ITEM_CLAIM,1697.49,True,1,4,3034.13,818,8,1,7,0,1.833333693611111,APPROVE
SHORTAGE_CLAIM,2503.89,False,0,1,616.48,1442,7,2,2,0,34.28334101944444,REQUEST_EVIDENCE
SHORTAGE_CLAIM,390.08,True,1,1,2779.82,185,4,3,0,1,13.233336363333333,APPROVE
WRONG_ITEM_CLAIM,2167.93,True,1,0,1884.89,136,2,0,2,0,47.13334417944444,APPROVE
SUBSTITUTED_RETURN_CLAIM,1509.25,False,0,0,348.2,958,9,4,4,0,30.7666736675,REQUEST_EVIDENCE
NON_DELIVERY_CLAIM,1778.45,True,1,1,2071.56,1379,5,4,1,0,4.9166676266666665,APPROVE
SUBSTITUTED_RETURN_CLAIM,2235.88,True,1,0,504.4,1236,6,3,2,0,17.433337676111112,APPROVE
SHORTAGE_CLAIM,2111.18,True,1,0,1956.2,1115,6,4,2,0,4.900000956666667,APPROVE
SHORTAGE_CLAIM,1713.07,False,0,0,1162.58,266,6,2,4,0,35.53334127055555,REQUEST_EVIDENCE
NON_DELIVERY_CLAIM,941.35,True,1,0,1505.47,718,5,2,3,0,14.933336834166667,APPROVE
WRONG_ITEM_CLAIM,120.53,False,0,1,2084.34,440,7,5,2,0,1.9666670533333335,REQUEST_EVIDENCE
SHORTAGE_CLAIM,1506.07,False,0,1,501.49,1200,5,1,2,0,7.650001493055556,REQUEST_EVIDENCE
SUBSTITUTED_RETURN_CLAIM,3250.27,True,1,0,2808.95,588,7,3,2,0,1.5666669758333334,APPROVE
SHORTAGE_CLAIM,2246.99,True,1,1,2734.82,1264,3,2,1,0,14.966670170833334,APPROVE
WRONG_ITEM_CLAIM,4600.52,False,0,1,2834.96,1345,6,0,5,1,10.766668920277779,REQUEST_EVIDENCE
WRONG_ITEM_CLAIM,7374.21,True,1,0,12.37,438,5,2,3,0,5.066667655,ESCALATE
NON_DELIVERY_CLAIM,4711.25,True,1,4,7019.74,1279,6,0,6,0,4.383334185277778,APPROVE
WRONG_ITEM_CLAIM,2246.15,False,0,0,2976.91,458,3,1,1,0,7.850001531388889,REQUEST_EVIDENCE
SHORTAGE_CLAIM,356.1,True,1,0,2378.22,926,2,0,2,0,52.00001222805556,APPROVE
NON_DELIVERY_CLAIM,1206.66,True,1,0,1747.11,1494,12,5,4,3,1.5500003061111112,APPROVE
SUBSTITUTED_RETURN_CLAIM,4121.49,False,0,2,3034.03,43,8,4,2,1,4.7333342527777775,REQUEST_EVIDENCE
WRONG_ITEM_CLAIM,504.39,True,1,0,1537.93,1239,9,2,7,0,10.683335558333333,APPROVE
WRONG_ITEM_CLAIM,633.15,True,1,1,2937.77,1046,4,1,3,0,10.766668911944445,APPROVE
SUBSTITUTED_RETURN_CLAIM,3944.48,True,1,1,2996.46,1183,6,3,2,0,10.366668809166667,APPROVE
WRONG_ITEM_CLAIM,3172.54,False,0,0,1355.74,935,2,0,1,0,31.616673831666667,REQUEST_EVIDENCE
NON_DELIVERY_CLAIM,931.34,False,0,1,464.42,1169,5,0,4,1,5.383334383888889,REQUEST_EVIDENCE
NON_DELIVERY_CLAIM,3201.44,True,1,1,1330.69,93,4,0,3,0,32.51667400722222,APPROVE
SHORTAGE_CLAIM,3435.04,True,1,0,286.66,510,3,1,2,0,9.066668472222222,DENY
SHORTAGE_CLAIM,2258.6,True,1,0,2862.47,1034,6,3,2,0,15.766670372222222,APPROVE
SUBSTITUTED_RETURN_CLAIM,1825.14,False,0,1,760.9,450,3,1,2,0,25.366672590555556,REQUEST_EVIDENCE
SHORTAGE_CLAIM,3502.97,True,1,0,1259.48,1276,5,3,2,0,27.033339592222223,APPROVE
SUBSTITUTED_RETURN_CLAIM,4010.16,False,0,4,4192.47,182,2,1,0,1,27.1166729425,REQUEST_EVIDENCE
WRONG_ITEM_CLAIM,4651.14,False,0,0,1074.26,830,7,5,1,0,1.2666669177777778,REQUEST_EVIDENCE
SUBSTITUTED_RETURN_CLAIM,138.04,False,0,1,1690.25,1351,3,1,2,0,4.483334216666667,REQUEST_EVIDENCE
SUBSTITUTED_RETURN_CLAIM,736.53,False,0,0,2517.67,1122,3,3,0,0,6.366667924166667,REQUEST_EVIDENCE
NON_DELIVERY_CLAIM,4113.35,False,0,1,5603.62,1156,6,4,1,1,15.400003610833332,REQUEST_EVIDENCE
SUBSTITUTED_RETURN_CLAIM,8148.74,False,0,0,2579.39,1000,8,2,5,0,9.30000187611111,REQUEST_EVIDENCE
NON_DELIVERY_CLAIM,1352.45,False,0,1,64.06,249,5,1,3,0,4.033334141944445,REQUEST_EVIDENCE
SUBSTITUTED_RETURN_CLAIM,2997.99,True,1,0,715.72,1294,12,5,6,0,9.350001891944444,APPROVE
NON_DELIVERY_CLAIM,779.23,True,1,2,1011.35,518,6,4,2,0,15.000003505,APPROVE
NON_DELIVERY_CLAIM,2092.54,True,1,1,2600.32,1404,4,1,2,1,13.28333627888889,APPROVE
SHORTAGE_CLAIM,167.64,False,0,0,1363.93,786,3,1,2,0,28.466673238333335,REQUEST_EVIDENCE
SUBSTITUTED_RETURN_CLAIM,2240.7,True,1,0,2049.67,1299,6,3,1,0,27.916673132222225,APPROVE
NON_DELIVERY_CLAIM,1590.82,True,1,0,83.93,112,7,5,2,0,32.116673964166665,APPROVE
NON_DELIVERY_CLAIM,2500.0,False,0,2,2257.05,1487,7,5,1,1,13.200002919444444,REQUEST_EVIDENCE
WRONG_ITEM_CLAIM,5375.68,True,1,0,2390.3,1438,4,2,1,1,0.7833335247222222,ESCALATE
NON_DELIVERY_CLAIM,2513.63,False,0,0,956.15,1213,4,2,1,0,46.516677307222224,REQUEST_EVIDENCE
SHORTAGE_CLAIM,1749.49,False,0,0,1593.19,218,3,1,2,0,0.8500002091666666,DENY
NON_DELIVERY_CLAIM,5470.99,True,1,0,1567.0,236,7,2,4,0,18.683337969166665,ESCALATE
SUBSTITUTED_RETURN_CLAIM,2006.28,True,1,0,2237.92,1041,6,3,3,0,13.55000305611111,APPROVE
SUBSTITUTED_RETURN_CLAIM,1916.64,False,0,0,1605.3,651,4,2,2,0,36.88334158916667,REQUEST_EVIDENCE
NON_DELIVERY_CLAIM,1588.08,False,0,0,354.92,559,5,4,1,0,23.983339036666667,REQUEST_EVIDENCE
SHORTAGE_CLAIM,6058.41,False,0,1,444.04,942,6,2,3,1,1.2166669636111112,REQUEST_EVIDENCE
SUBSTITUTED_RETURN_CLAIM,1010.23,False,0,1,1947.29,876,4,4,0,0,17.433337535833335,REQUEST_EVIDENCE
SHORTAGE_CLAIM,3818.47,False,0,0,2140.11,635,4,2,1,1,9.083335177777778,REQUEST_EVIDENCE
WRONG_ITEM_CLAIM,628.69,True,1,0,1078.46,677,6,2,2,0,14.833336805277776,APPROVE
WRONG_ITEM_CLAIM,2757.66,True,1,4,4067.54,1449,4,1,1,1,16.76667068138889,APPROVE
NON_DELIVERY_CLAIM,1827.98,False,0,0,1238.88,94,4,2,1,1,39.700008822777775,REQUEST_EVIDENCE
WRONG_ITEM_CLAIM,2534.8,False,0,0,1259.48,1276,6,4,2,0,0.46666682499999995,REQUEST_EVIDENCE
NON_DELIVERY_CLAIM,2308.86,True,1,0,2687.1,194,3,1,1,0,32.100007329444445,APPROVE
WRONG_ITEM_CLAIM,2094.24,False,0,1,212.1,313,8,1,5,0,20.366671660555557,REQUEST_EVIDENCE
WRONG_ITEM_CLAIM,2262.96,True,1,0,319.65,198,7,5,2,0,12.650002770277778,APPROVE
SUBSTITUTED_RETURN_CLAIM,1622.14,False,0,3,4912.45,746,2,1,1,0,44.56667670833333,REQUEST_EVIDENCE
NON_DELIVERY_CLAIM,1868.14,True,1,1,760.01,1268,3,2,1,0,15.533337000277779,APPROVE
SHORTAGE_CLAIM,1909.44,True,1,3,6589.6,332,4,3,1,0,3.816667487222222,APPROVE
WRONG_ITEM_CLAIM,6769.29,True,1,0,1370.24,124,5,1,3,0,21.066671808333332,ESCALATE
NON_DELIVERY_CLAIM,8611.99,False,0,0,267.42,924,4,2,2,0,41.65000926972222,REQUEST_EVIDENCE
SHORTAGE_CLAIM,4731.22,False,0,0,2317.12,50,4,0,2,0,27.1833397025,REQUEST_EVIDENCE
SUBSTITUTED_RETURN_CLAIM,4229.42,True,1,0,2962.05,1031,8,1,6,0,2.916667323611111,APPROVE
SUBSTITUTED_RETURN_CLAIM,4540.02,False,0,1,770.91,880,7,3,3,0,23.816672365000002,REQUEST_EVIDENCE
WRONG_ITEM_CLAIM,1886.92,True,1,2,2257.05,1487,8,5,2,1,0.4333334697222222,APPROVE
NON_DELIVERY_CLAIM,2986.41,True,1,0,1438.47,889,4,1,3,0,3.666667471111111,APPROVE
NON_DELIVERY_CLAIM,2080.63,False,0,0,880.72,1142,1,1,0,0,43.933343195000006,REQUEST_EVIDENCE
WRONG_ITEM_CLAIM,1928.7,True,1,0,2971.85,1093,5,4,1,0,18.15000457527778,APPROVE
NON_DELIVERY_CLAIM,4303.74,False,0,0,813.93,441,4,1,3,0,11.833335894722222,REQUEST_EVIDENCE
WRONG_ITEM_CLAIM,1934.14,False,0,1,2992.1,1135,8,5,3,0,3.233334063888889,REQUEST_EVIDENCE
SUBSTITUTED_RETURN_CLAIM,139.49,False,0,0,1201.75,316,9,2,6,1,8.666668458333334,REQUEST_EVIDENCE
SUBSTITUTED_RETURN_CLAIM,3570.21,False,0,0,2537.9,338,8,5,2,1,3.2000007280555556,REQUEST_EVIDENCE
SHORTAGE_CLAIM,2159.16,False,0,3,6265.87,429,1,0,1,0,88.88335343083332,REQUEST_EVIDENCE
SUBSTITUTED_RETURN_CLAIM,2448.9,False,0,0,1085.35,477,3,1,2,0,5.383334486111111,REQUEST_EVIDENCE
SUBSTITUTED_RETURN_CLAIM,197.09,True,1,1,1437.06,272,5,3,2,0,12.600002765000001,APPROVE
SHORTAGE_CLAIM,2178.22,False,0,0,1272.93,619,6,0,6,0,15.866670435555557,DENY
WRONG_ITEM_CLAIM,8448.15,True,1,1,2472.57,1145,2,1,1,0,3.433334115,ESCALATE
SHORTAGE_CLAIM,6097.09,True,1,0,2033.09,613,5,1,3,1,33.40000762555555,ESCALATE
SHORTAGE_CLAIM,4107.86,False,0,0,1930.81,1254,7,0,6,0,4.2333342725000005,REQUEST_EVIDENCE
WRONG_ITEM_CLAIM,2735.27,False,0,2,7632.14,989,6,2,3,0,8.950001863055556,REQUEST_EVIDENCE
WRONG_ITEM_CLAIM,2621.58,False,0,0,1476.17,558,7,2,3,1,8.600001796666666,REQUEST_EVIDENCE
NON_DELIVERY_CLAIM,4925.33,False,0,0,505.91,1330,8,4,2,2,15.4000036425,REQUEST_EVIDENCE
SUBSTITUTED_RETURN_CLAIM,4342.87,False,0,0,1619.28,98,5,3,2,0,5.633334551388889,REQUEST_EVIDENCE
WRONG_ITEM_CLAIM,6826.76,True,1,1,968.04,373,5,2,2,1,27.300006428055553,ESCALATE
SHORTAGE_CLAIM,1786.07,True,1,2,7501.36,1447,7,4,2,0,21.00000517361111,APPROVE
SUBSTITUTED_RETURN_CLAIM,887.0,False,0,1,588.3,1459,8,1,5,1,17.4833375625,REQUEST_EVIDENCE
WRONG_ITEM_CLAIM,1509.09,False,0,0,62.57,189,3,0,3,0,22.95000556305556,REQUEST_EVIDENCE
WRONG_ITEM_CLAIM,7336.3,False,0,1,622.39,1115,5,1,3,0,18.35000448166667,REQUEST_EVIDENCE
NON_DELIVERY_CLAIM,6571.87,True,1,1,2458.81,373,6,2,3,1,5.483334533333333,ESCALATE
NON_DELIVERY_CLAIM,2778.05,True,1,1,263.39,822,6,2,3,1,12.5166694175,APPROVE
SHORTAGE_CLAIM,292.77,False,0,1,588.3,1459,9,1,6,1,0.08333335388888888,DENY
NON_DELIVERY_CLAIM,2850.78,True,1,0,2743.23,1105,6,1,1,2,16.08333716361111,APPROVE
WRONG_ITEM_CLAIM,1961.03,True,1,2,2234.81,1456,10,3,6,0,9.583335335833334,APPROVE
NON_DELIVERY_CLAIM,970.02,True,1,1,2759.07,1122,10,5,3,2,1.8000004847222222,APPROVE
SHORTAGE_CLAIM,451.65,True,1,0,1630.29,1217,6,3,2,1,53.083345873055556,DENY
SUBSTITUTED_RETURN_CLAIM,4606.58,False,0,0,2990.55,1063,7,1,3,1,33.350007635833336,REQUEST_EVIDENCE
WRONG_ITEM_CLAIM,3031.54,True,1,1,402.6,1193,8,3,5,0,32.316674102777775,APPROVE
WRONG_ITEM_CLAIM,3470.39,False,0,0,352.66,1488,1,0,1,0,70.8000164886111,REQUEST_EVIDENCE
SHORTAGE_CLAIM,2946.89,True,1,0,1930.81,1254,8,0,7,0,0.33333341694444446,DENY
NON_DELIVERY_CLAIM,2402.94,False,0,0,570.4,130,4,2,1,1,18.850004752222222,REQUEST_EVIDENCE
SUBSTITUTED_RETURN_CLAIM,1321.98,True,1,4,3020.44,736,5,2,2,0,6.983334828611111,APPROVE
SHORTAGE_CLAIM,4582.01,True,1,0,109.66,1102,5,2,2,0,6.533334741111111,DENY
SUBSTITUTED_RETURN_CLAIM,6783.73,False,0,0,354.92,559,6,4,2,0,0.9500002619444444,REQUEST_EVIDENCE
WRONG_ITEM_CLAIM,4412.57,True,1,0,1916.18,58,7,3,3,1,6.3333346975,APPROVE
NON_DELIVERY_CLAIM,2051.06,True,1,0,895.5,1424,4,1,2,0,2.0000005244444443,APPROVE
SHORTAGE_CLAIM,2099.54,False,0,4,1372.8,925,6,3,3,0,2.0500005341666667,DENY
SHORTAGE_CLAIM,4113.61,False,0,1,1810.91,604,3,2,1,0,26.616672967777777,REQUEST_EVIDENCE
SUBSTITUTED_RETURN_CLAIM,1497.83,False,0,0,1976.67,1159,4,1,3,0,5.983334631111111,REQUEST_EVIDENCE
SHORTAGE_CLAIM,6791.75,False,0,0,1285.52,632,3,1,2,0,44.45000999277778,REQUEST_EVIDENCE
SUBSTITUTED_RETURN_CLAIM,1558.22,False,0,0,780.67,1333,4,3,1,0,45.066676827222224,REQUEST_EVIDENCE
NON_DELIVERY_CLAIM,5553.38,True,1,2,981.87,220,3,1,0,1,13.100002879444444,ESCALATE
NON_DELIVERY_CLAIM,4396.99,False,0,0,270.75,1054,2,1,1,0,44.43334331861111,REQUEST_EVIDENCE
SHORTAGE_CLAIM,915.66,False,0,2,2570.25,731,5,3,2,0,23.716672385555555,REQUEST_EVIDENCE
SUBSTITUTED_RETURN_CLAIM,4094.69,True,1,0,1733.76,1392,5,2,3,0,27.91667322388889,APPROVE
SHORTAGE_CLAIM,3862.41,False,0,2,1151.45,648,8,2,4,0,27.066673055277775,REQUEST_EVIDENCE
NON_DELIVERY_CLAIM,3889.61,False,0,1,2405.98,303,7,2,3,1,19.38333818916667,REQUEST_EVIDENCE
SHORTAGE_CLAIM,129.49,False,0,3,4869.1,661,7,2,4,0,7.766668315277778,REQUEST_EVIDENCE
NON_DELIVERY_CLAIM,5938.52,True,1,2,2200.43,485,7,3,3,0,18.833337908055555,ESCALATE
NON_DELIVERY_CLAIM,2395.53,True,1,1,1507.18,69,3,1,1,1,45.33334355611111,APPROVE
NON_DELIVERY_CLAIM,712.61,False,0,0,2959.92,1196,6,6,0,0,3.5500008297222223,REQUEST_EVIDENCE
SUBSTITUTED_RETURN_CLAIM,3641.43,True,1,0,1651.49,183,1,0,1,0,59.4000142425,APPROVE
WRONG_ITEM_CLAIM,1478.28,True,1,4,3034.13,818,9,2,7,0,2.1166672133333333,APPROVE
NON_DELIVERY_CLAIM,2513.63,False,0,0,956.15,1213,5,2,2,0,1.3666670258333333,REQUEST_EVIDENCE
NON_DELIVERY_CLAIM,3307.16,False,0,0,1367.35,973,4,1,3,0,5.050001117500001,REQUEST_EVIDENCE
WRONG_ITEM_CLAIM,5072.83,True,1,2,2801.77,520,3,2,1,0,7.033334839444444,ESCALATE
SUBSTITUTED_RETURN_CLAIM,282.83,True,1,1,1812.16,572,6,3,1,0,5.466667865833333,APPROVE
NON_DELIVERY_CLAIM,1996.4,False,0,2,2940.14,918,4,4,0,0,22.800005536111108,REQUEST_EVIDENCE
NON_DELIVERY_CLAIM,3226.49,True,1,0,2808.74,1261,7,1,5,1,21.433338599444443,APPROVE
SUBSTITUTED_RETURN_CLAIM,382.34,True,1,2,2252.07,119,8,3,2,2,13.416669609722222,APPROVE
SHORTAGE_CLAIM,429.41,True,1,1,1055.05,385,2,0,2,0,3.4000008016666667,APPROVE
WRONG_ITEM_CLAIM,2234.47,True,1,1,263.39,822,7,3,3,1,0.6833334680555556,APPROVE
NON_DELIVERY_CLAIM,1526.81,True,1,1,375.12,773,4,0,1,2,17.500004170555556,APPROVE
NON_DELIVERY_CLAIM,2264.85,True,1,0,341.86,158,7,2,4,1,4.683334380277778,APPROVE
SHORTAGE_CLAIM,4516.67,False,0,2,1432.36,860,2,1,1,0,43.400009696111105,REQUEST_EVIDENCE
NON_DELIVERY_CLAIM,4814.58,True,1,1,1598.16,1087,8,6,2,0,23.63333903388889,APPROVE
NON_DELIVERY_CLAIM,1653.25,False,0,1,3625.21,1143,7,3,4,0,6.616668088333333,REQUEST_EVIDENCE
NON_DELIVERY_CLAIM,1280.79,False,0,0,412.7,771,4,1,2,1,28.133339933055556,REQUEST_EVIDENCE
WRONG_ITEM_CLAIM,1619.67,False,0,0,835.7,465,9,3,4,1,6.816668126666666,REQUEST_EVIDENCE
WRONG_ITEM_CLAIM,3030.08,True,1,1,4742.58,360,6,1,5,0,15.166670126388889,APPROVE
NON_DELIVERY_CLAIM,1068.82,True,1,0,1382.98,1352,4,0,1,1,47.166677391388895,APPROVE
SHORTAGE_CLAIM,2351.56,True,1,1,2263.65,1081,10,3,4,1,16.98333734722222,DENY
SUBSTITUTED_RETURN_CLAIM,2198.67,False,0,0,2829.83,1305,2,0,2,0,28.50000667666667,REQUEST_EVIDENCE
NON_DELIVERY_CLAIM,7419.51,True,1,4,4192.47,182,3,1,1,1,1.9500005130555558,ESCALATE
SUBSTITUTED_RETURN_CLAIM,1610.99,True,1,0,1879.39,512,8,3,3,2,11.700002493333333,APPROVE
WRONG_ITEM_CLAIM,1863.12,True,1,0,2527.63,1344,6,1,3,0,10.666668890833332,APPROVE
NON_DELIVERY_CLAIM,4793.06,False,0,0,939.81,724,9,6,2,0,14.316669838611112,REQUEST_EVIDENCE
SUBSTITUTED_RETURN_CLAIM,1648.77,True,1,1,1508.72,990,1,0,1,0,14.766669966666667,APPROVE
SHORTAGE_CLAIM,1844.14,False,0,0,524.11,554,4,3,1,0,12.083335919444444,DENY
SUBSTITUTED_RETURN_CLAIM,7599.68,True,1,0,717.19,1173,7,1,5,0,11.650002474999999,ESCALATE
SUBSTITUTED_RETURN_CLAIM,1075.16,True,1,2,2200.43,485,8,3,3,1,0.5333334377777778,APPROVE
NON_DELIVERY_CLAIM,1778.78,True,1,0,1367.35,973,5,1,4,0,0.45000008777777784,APPROVE
NON_DELIVERY_CLAIM,563.62,False,0,1,2491.35,423,12,6,3,1,7.166668194722222,REQUEST_EVIDENCE
WRONG_ITEM_CLAIM,1547.92,False,0,0,2065.84,623,4,3,1,0,41.13334250333333,REQUEST_EVIDENCE
NON_DELIVERY_CLAIM,910.69,True,1,0,1907.63,723,6,3,2,1,20.350005048055557,APPROVE
WRONG_ITEM_CLAIM,1876.88,False,0,1,1493.22,887,6,2,3,0,21.566671958055554,REQUEST_EVIDENCE
SHORTAGE_CLAIM,2479.11,True,1,0,883.26,130,3,2,1,0,20.916671828055556,APPROVE
SUBSTITUTED_RETURN_CLAIM,1468.49,True,1,0,255.46,1478,5,2,1,0,9.5833353375,APPROVE
SHORTAGE_CLAIM,1909.59,True,1,1,1594.29,1062,6,2,2,1,5.9500012938888895,DENY
WRONG_ITEM_CLAIM,4833.83,True,1,4,2497.91,624,6,0,2,2,17.416670777777778,APPROVE
SUBSTITUTED_RETURN_CLAIM,2113.29,False,0,1,1939.02,543,8,4,3,0,4.933334431111111,REQUEST_EVIDENCE
WRONG_ITEM_CLAIM,1955.96,False,0,0,2973.26,1233,8,1,3,2,16.93333730722222,REQUEST_EVIDENCE
SUBSTITUTED_RETURN_CLAIM,1741.27,False,0,1,2469.59,928,6,0,2,2,10.233335465277777,REQUEST_EVIDENCE
WRONG_ITEM_CLAIM,5295.75,True,1,0,420.89,1026,5,1,2,1,8.883335201388888,ESCALATE
NON_DELIVERY_CLAIM,1956.57,True,1,0,499.09,1021,5,3,1,0,25.016672644444444,APPROVE
SHORTAGE_CLAIM,737.29,False,0,0,2022.07,443,5,3,1,0,7.483334924444445,DENY
SUBSTITUTED_RETURN_CLAIM,1097.06,True,1,0,341.86,158,8,3,4,1,0.5500001077777777,APPROVE
SHORTAGE_CLAIM,7003.29,True,1,0,260.39,1248,2,1,1,0,86.15001959,ESCALATE
NON_DELIVERY_CLAIM,2232.16,True,1,1,7746.51,356,4,2,2,0,25.61667276416667,APPROVE
SUBSTITUTED_RETURN_CLAIM,3939.08,True,1,0,2817.42,535,5,1,4,0,8.400001772777777,APPROVE
SHORTAGE_CLAIM,633.23,False,0,0,82.05,1066,5,3,2,0,5.900001284166667,REQUEST_EVIDENCE
WRONG_ITEM_CLAIM,1639.51,False,0,0,1580.05,1061,8,1,6,1,3.16666742,REQUEST_EVIDENCE
SUBSTITUTED_RETURN_CLAIM,297.63,True,1,0,628.58,212,6,2,4,0,21.033338518055555,APPROVE
SUBSTITUTED_RETURN_CLAIM,5792.63,True,1,2,3034.03,43,9,4,3,1,2.6333339825,ESCALATE
NON_DELIVERY_CLAIM,5747.17,True,1,1,5324.85,503,9,5,3,0,3.3666674602777777,ESCALATE
WRONG_ITEM_CLAIM,931.58,False,0,1,207.06,476,4,3,1,0,34.01667443555555,REQUEST_EVIDENCE
SHORTAGE_CLAIM,4371.18,False,0,0,1554.89,1408,7,3,2,1,10.133335445555556,REQUEST_EVIDENCE
WRONG_ITEM_CLAIM,710.62,True,1,0,330.71,411,5,1,3,1,9.466668648055556,APPROVE
SUBSTITUTED_RETURN_CLAIM,4071.82,False,0,2,2061.2,1237,5,1,2,0,30.36667371361111,REQUEST_EVIDENCE
NON_DELIVERY_CLAIM,3394.68,True,1,0,599.0,1005,5,2,3,0,10.116668775833334,APPROVE
SHORTAGE_CLAIM,1532.97,True,1,1,1705.43,186,6,1,3,0,28.51667334,DENY
WRONG_ITEM_CLAIM,1937.63,False,0,0,1918.58,306,5,1,4,0,24.63333923027778,REQUEST_EVIDENCE
SUBSTITUTED_RETURN_CLAIM,3002.49,False,0,0,2962.05,1031,9,2,6,0,1.98333377,REQUEST_EVIDENCE
NON_DELIVERY_CLAIM,2313.27,True,1,0,1284.32,507,4,0,4,0,21.816672005555557,APPROVE
NON_DELIVERY_CLAIM,759.51,False,0,0,1650.72,791,6,4,2,0,6.78333479,REQUEST_EVIDENCE
SUBSTITUTED_RETURN_CLAIM,344.74,True,1,0,2857.91,643,6,4,1,1,18.033337580277777,APPROVE
NON_DELIVERY_CLAIM,1670.7,False,0,0,420.89,1026,6,1,2,2,0.38333340833333335,REQUEST_EVIDENCE
SUBSTITUTED_RETURN_CLAIM,2763.61,False,0,0,2971.01,1261,1,1,0,0,44.650009964166664,REQUEST_EVIDENCE
NON_DELIVERY_CLAIM,1558.36,False,0,0,1659.93,446,5,2,2,0,9.800002046666666,REQUEST_EVIDENCE
WRONG_ITEM_CLAIM,1541.76,False,0,0,22.04,744,5,1,4,0,4.966667773055555,REQUEST_EVIDENCE
NON_DELIVERY_CLAIM,2408.24,False,0,0,2102.18,1434,7,1,6,0,32.533340807500004,REQUEST_EVIDENCE
SUBSTITUTED_RETURN_CLAIM,734.39,False,0,4,5784.57,267,2,0,1,0,16.750003880833333,REQUEST_EVIDENCE
SHORTAGE_CLAIM,2288.71,True,1,0,1907.63,723,7,4,2,1,0.6333334580555556,APPROVE
NON_DELIVERY_CLAIM,6394.87,True,1,1,2934.07,678,4,3,1,0,37.53334178833333,ESCALATE
NON_DELIVERY_CLAIM,5443.15,True,1,0,1102.69,894,4,0,2,2,6.4000013825,ESCALATE
NON_DELIVERY_CLAIM,6993.03,False,0,1,1334.76,1377,3,2,1,0,29.650006902222223,REQUEST_EVIDENCE
WRONG_ITEM_CLAIM,6968.55,False,0,4,3769.08,707,6,1,4,1,3.400000798333333,REQUEST_EVIDENCE
NON_DELIVERY_CLAIM,1553.66,True,1,0,1438.47,889,5,2,3,0,2.183333804166667,APPROVE
SUBSTITUTED_RETURN_CLAIM,4282.54,True,1,3,3287.03,662,5,3,2,0,18.833337785555557,APPROVE
NON_DELIVERY_CLAIM,2080.91,False,0,0,27.57,684,6,3,3,0,9.350001959444445,REQUEST_EVIDENCE
SHORTAGE_CLAIM,1608.14,False,0,1,2992.1,1135,9,5,4,0,2.1666671255555556,DENY
WRONG_ITEM_CLAIM,1204.41,False,0,1,2292.48,481,6,3,3,0,19.516671307777777,REQUEST_EVIDENCE
SHORTAGE_CLAIM,929.6,True,1,1,708.59,387,6,3,2,0,15.066669968888888,DENY
WRONG_ITEM_CLAIM,1872.36,True,1,0,2198.82,1331,4,3,1,0,37.55000845722222,APPROVE
SHORTAGE_CLAIM,2391.09,False,0,1,2804.74,725,5,3,2,0,4.366667656944444,DENY
SHORTAGE_CLAIM,728.15,False,0,1,2472.57,1145,3,1,1,1,2.1333337727777777,REQUEST_EVIDENCE
NON_DELIVERY_CLAIM,3174.9,True,1,0,1655.73,1485,3,1,1,0,46.633343794999995,APPROVE
SUBSTITUTED_RETURN_CLAIM,1842.14,True,1,2,2709.38,89,9,3,4,1,4.983334442777777,APPROVE
SUBSTITUTED_RETURN_CLAIM,2108.15,True,1,0,2122.87,952,4,0,3,1,38.000008545,APPROVE
NON_DELIVERY_CLAIM,4422.29,True,1,0,973.54,436,6,0,3,1,5.4500012,APPROVE
NON_DELIVERY_CLAIM,4466.06,True,1,0,348.2,958,10,4,5,0,3.516667486111111,APPROVE
SUBSTITUTED_RETURN_CLAIM,2232.17,False,0,0,1474.93,811,1,0,1,0,13.100002783333334,REQUEST_EVIDENCE
NON_DELIVERY_CLAIM,2633.69,True,1,1,2342.92,672,7,1,5,0,18.550004353055556,APPROVE
WRONG_ITEM_CLAIM,2296.0,False,0,0,1777.89,424,4,2,0,0,13.483336210833333,REQUEST_EVIDENCE
WRONG_ITEM_CLAIM,1643.41,False,0,0,1619.84,904,9,4,5,0,9.166668588333334,REQUEST_EVIDENCE
WRONG_ITEM_CLAIM,2032.35,True,1,0,2112.42,282,5,1,4,0,11.583335728055555,APPROVE
WRONG_ITEM_CLAIM,1566.91,True,1,1,1159.93,1372,4,1,3,0,35.91667480472222,APPROVE
NON_DELIVERY_CLAIM,1648.94,False,0,1,1728.05,1291,2,0,1,1,7.083334848611111,REQUEST_EVIDENCE
WRONG_ITEM_CLAIM,1477.74,True,1,1,699.0,287,6,3,1,1,8.250001739166667,APPROVE
SHORTAGE_CLAIM,764.78,False,0,2,1743.23,372,6,1,4,1,16.100003573333332,REQUEST_EVIDENCE
WRONG_ITEM_CLAIM,1906.67,False,0,2,2927.9,734,11,4,4,0,12.650002655833333,REQUEST_EVIDENCE
WRONG_ITEM_CLAIM,2378.05,True,1,2,1925.08,533,3,0,1,0,8.233335069444443,APPROVE
WRONG_ITEM_CLAIM,2226.64,False,0,2,1826.62,1154,5,3,2,0,6.550001412777778,REQUEST_EVIDENCE
SHORTAGE_CLAIM,2608.35,False,0,1,708.59,387,7,3,2,0,0.35000007027777774,REQUEST_EVIDENCE
SHORTAGE_CLAIM,2218.43,False,0,0,2255.89,238,5,1,1,1,6.700001441944445,DENY
NON_DELIVERY_CLAIM,3951.71,False,0,0,1899.72,471,5,2,3,0,15.533336736666667,REQUEST_EVIDENCE
SUBSTITUTED_RETURN_CLAIM,1332.21,False,0,4,4067.54,1449,5,2,1,1,2.9166673066666666,REQUEST_EVIDENCE
WRONG_ITEM_CLAIM,1802.49,False,0,4,2497.91,624,7,1,2,2,1.1333335555555555,REQUEST_EVIDENCE
SHORTAGE_CLAIM,1099.34,True,1,1,1646.41,1474,3,1,1,1,16.683337094166667,DENY
NON_DELIVERY_CLAIM,1350.31,True,1,1,1349.84,403,2,0,2,0,54.60001277055556,APPROVE
WRONG_ITEM_CLAIM,2062.11,True,1,0,1662.95,146,6,4,1,0,10.383335494444445,APPROVE
SUBSTITUTED_RETURN_CLAIM,5493.64,False,0,1,1598.16,1087,9,7,2,0,1.6000003144444446,REQUEST_EVIDENCE
WRONG_ITEM_CLAIM,2319.39,False,0,0,1067.43,1249,4,1,2,0,25.833339470277778,REQUEST_EVIDENCE
WRONG_ITEM_CLAIM,3889.03,False,0,3,7364.62,1382,6,0,5,0,10.283335475555555,REQUEST_EVIDENCE
SHORTAGE_CLAIM,4881.7,True,1,1,2491.35,423,13,6,4,1,1.3666669358333332,DENY
SHORTAGE_CLAIM,3145.79,False,0,0,2862.47,1034,7,4,2,0,3.533334158611111,REQUEST_EVIDENCE
SUBSTITUTED_RETURN_CLAIM,6189.52,True,1,0,708.46,727,4,3,1,0,11.28333567111111,ESCALATE
SHORTAGE_CLAIM,854.77,False,0,0,565.44,1145,5,2,2,0,7.366668238888889,REQUEST_EVIDENCE
SHORTAGE_CLAIM,2459.34,True,1,0,2817.42,535,6,2,4,0,1.1500002255555557,APPROVE
SHORTAGE_CLAIM,9261.04,False,0,1,1334.76,1377,4,2,2,0,0.7333334777777778,DENY
SUBSTITUTED_RETURN_CLAIM,4552.96,True,1,0,501.14,257,10,5,4,0,4.633334376944444,APPROVE
SUBSTITUTED_RETURN_CLAIM,127.35,False,0,0,2626.54,485,2,1,1,0,57.38334690694444,REQUEST_EVIDENCE
SHORTAGE_CLAIM,1190.34,True,1,1,5394.91,439,8,3,3,2,20.650004904722223,APPROVE
NON_DELIVERY_CLAIM,648.87,False,0,0,1162.58,266,7,2,5,0,4.000000916111111,REQUEST_EVIDENCE
SHORTAGE_CLAIM,674.04,True,1,0,83.93,112,8,6,2,0,3.433334104444444,APPROVE
SUBSTITUTED_RETURN_CLAIM,4360.15,False,0,0,2862.47,1034,8,4,3,0,0.1666666988888889,REQUEST_EVIDENCE
SUBSTITUTED_RETURN_CLAIM,5777.9,True,1,0,1183.05,1094,3,1,2,0,8.483335121388889,ESCALATE
WRONG_ITEM_CLAIM,2207.49,True,1,0,2228.78,828,10,3,7,0,31.100007187777777,APPROVE
SHORTAGE_CLAIM,3456.03,False,0,1,1360.3,934,11,6,2,2,8.850001859444445,DENY
SHORTAGE_CLAIM,1248.27,False,0,0,367.57,737,3,3,0,0,9.383335299722223,DENY
NON_DELIVERY_CLAIM,1407.79,False,0,1,189.3,1346,10,1,9,0,6.000001309166667,REQUEST_EVIDENCE
SUBSTITUTED_RETURN_CLAIM,4818.72,True,1,1,1950.93,1366,9,5,4,0,4.700001054444445,APPROVE
SHORTAGE_CLAIM,1792.31,True,1,2,2257.05,1487,9,6,2,1,3.1166673222222223,APPROVE
SUBSTITUTED_RETURN_CLAIM,2595.61,False,0,1,2183.92,1202,4,1,2,0,26.033339506944444,REQUEST_EVIDENCE
WRONG_ITEM_CLAIM,4345.4,True,1,0,1354.61,160,3,2,1,0,22.80000553111111,APPROVE
SUBSTITUTED_RETURN_CLAIM,3736.73,True,1,1,2292.48,481,7,3,4,0,0.9000001772222223,APPROVE
SHORTAGE_CLAIM,3065.87,False,0,1,1630.5,299,5,0,3,1,27.650006497499998,DENY
SUBSTITUTED_RETURN_CLAIM,4251.06,False,0,0,113.89,1192,7,4,1,2,5.016667784722221,REQUEST_EVIDENCE
SHORTAGE_CLAIM,2361.89,True,1,1,3901.1,1094,5,2,3,0,10.683335553333333,APPROVE
WRONG_ITEM_CLAIM,7862.18,False,0,2,2061.2,1237,6,1,3,0,1.3500002641666666,REQUEST_EVIDENCE
NON_DELIVERY_CLAIM,1852.05,True,1,0,2225.08,518,6,4,2,0,5.633334571944444,APPROVE
NON_DELIVERY_CLAIM,6832.8,False,0,0,1067.43,1249,5,1,3,0,0.4833334269444444,REQUEST_EVIDENCE
NON_DELIVERY_CLAIM,1856.07,False,0,0,2434.37,829,4,1,2,1,31.400007247222224,REQUEST_EVIDENCE
SHORTAGE_CLAIM,3237.49,False,0,0,715.72,1294,13,6,6,0,3.833334191666667,REQUEST_EVIDENCE
NON_DELIVERY_CLAIM,6891.44,False,0,2,514.81,101,5,0,1,2,6.033334649444444,REQUEST_EVIDENCE
WRONG_ITEM_CLAIM,4434.23,False,0,1,359.64,525,5,3,2,0,6.866668141666667,REQUEST_EVIDENCE
WRONG_ITEM_CLAIM,2141.46,False,0,0,1363.93,786,4,1,3,0,3.833334186111111,REQUEST_EVIDENCE
WRONG_ITEM_CLAIM,2492.75,True,1,1,2820.88,58,3,1,2,0,36.500008252777775,APPROVE
SUBSTITUTED_RETURN_CLAIM,7327.88,True,1,0,2118.68,443,7,3,2,2,8.150001724166666,ESCALATE
SUBSTITUTED_RETURN_CLAIM,1598.26,False,0,0,1756.34,141,7,4,2,0,10.983335611666666,REQUEST_EVIDENCE
WRONG_ITEM_CLAIM,2061.59,False,0,1,588.3,1459,10,1,6,1,2.983333918888889,REQUEST_EVIDENCE
NON_DELIVERY_CLAIM,3274.74,True,1,1,95.21,730,3,3,0,0,13.700002878333333,APPROVE
SHORTAGE_CLAIM,1858.35,True,1,0,1806.06,369,3,1,1,0,11.316669011111111,DENY
SHORTAGE_CLAIM,3771.55,True,1,0,2289.33,690,4,4,0,0,9.683335358611112,DENY
NON_DELIVERY_CLAIM,5732.66,False,0,1,71.73,430,7,5,2,0,8.983335218888888,REQUEST_EVIDENCE
WRONG_ITEM_CLAIM,2499.84,False,0,1,2469.59,928,7,0,3,2,1.8833337019444445,REQUEST_EVIDENCE
SUBSTITUTED_RETURN_CLAIM,189.28,True,1,0,1201.68,312,4,1,3,0,19.883337969444444,APPROVE
WRONG_ITEM_CLAIM,710.62,False,0,0,330.71,411,6,2,3,1,1.6666669925,REQUEST_EVIDENCE
NON_DELIVERY_CLAIM,1839.79,True,1,0,1806.06,369,4,1,1,0,0.10000001888888889,APPROVE
NON_DELIVERY_CLAIM,2775.44,False,0,0,1508.51,42,4,2,2,0,7.183334869444444,REQUEST_EVIDENCE
WRONG_ITEM_CLAIM,4620.48,True,1,0,1508.51,42,5,2,3,0,0.01666666972222222,APPROVE
WRONG_ITEM_CLAIM,956.62,True,1,0,2438.34,188,6,5,1,0,13.966669602777777,APPROVE
NON_DELIVERY_CLAIM,2347.6,True,1,0,66.11,1138,5,1,4,0,23.050005579444445,APPROVE
SUBSTITUTED_RETURN_CLAIM,143.45,False,0,0,1491.82,858,6,2,2,1,17.35000383611111,REQUEST_EVIDENCE
SHORTAGE_CLAIM,2759.83,False,0,1,2993.99,542,5,3,2,0,9.850002056944444,REQUEST_EVIDENCE
WRONG_ITEM_CLAIM,2093.98,True,1,1,1360.3,934,12,6,2,2,0.6166667861111111,APPROVE
NON_DELIVERY_CLAIM,2928.6,True,1,0,752.67,1301,4,1,3,0,11.183335650555556,APPROVE
SUBSTITUTED_RETURN_CLAIM,928.88,True,1,0,2921.77,1446,4,0,3,0,15.950003433055556,APPROVE
NON_DELIVERY_CLAIM,1512.24,False,0,4,4223.44,239,7,4,3,0,16.166670156666665,REQUEST_EVIDENCE
SHORTAGE_CLAIM,6205.74,True,1,0,608.14,834,7,2,5,0,33.95000775138889,DENY
SHORTAGE_CLAIM,3764.41,True,1,1,2820.88,58,4,2,2,0,0.3833334077777778,DENY
WRONG_ITEM_CLAIM,1867.87,True,1,4,6970.61,414,4,0,4,0,33.283340950555555,APPROVE
WRONG_ITEM_CLAIM,1338.05,False,0,0,2703.23,212,7,4,3,0,14.683336440000001,REQUEST_EVIDENCE
WRONG_ITEM_CLAIM,4822.73,True,1,0,2234.12,962,6,2,3,0,5.950001299999999,APPROVE
NON_DELIVERY_CLAIM,1593.92,False,0,2,594.8,835,6,4,1,1,16.31667019027778,REQUEST_EVIDENCE
NON_DELIVERY_CLAIM,1060.45,True,1,0,529.85,1355,6,2,1,0,25.900006141944445,APPROVE
NON_DELIVERY_CLAIM,2494.08,True,1,1,359.64,525,6,3,3,0,0.5166667669444445,APPROVE
SUBSTITUTED_RETURN_CLAIM,1632.97,False,0,1,1935.21,993,2,2,0,0,32.65000749138889,REQUEST_EVIDENCE
SHORTAGE_CLAIM,2133.04,False,0,0,2900.37,1483,9,3,3,1,7.783334985833333,DENY
WRONG_ITEM_CLAIM,1806.03,True,1,0,1145.31,878,4,1,0,0,19.650004538333334,APPROVE
WRONG_ITEM_CLAIM,4060.87,False,0,1,7746.51,356,5,3,2,0,2.2000004294444446,REQUEST_EVIDENCE
WRONG_ITEM_CLAIM,781.31,False,0,0,1260.19,1044,7,3,4,0,23.516672336944445,REQUEST_EVIDENCE
SUBSTITUTED_RETURN_CLAIM,3465.57,False,0,0,351.03,564,10,5,4,1,28.4000066425,REQUEST_EVIDENCE
SUBSTITUTED_RETURN_CLAIM,2379.1,False,0,0,1973.49,493,10,3,6,0,22.283338756666666,REQUEST_EVIDENCE
NON_DELIVERY_CLAIM,1948.47,False,0,1,2411.9,437,4,1,3,0,8.616668480555555,REQUEST_EVIDENCE
WRONG_ITEM_CLAIM,2321.44,True,1,0,143.18,1008,5,2,3,0,27.750006513333336,APPROVE
SHORTAGE_CLAIM,1673.73,False,0,2,6719.24,1251,6,3,3,0,10.366668823333335,REQUEST_EVIDENCE
WRONG_ITEM_CLAIM,1242.23,False,0,1,1445.22,1386,7,1,4,1,39.51667550833333,REQUEST_EVIDENCE
SUBSTITUTED_RETURN_CLAIM,2359.45,True,1,1,275.72,349,2,1,1,0,49.88334458111111,APPROVE
SHORTAGE_CLAIM,4855.17,False,0,0,380.46,376,6,1,3,2,36.183341524444444,REQUEST_EVIDENCE
SUBSTITUTED_RETURN_CLAIM,2137.21,True,1,0,1201.68,312,5,2,3,0,0.566666776111111,APPROVE
NON_DELIVERY_CLAIM,4343.59,False,0,1,1159.93,1372,5,2,3,0,1.5833336422222222,REQUEST_EVIDENCE
SUBSTITUTED_RETURN_CLAIM,3408.17,True,1,0,852.3,428,4,0,1,2,28.333339963333334,APPROVE
SUBSTITUTED_RETURN_CLAIM,493.14,True,1,0,1159.69,1254,5,3,2,0,22.950005555833332,APPROVE
NON_DELIVERY_CLAIM,4893.19,True,1,2,1400.45,357,4,2,2,0,13.016669341111111,APPROVE
SHORTAGE_CLAIM,4996.86,False,0,2,594.8,835,7,4,2,1,0.3500000669444444,REQUEST_EVIDENCE
SUBSTITUTED_RETURN_CLAIM,2300.24,False,0,0,2111.01,622,8,4,4,0,16.183336795,REQUEST_EVIDENCE
SUBSTITUTED_RETURN_CLAIM,2121.14,True,1,4,2786.15,609,6,2,4,0,21.86667180361111,APPROVE
WRONG_ITEM_CLAIM,1839.34,True,1,0,460.47,1326,8,3,5,0,6.500001406666667,APPROVE
SUBSTITUTED_RETURN_CLAIM,1965.84,True,1,0,460.47,1326,9,4,5,0,0.016666670277777778,APPROVE
SHORTAGE_CLAIM,2665.99,False,0,0,1169.95,1219,3,1,2,0,37.933341864999996,REQUEST_EVIDENCE
WRONG_ITEM_CLAIM,3779.73,False,0,0,267.01,110,5,3,1,1,6.716668115277778,REQUEST_EVIDENCE
WRONG_ITEM_CLAIM,6620.1,False,0,1,2759.07,1122,11,6,3,2,3.8000007427777778,REQUEST_EVIDENCE
SUBSTITUTED_RETURN_CLAIM,7169.85,False,0,4,3614.4,1228,5,3,1,0,7.633334956944444,REQUEST_EVIDENCE
NON_DELIVERY_CLAIM,3352.06,False,0,0,2770.91,106,4,4,0,0,34.733341235833336,REQUEST_EVIDENCE
NON_DELIVERY_CLAIM,764.25,True,1,1,4623.76,328,3,1,2,0,42.916676182222226,APPROVE
WRONG_ITEM_CLAIM,3226.52,False,0,1,2183.92,1202,5,1,3,0,1.2166669019444445,REQUEST_EVIDENCE
WRONG_ITEM_CLAIM,5027.09,False,0,0,586.22,1376,5,1,4,0,17.4166704525,REQUEST_EVIDENCE
WRONG_ITEM_CLAIM,5320.11,False,0,0,393.83,1371,4,2,1,1,43.33334293111111,REQUEST_EVIDENCE
SUBSTITUTED_RETURN_CLAIM,341.51,False,0,1,2529.93,767,4,2,2,0,8.18333506361111,REQUEST_EVIDENCE
WRONG_ITEM_CLAIM,2004.61,False,0,0,813.93,441,5,1,4,0,4.3500008875,REQUEST_EVIDENCE
SUBSTITUTED_RETURN_CLAIM,2040.82,True,1,0,2532.09,1239,3,2,1,0,21.966671810833336,APPROVE
WRONG_ITEM_CLAIM,526.26,False,0,1,5658.33,815,4,1,3,0,26.166672860277778,REQUEST_EVIDENCE
NON_DELIVERY_CLAIM,2312.07,True,1,3,6481.9,1496,3,3,0,0,21.383338309166668,APPROVE
WRONG_ITEM_CLAIM,1730.27,True,1,1,2521.92,1435,11,4,5,0,6.133334668055555,APPROVE
SHORTAGE_CLAIM,395.69,False,0,0,2428.44,1038,6,4,2,0,50.83334481277778,DENY
NON_DELIVERY_CLAIM,3343.7,True,1,0,393.83,1371,5,2,2,1,0.13333335999999998,APPROVE
WRONG_ITEM_CLAIM,1833.84,False,0,0,2668.27,652,7,1,4,1,7.283334892222222,REQUEST_EVIDENCE
SHORTAGE_CLAIM,3687.61,False,0,0,847.37,829,8,1,4,0,7.850001666944445,DENY
WRONG_ITEM_CLAIM,304.71,True,1,1,789.95,125,8,4,4,0,22.200005199166668,APPROVE
NON_DELIVERY_CLAIM,2140.91,True,1,1,2018.9,283,4,2,2,0,19.31667105472222,APPROVE
WRONG_ITEM_CLAIM,4969.67,False,0,0,1211.98,1085,4,1,3,0,8.266668412777777,REQUEST_EVIDENCE
SHORTAGE_CLAIM,2581.62,False,0,0,1915.56,691,6,4,2,0,41.616675925555555,REQUEST_EVIDENCE
NON_DELIVERY_CLAIM,3058.11,True,1,3,2659.97,1410,7,3,4,0,15.216669858055555,APPROVE
SUBSTITUTED_RETURN_CLAIM,1622.17,True,1,2,5909.3,1434,6,4,2,0,20.48333804111111,APPROVE
WRONG_ITEM_CLAIM,8649.17,False,0,0,82.05,1066,6,3,3,0,2.9166672352777776,REQUEST_EVIDENCE
NON_DELIVERY_CLAIM,3801.68,True,1,0,62.57,189,4,0,4,0,4.316667513333334,APPROVE
WRONG_ITEM_CLAIM,3522.3,False,0,1,2462.22,1296,4,1,3,0,7.483334931111111,REQUEST_EVIDENCE
WRONG_ITEM_CLAIM,3025.93,True,1,0,2270.36,1044,5,2,2,0,9.233335268055555,APPROVE
WRONG_ITEM_CLAIM,1366.18,False,0,1,7746.51,356,6,3,3,0,0.8166668255555556,REQUEST_EVIDENCE
SUBSTITUTED_RETURN_CLAIM,854.76,False,0,0,2198.62,111,5,1,2,0,8.866668529166667,REQUEST_EVIDENCE
WRONG_ITEM_CLAIM,1861.67,False,0,1,1116.04,1351,8,5,2,1,12.000002475555554,REQUEST_EVIDENCE
NON_DELIVERY_CLAIM,3035.06,True,1,1,5603.62,1156,7,4,2,1,5.366667830833333,APPROVE
WRONG_ITEM_CLAIM,2020.31,False,0,1,2355.25,1260,2,1,1,0,43.20000957055556,REQUEST_EVIDENCE
WRONG_ITEM_CLAIM,3198.05,False,0,0,508.75,818,6,2,1,1,7.883335007777777,REQUEST_EVIDENCE
NON_DELIVERY_CLAIM,3349.82,False,0,1,923.32,1177,7,2,3,0,33.58334100583333,REQUEST_EVIDENCE
SUBSTITUTED_RETURN_CLAIM,3885.08,False,0,0,49.91,642,6,2,4,0,6.816668134166666,REQUEST_EVIDENCE
WRONG_ITEM_CLAIM,5274.93,True,1,1,1507.18,69,4,2,1,1,3.9666674413888887,ESCALATE
SUBSTITUTED_RETURN_CLAIM,625.3,True,1,0,1314.33,1353,6,1,3,0,24.23333914166667,APPROVE
SUBSTITUTED_RETURN_CLAIM,1654.97,True,1,1,3619.51,516,4,1,2,0,33.48334098722222,APPROVE
WRONG_ITEM_CLAIM,1901.48,False,0,0,1782.13,980,5,4,1,0,14.216669582222224,REQUEST_EVIDENCE
WRONG_ITEM_CLAIM,2613.68,True,1,2,1743.23,372,7,1,5,1,2.3666671283333334,APPROVE
SUBSTITUTED_RETURN_CLAIM,3056.92,True,1,0,1655.73,1485,4,2,1,0,2.6000005069444443,APPROVE
WRONG_ITEM_CLAIM,2225.83,False,0,0,352.66,1488,2,0,2,0,4.416667528888889,REQUEST_EVIDENCE
WRONG_ITEM_CLAIM,162.77,True,1,1,147.09,1367,10,2,7,1,6.866668143888889,APPROVE
WRONG_ITEM_CLAIM,4759.09,True,1,1,220.59,697,6,3,3,0,20.41667132583333,APPROVE
WRONG_ITEM_CLAIM,776.52,True,1,1,1395.76,1224,6,0,6,0,14.700003033055555,APPROVE
NON_DELIVERY_CLAIM,2279.38,False,0,0,1852.69,354,10,4,4,0,26.58333960666667,REQUEST_EVIDENCE
SHORTAGE_CLAIM,5500.02,True,1,0,49.91,642,7,2,5,0,0.2000000388888889,ESCALATE
SHORTAGE_CLAIM,5121.08,False,0,1,1213.69,332,5,2,3,0,6.933334823333333,REQUEST_EVIDENCE
SUBSTITUTED_RETURN_CLAIM,5216.18,True,1,0,2569.87,1248,3,0,1,1,27.966673215277776,ESCALATE
SUBSTITUTED_RETURN_CLAIM,764.25,True,1,1,4623.76,328,4,2,2,0,0.7666668161111111,APPROVE
SHORTAGE_CLAIM,1232.44,True,1,0,780.67,1333,5,3,2,0,4.366667518888889,APPROVE
WRONG_ITEM_CLAIM,798.05,False,0,0,2307.02,190,6,4,2,0,15.916670006111111,REQUEST_EVIDENCE
NON_DELIVERY_CLAIM,5963.94,False,0,1,1181.39,187,9,2,7,0,6.600001422222222,REQUEST_EVIDENCE
NON_DELIVERY_CLAIM,3281.72,True,1,1,2871.29,867,3,2,1,0,23.900005740833336,APPROVE
NON_DELIVERY_CLAIM,1030.72,True,1,0,2572.95,733,4,1,3,0,24.166672461666668,APPROVE
NON_DELIVERY_CLAIM,1702.33,True,1,1,5603.62,1156,8,5,2,1,0.41666674777777774,APPROVE
SUBSTITUTED_RETURN_CLAIM,1698.39,True,1,0,1201.68,312,6,3,3,0,1.133333553888889,APPROVE
SUBSTITUTED_RETURN_CLAIM,4906.07,False,0,0,925.26,471,4,3,1,0,25.833339457222223,REQUEST_EVIDENCE
SHORTAGE_CLAIM,2791.1,True,1,1,1705.43,186,7,1,3,0,3.3333339825,DENY
SUBSTITUTED_RETURN_CLAIM,1482.28,False,0,0,27.57,684,7,3,4,0,3.0333339241666666,REQUEST_EVIDENCE
SUBSTITUTED_RETURN_CLAIM,1762.03,False,0,0,1065.42,998,6,4,2,0,16.000003351666667,REQUEST_EVIDENCE
NON_DELIVERY_CLAIM,2586.52,False,0,0,1659.93,446,6,2,3,0,3.2500006327777777,REQUEST_EVIDENCE
SUBSTITUTED_RETURN_CLAIM,5015.37,False,0,1,2610.6,117,2,1,1,0,37.36667508805556,REQUEST_EVIDENCE
SHORTAGE_CLAIM,165.23,True,1,0,1956.2,1115,7,5,2,0,6.383334711944444,DENY
SUBSTITUTED_RETURN_CLAIM,2071.51,False,0,0,1363.93,786,5,1,4,0,2.0000003880555557,REQUEST_EVIDENCE
NON_DELIVERY_CLAIM,775.91,False,0,1,1194.39,1018,8,3,5,0,14.583336312222222,REQUEST_EVIDENCE
NON_DELIVERY_CLAIM,2270.37,True,1,0,1734.4,598,4,2,1,1,12.433335893333332,APPROVE
SUBSTITUTED_RETURN_CLAIM,3955.77,False,0,0,2198.82,1331,5,4,1,0,3.1000006044444444,REQUEST_EVIDENCE
SUBSTITUTED_RETURN_CLAIM,4600.44,True,1,1,1413.66,1128,5,2,2,0,9.766668704444445,APPROVE
SHORTAGE_CLAIM,473.8,True,1,0,209.52,845,2,0,2,0,35.183341318888885,APPROVE
NON_DELIVERY_CLAIM,6604.18,True,1,0,1554.89,1408,8,3,3,1,3.6000007008333332,ESCALATE
WRONG_ITEM_CLAIM,3280.71,False,0,1,2691.86,517,4,3,1,0,28.650006685555557,REQUEST_EVIDENCE
WRONG_ITEM_CLAIM,6159.8,False,0,0,41.63,768,4,1,3,0,14.500002963333333,REQUEST_EVIDENCE
SUBSTITUTED_RETURN_CLAIM,5408.19,False,0,1,355.79,935,8,4,2,0,30.65000708388889,REQUEST_EVIDENCE
SUBSTITUTED_RETURN_CLAIM,7941.79,True,1,1,1813.32,91,9,5,2,0,7.783334989444445,ESCALATE
SUBSTITUTED_RETURN_CLAIM,1274.11,False,0,1,1388.64,548,5,1,2,2,15.8333366275,REQUEST_EVIDENCE
WRONG_ITEM_CLAIM,1854.76,True,1,0,286.66,510,4,1,2,0,6.2666680225,APPROVE
WRONG_ITEM_CLAIM,404.01,False,0,0,2957.87,1334,7,3,2,0,8.150001726944444,REQUEST_EVIDENCE
SHORTAGE_CLAIM,4280.77,True,1,0,1390.28,525,8,1,4,2,17.06667027,DENY
WRONG_ITEM_CLAIM,2430.34,True,1,0,2947.14,1282,9,5,2,1,9.41666863638889,APPROVE
NON_DELIVERY_CLAIM,2028.39,True,1,0,853.61,40,5,0,2,2,16.550003470555556,APPROVE
WRONG_ITEM_CLAIM,3461.54,True,1,0,288.94,592,10,7,2,1,23.65000555,APPROVE
SUBSTITUTED_RETURN_CLAIM,125.03,False,0,1,6534.77,492,6,5,1,0,22.366671815555556,REQUEST_EVIDENCE
NON_DELIVERY_CLAIM,6082.39,True,1,0,341.86,158,9,4,4,1,3.9833341088888887,ESCALATE
NON_DELIVERY_CLAIM,4275.39,False,0,0,599.0,1005,6,3,3,0,3.7833340694444444,REQUEST_EVIDENCE
NON_DELIVERY_CLAIM,5983.59,True,1,1,2298.85,1107,6,2,3,0,15.533336537499999,ESCALATE
SHORTAGE_CLAIM,5098.46,False,0,0,1267.61,782,6,2,4,0,11.883335785833333,REQUEST_EVIDENCE
NON_DELIVERY_CLAIM,4926.56,False,0,0,2065.84,623,5,3,2,0,4.266667499166666,REQUEST_EVIDENCE
NON_DELIVERY_CLAIM,2051.25,True,1,0,2914.88,611,9,6,3,0,9.433335306944443,APPROVE
SHORTAGE_CLAIM,3960.36,True,1,3,4160.43,672,8,2,5,1,24.933339277777776,DENY
WRONG_ITEM_CLAIM,4349.97,False,0,0,153.47,912,2,1,1,0,63.96668180111111,REQUEST_EVIDENCE
SUBSTITUTED_RETURN_CLAIM,141.28,False,0,1,1714.11,445,6,3,2,0,7.550001610833333,REQUEST_EVIDENCE
NON_DELIVERY_CLAIM,1439.86,False,0,0,1891.95,116,3,3,0,0,14.316669594166667,REQUEST_EVIDENCE
SUBSTITUTED_RETURN_CLAIM,2630.54,False,0,1,2086.88,711,7,2,3,0,40.50000903361111,REQUEST_EVIDENCE
SHORTAGE_CLAIM,2433.3,True,1,1,1649.99,1490,9,3,5,0,9.16666859,DENY
SHORTAGE_CLAIM,363.39,True,1,4,6970.61,414,5,1,4,0,2.1000004083333335,DENY
SUBSTITUTED_RETURN_CLAIM,1280.29,False,0,2,6719.24,1251,7,3,4,0,1.8666670305555555,REQUEST_EVIDENCE
NON_DELIVERY_CLAIM,4397.73,True,1,0,2353.32,1166,6,3,1,2,14.833336362222223,APPROVE
SHORTAGE_CLAIM,1509.24,True,1,0,1058.69,661,6,2,4,0,9.883335394444446,DENY
SHORTAGE_CLAIM,1663.7,True,1,0,1001.38,33,6,3,3,0,14.850003032222222,APPROVE
SHORTAGE_CLAIM,175.9,True,1,0,412.7,771,5,1,3,1,4.750000926944444,APPROVE
WRONG_ITEM_CLAIM,880.4,True,1,0,2010.43,456,5,1,2,2,28.9666734125,APPROVE
SHORTAGE_CLAIM,1170.34,False,0,0,432.47,1238,3,0,2,0,37.783341836666665,REQUEST_EVIDENCE
WRONG_ITEM_CLAIM,1637.09,False,0,0,770.28,281,3,0,3,0,40.4166756825,REQUEST_EVIDENCE
NON_DELIVERY_CLAIM,1183.24,False,0,2,2307.66,1355,10,6,4,0,7.300001559166667,REQUEST_EVIDENCE
NON_DELIVERY_CLAIM,3362.05,False,0,0,796.1,255,7,4,1,0,10.466668841666667,REQUEST_EVIDENCE
SUBSTITUTED_RETURN_CLAIM,945.08,True,1,1,1649.9,1210,8,3,5,0,8.2666684175,APPROVE
SUBSTITUTED_RETURN_CLAIM,2040.9,True,1,0,202.09,1191,5,3,2,0,16.700003483055557,APPROVE
SHORTAGE_CLAIM,1204.84,False,0,0,1806.06,369,5,2,1,0,2.5333338261111114,DENY
WRONG_ITEM_CLAIM,3971.89,True,1,0,939.81,724,10,6,3,0,4.750000927222222,APPROVE
SUBSTITUTED_RETURN_CLAIM,1520.83,False,0,0,2112.42,282,6,2,4,0,3.616667371388889,REQUEST_EVIDENCE
SHORTAGE_CLAIM,2358.71,False,0,0,1946.16,1471,8,2,5,0,11.51666904388889,REQUEST_EVIDENCE
SHORTAGE_CLAIM,2409.56,False,0,0,109.66,1102,6,2,2,0,5.533334413333333,REQUEST_EVIDENCE
WRONG_ITEM_CLAIM,4822.14,True,1,1,1190.02,1452,8,4,3,0,16.200003345555558,APPROVE
WRONG_ITEM_CLAIM,1817.75,False,0,0,1826.98,292,2,1,1,0,14.333336263888889,REQUEST_EVIDENCE
NON_DELIVERY_CLAIM,2100.03,False,0,2,877.9,151,4,1,3,0,7.883335008611112,REQUEST_EVIDENCE
SUBSTITUTED_RETURN_CLAIM,380.48,True,1,0,1054.72,796,2,0,1,0,47.41667708027778,APPROVE
NON_DELIVERY_CLAIM,1530.84,False,0,2,7640.85,706,7,2,5,0,31.350007220833334,REQUEST_EVIDENCE
WRONG_ITEM_CLAIM,3795.54,True,1,1,256.84,324,3,2,0,1,28.683340018333332,APPROVE
SHORTAGE_CLAIM,2384.92,False,0,0,2835.58,866,5,4,1,0,18.100003824999998,DENY
NON_DELIVERY_CLAIM,2247.15,True,1,0,2971.01,1261,2,1,1,0,4.250000827222222,APPROVE
SHORTAGE_CLAIM,2487.46,False,0,1,953.85,325,5,1,3,0,9.783335374722222,DENY
WRONG_ITEM_CLAIM,1924.85,True,1,0,1183.05,1094,4,1,2,1,3.3000006408333333,APPROVE
NON_DELIVERY_CLAIM,4119.11,False,0,0,1201.75,316,10,2,7,1,6.233334581944445,REQUEST_EVIDENCE
NON_DELIVERY_CLAIM,443.43,False,0,0,1921.01,179,8,1,5,2,18.71667064361111,REQUEST_EVIDENCE
NON_DELIVERY_CLAIM,1863.22,False,0,1,1598.16,1087,10,7,3,0,3.600000699166667,REQUEST_EVIDENCE
SHORTAGE_CLAIM,5191.29,True,1,0,2590.11,164,7,2,4,0,14.5166696325,ESCALATE
WRONG_ITEM_CLAIM,2665.17,True,1,1,3876.01,1295,6,3,3,0,10.500002179722223,APPROVE
SUBSTITUTED_RETURN_CLAIM,4851.77,False,0,4,2683.58,1062,2,0,2,0,67.95001591416667,REQUEST_EVIDENCE
NON_DELIVERY_CLAIM,6946.24,True,1,0,2140.11,635,5,2,2,1,6.700001378333333,ESCALATE
NON_DELIVERY_CLAIM,2787.01,True,1,0,1460.9,113,10,3,3,2,20.150004377777776,APPROVE
SUBSTITUTED_RETURN_CLAIM,2845.52,True,1,3,7678.48,1242,2,1,1,0,33.500007645833335,APPROVE
NON_DELIVERY_CLAIM,2874.44,True,1,1,839.16,1180,0,0,0,0,999.0,APPROVE
WRONG_ITEM_CLAIM,5562.78,True,1,0,2018.41,1406,7,4,3,0,23.716672123333332,ESCALATE
SHORTAGE_CLAIM,2437.84,True,1,0,2999.86,1012,12,5,5,1,8.866668533611112,DENY
SUBSTITUTED_RETURN_CLAIM,1458.52,False,0,0,2009.5,1133,5,2,3,0,59.60001386555555,REQUEST_EVIDENCE
NON_DELIVERY_CLAIM,2479.27,True,1,1,2066.55,393,6,3,1,1,14.916669709722221,APPROVE
SHORTAGE_CLAIM,5015.98,False,0,1,275.72,349,3,2,1,0,2.5166671558333333,DENY
SUBSTITUTED_RETURN_CLAIM,1544.81,False,0,1,953.85,325,6,1,3,0,0.2833333877777778,REQUEST_EVIDENCE
SUBSTITUTED_RETURN_CLAIM,3957.2,False,0,0,1474.93,811,2,0,2,0,4.166667477222222,REQUEST_EVIDENCE
NON_DELIVERY_CLAIM,2116.93,True,1,0,2290.71,671,9,3,3,2,12.150002499166666,APPROVE
SUBSTITUTED_RETURN_CLAIM,103.37,True,1,1,1360.3,934,13,7,2,2,2.9666672425,APPROVE
NON_DELIVERY_CLAIM,2543.02,False,0,0,435.46,259,10,3,7,0,7.833334993611111,REQUEST_EVIDENCE
SHORTAGE_CLAIM,2296.66,False,0,0,2211.35,1152,11,4,5,1,9.933335404166666,REQUEST_EVIDENCE
SHORTAGE_CLAIM,2408.19,False,0,1,1946.54,731,6,0,5,1,12.800002629166668,REQUEST_EVIDENCE
SHORTAGE_CLAIM,2503.89,True,1,1,616.48,1442,8,2,3,0,7.850001663333334,APPROVE
SHORTAGE_CLAIM,2112.62,False,0,3,4119.67,1296,4,0,2,1,17.81667039222222,REQUEST_EVIDENCE
WRONG_ITEM_CLAIM,4619.37,False,0,0,2471.69,834,5,1,3,1,14.416669610555555,REQUEST_EVIDENCE
WRONG_ITEM_CLAIM,2076.51,True,1,0,2835.58,866,6,4,1,0,0.48333342611111113,APPROVE
SHORTAGE_CLAIM,2408.77,False,0,0,1906.06,224,7,1,5,1,27.866673187777778,REQUEST_EVIDENCE
SUBSTITUTED_RETURN_CLAIM,1897.56,False,0,0,2947.14,1282,10,6,2,1,1.1833335630555555,REQUEST_EVIDENCE
SUBSTITUTED_RETURN_CLAIM,6373.64,False,0,1,853.31,1067,5,2,3,0,21.416671451666666,REQUEST_EVIDENCE
SHORTAGE_CLAIM,1842.91,False,0,0,1593.19,218,4,1,2,0,7.200001493055556,REQUEST_EVIDENCE
WRONG_ITEM_CLAIM,3394.68,True,1,0,599.0,1005,7,3,4,0,1.1500002230555555,APPROVE
SHORTAGE_CLAIM,742.93,False,0,2,1391.28,215,5,2,2,1,18.66667059972222,REQUEST_EVIDENCE
SUBSTITUTED_RETURN_CLAIM,2415.45,False,0,1,622.39,1115,6,1,4,0,6.4833345980555555,REQUEST_EVIDENCE
NON_DELIVERY_CLAIM,4473.52,True,1,1,3640.09,589,4,2,0,0,11.766669094444444,APPROVE
NON_DELIVERY_CLAIM,2003.93,True,1,1,1707.31,1471,6,2,4,0,11.23333565777778,APPROVE
NON_DELIVERY_CLAIM,2371.26,True,1,0,1000.55,1430,5,1,3,1,30.63334040861111,APPROVE
WRONG_ITEM_CLAIM,2753.04,True,1,1,1877.38,740,7,1,5,0,16.41667002166667,APPROVE
WRONG_ITEM_CLAIM,1810.82,False,0,0,1284.32,507,5,1,4,0,4.983334304722223,REQUEST_EVIDENCE
WRONG_ITEM_CLAIM,1616.76,True,1,0,1966.77,708,8,4,4,0,13.966669525555556,APPROVE
WRONG_ITEM_CLAIM,298.98,False,0,0,460.47,1326,10,5,5,0,2.750000536111111,REQUEST_EVIDENCE
NON_DELIVERY_CLAIM,1694.6,False,0,0,2747.56,102,7,3,4,0,10.250002135277777,REQUEST_EVIDENCE
WRONG_ITEM_CLAIM,4936.36,True,1,2,667.66,311,4,0,4,0,19.58333749861111,APPROVE
SUBSTITUTED_RETURN_CLAIM,1181.5,False,0,1,789.95,125,9,5,4,0,2.4666671475,REQUEST_EVIDENCE
SUBSTITUTED_RETURN_CLAIM,1641.14,True,1,0,1001.38,33,7,4,3,0,1.1166668844444445,APPROVE
WRONG_ITEM_CLAIM,3166.27,True,1,1,3876.01,1295,7,4,3,0,0.6666667977777778,APPROVE
WRONG_ITEM_CLAIM,7582.99,False,0,4,3769.08,707,7,1,5,1,4.900000954722222,REQUEST_EVIDENCE
WRONG_ITEM_CLAIM,5362.34,False,0,1,1181.39,187,10,2,8,0,1.9500003802777777,REQUEST_EVIDENCE
SHORTAGE_CLAIM,2290.35,True,1,0,1552.83,550,3,2,1,0,44.26667644166667,DENY
SHORTAGE_CLAIM,4045.82,False,0,1,2440.59,1441,6,2,4,0,21.250004706944445,REQUEST_EVIDENCE
NON_DELIVERY_CLAIM,3227.36,True,1,0,2906.23,352,4,1,2,0,11.133335637222222,APPROVE
NON_DELIVERY_CLAIM,5502.31,False,0,1,2865.15,647,6,4,2,0,9.66666869,REQUEST_EVIDENCE
SUBSTITUTED_RETURN_CLAIM,4072.79,True,1,0,420.89,1026,7,1,3,2,5.166667673055556,APPROVE
WRONG_ITEM_CLAIM,2285.49,True,1,0,1456.01,909,5,2,3,0,23.066671880555553,APPROVE
SUBSTITUTED_RETURN_CLAIM,442.75,False,0,0,764.99,978,4,2,2,0,14.166669564722223,REQUEST_EVIDENCE
NON_DELIVERY_CLAIM,665.77,True,1,0,1390.28,525,9,1,4,2,1.6500003227777778,APPROVE
SUBSTITUTED_RETURN_CLAIM,1634.09,False,0,2,161.41,1455,2,1,1,0,60.083347269444445,REQUEST_EVIDENCE
SUBSTITUTED_RETURN_CLAIM,4745.35,False,0,0,630.71,566,3,2,1,0,10.300002146944443,REQUEST_EVIDENCE
WRONG_ITEM_CLAIM,4537.32,False,0,0,2065.84,623,6,3,3,0,1.5500003030555556,REQUEST_EVIDENCE
WRONG_ITEM_CLAIM,1189.38,True,1,1,4455.06,581,3,1,2,0,55.48334593111111,APPROVE
WRONG_ITEM_CLAIM,4647.43,False,0,0,849.89,169,12,7,3,2,10.450002175,REQUEST_EVIDENCE
NON_DELIVERY_CLAIM,1643.21,True,1,0,1067.43,1249,6,1,4,0,4.066667459444445,APPROVE
SUBSTITUTED_RETURN_CLAIM,2942.71,True,1,0,1630.29,1217,7,3,2,1,6.850001338333334,APPROVE
SUBSTITUTED_RETURN_CLAIM,2638.21,True,1,4,2786.15,609,7,3,4,0,3.166667285277778,APPROVE
NON_DELIVERY_CLAIM,2349.31,False,0,0,1976.67,1159,5,1,4,0,6.6666679688888895,REQUEST_EVIDENCE
SUBSTITUTED_RETURN_CLAIM,719.01,False,0,1,2183.92,1202,6,1,4,0,3.0500005958333336,REQUEST_EVIDENCE
SUBSTITUTED_RETURN_CLAIM,2866.35,False,0,0,2532.09,1239,4,3,1,0,2.9833339155555554,REQUEST_EVIDENCE
WRONG_ITEM_CLAIM,2947.04,False,0,0,1058.69,661,7,2,4,0,1.5166669627777778,REQUEST_EVIDENCE
SUBSTITUTED_RETURN_CLAIM,1408.94,True,1,0,2857.91,643,7,5,1,1,5.450001062777778,APPROVE
WRONG_ITEM_CLAIM,5273.67,False,0,2,2307.66,1355,11,6,5,0,1.4500002830555556,REQUEST_EVIDENCE
WRONG_ITEM_CLAIM,4540.92,True,1,1,1413.66,1128,6,3,2,0,2.0666670705555554,APPROVE
SUBSTITUTED_RETURN_CLAIM,1036.46,False,0,0,36.57,144,7,2,3,2,10.150002117777777,REQUEST_EVIDENCE
SUBSTITUTED_RETURN_CLAIM,5161.03,True,1,0,1344.81,531,6,2,3,1,30.833340445277777,ESCALATE
WRONG_ITEM_CLAIM,547.29,True,1,0,2667.56,823,4,3,1,0,37.60000846055556,APPROVE
WRONG_ITEM_CLAIM,2021.05,True,1,0,2808.95,588,8,4,2,0,8.5166684625,APPROVE
SHORTAGE_CLAIM,2635.49,True,1,4,5784.57,267,3,0,2,0,5.466667732222223,DENY
WRONG_ITEM_CLAIM,1681.32,False,0,0,1065.42,998,7,4,3,0,2.3000004488888885,REQUEST_EVIDENCE
WRONG_ITEM_CLAIM,6874.94,False,0,0,315.67,474,5,0,2,0,9.300001951944445,REQUEST_EVIDENCE
NON_DELIVERY_CLAIM,1259.88,False,0,1,182.1,175,9,4,5,0,10.733335563055556,REQUEST_EVIDENCE
NON_DELIVERY_CLAIM,339.32,True,1,2,2717.01,68,6,4,2,0,14.416669614166667,APPROVE
NON_DELIVERY_CLAIM,2238.11,True,1,0,2914.88,611,10,7,3,0,1.9000003719444445,APPROVE
WRONG_ITEM_CLAIM,3151.06,True,1,0,1419.48,633,10,3,7,0,26.2500061975,APPROVE
SHORTAGE_CLAIM,2710.81,True,1,0,380.46,376,7,1,4,2,3.6166673733333337,DENY
NON_DELIVERY_CLAIM,3525.44,True,1,0,1291.85,249,3,0,2,1,24.366672203611113,APPROVE
SUBSTITUTED_RETURN_CLAIM,3115.71,True,1,0,1806.06,369,6,2,1,0,1.6333336533333334,APPROVE
NON_DELIVERY_CLAIM,485.09,False,0,1,2892.87,544,6,3,3,0,26.933339669166667,REQUEST_EVIDENCE
SHORTAGE_CLAIM,2665.86,False,0,0,552.73,985,6,2,2,1,17.250003519444444,DENY
WRONG_ITEM_CLAIM,310.05,True,1,1,359.93,425,5,3,2,0,19.50000409416667,APPROVE
SUBSTITUTED_RETURN_CLAIM,983.41,False,0,1,2574.66,861,10,3,4,2,13.033336008333334,REQUEST_EVIDENCE
SUBSTITUTED_RETURN_CLAIM,1785.14,False,0,0,403.46,971,7,5,2,0,19.86667085166667,REQUEST_EVIDENCE
SHORTAGE_CLAIM,1145.51,False,0,1,2820.88,58,5,2,2,0,4.066667459722223,DENY
SHORTAGE_CLAIM,1783.06,False,0,0,267.01,110,6,3,2,1,3.566667363055555,REQUEST_EVIDENCE
SUBSTITUTED_RETURN_CLAIM,503.58,False,0,0,2351.37,1127,6,3,1,1,31.38334055388889,REQUEST_EVIDENCE
SHORTAGE_CLAIM,112.37,True,1,0,146.85,112,7,3,4,0,18.033337050555556,APPROVE
NON_DELIVERY_CLAIM,7203.6,False,0,1,236.78,412,6,3,3,0,26.2666728675,REQUEST_EVIDENCE
SHORTAGE_CLAIM,2481.24,True,1,0,22.04,744,6,1,5,0,5.833334471666667,APPROVE
SUBSTITUTED_RETURN_CLAIM,593.63,True,1,0,2383.8,1032,5,3,2,0,10.61666887638889,APPROVE
WRONG_ITEM_CLAIM,2961.81,False,0,0,1915.56,691,7,4,3,0,3.3166673141666667,REQUEST_EVIDENCE
SHORTAGE_CLAIM,2415.99,False,0,1,359.93,425,6,4,2,0,0.1833333688888889,REQUEST_EVIDENCE
SUBSTITUTED_RETURN_CLAIM,1723.72,False,0,0,2687.1,194,4,2,1,0,8.150001655555554,REQUEST_EVIDENCE
SUBSTITUTED_RETURN_CLAIM,3101.84,False,0,0,1242.55,1295,6,1,3,0,39.350008806944444,REQUEST_EVIDENCE
NON_DELIVERY_CLAIM,1308.92,False,0,2,5256.44,731,2,2,0,0,13.933336188055556,REQUEST_EVIDENCE
NON_DELIVERY_CLAIM,5759.92,False,0,0,1734.4,598,5,3,1,1,2.6333338497222223,REQUEST_EVIDENCE
SUBSTITUTED_RETURN_CLAIM,289.48,True,1,3,7364.62,1382,7,0,6,0,5.233334354444445,APPROVE
SUBSTITUTED_RETURN_CLAIM,5330.03,False,0,1,2066.55,393,7,4,1,1,1.500000296111111,REQUEST_EVIDENCE
SHORTAGE_CLAIM,1468.2,True,1,2,1968.52,1479,4,1,2,0,40.30000899611111,APPROVE
SHORTAGE_CLAIM,892.03,True,1,1,1594.29,1062,7,2,2,1,6.533334610277778,DENY
WRONG_ITEM_CLAIM,2000.95,True,1,0,2000.03,857,9,2,6,1,11.566669059444443,APPROVE
NON_DELIVERY_CLAIM,2153.32,False,0,0,2067.07,653,7,3,3,0,14.766669683055555,REQUEST_EVIDENCE
NON_DELIVERY_CLAIM,2383.71,False,0,1,939.22,1161,3,2,1,0,21.200004528055555,REQUEST_EVIDENCE
WRONG_ITEM_CLAIM,648.13,True,1,0,1946.16,1471,9,2,6,0,2.0166670627777776,APPROVE
NON_DELIVERY_CLAIM,1844.32,True,1,4,4223.44,239,8,4,4,0,4.450000868888889,APPROVE
SUBSTITUTED_RETURN_CLAIM,2065.51,True,1,4,5735.08,784,6,3,2,0,34.86667458027778,APPROVE
SUBSTITUTED_RETURN_CLAIM,1365.26,False,0,0,1420.73,228,5,2,2,1,17.25000350222222,REQUEST_EVIDENCE
NON_DELIVERY_CLAIM,2147.77,False,0,1,604.39,145,11,4,4,1,16.333336656944443,REQUEST_EVIDENCE
NON_DELIVERY_CLAIM,3671.95,False,0,1,71.73,430,8,5,3,0,4.750000926666667,REQUEST_EVIDENCE
SHORTAGE_CLAIM,3162.1,True,1,1,2462.22,1296,5,1,4,0,3.550000693888889,APPROVE
NON_DELIVERY_CLAIM,2377.53,False,0,1,1966.2,146,4,1,1,2,23.633338618055557,REQUEST_EVIDENCE
NON_DELIVERY_CLAIM,2063.39,False,0,0,1391.26,695,2,1,1,0,20.766671057222222,REQUEST_EVIDENCE
SHORTAGE_CLAIM,1729.57,False,0,1,6891.08,559,8,4,4,0,23.883338685000002,REQUEST_EVIDENCE
NON_DELIVERY_CLAIM,6342.96,False,0,0,1793.8,650,5,0,4,1,14.933336381944443,REQUEST_EVIDENCE
SHORTAGE_CLAIM,3778.75,True,1,0,939.81,724,11,7,3,0,2.233333770833333,DENY
SHORTAGE_CLAIM,2308.8,False,0,0,1250.32,1455,6,2,4,0,11.450002371666667,REQUEST_EVIDENCE
SUBSTITUTED_RETURN_CLAIM,4833.91,True,1,0,2202.9,1172,2,1,0,1,74.6333505613889,APPROVE
SHORTAGE_CLAIM,5388.96,True,1,0,1259.48,1276,7,4,3,0,8.583335075555555,DENY
NON_DELIVERY_CLAIM,193.65,False,0,1,196.13,964,2,0,1,1,87.70001988027778,REQUEST_EVIDENCE
WRONG_ITEM_CLAIM,1513.32,True,1,0,1111.13,270,8,2,4,0,12.216669184999999,APPROVE
NON_DELIVERY_CLAIM,1222.95,True,1,3,1312.78,743,5,0,3,1,9.866668727777778,APPROVE
SUBSTITUTED_RETURN_CLAIM,1313.44,False,0,0,644.15,374,4,1,1,2,47.43334373194445,REQUEST_EVIDENCE
WRONG_ITEM_CLAIM,5054.2,True,1,0,917.54,1248,2,0,1,1,15.5333365,ESCALATE
WRONG_ITEM_CLAIM,389.16,True,1,1,751.82,652,7,4,2,0,37.58334178972222,APPROVE
SHORTAGE_CLAIM,3301.66,False,0,1,5381.96,1442,3,1,2,0,45.46667667916666,REQUEST_EVIDENCE
SUBSTITUTED_RETURN_CLAIM,726.44,False,0,1,2574.66,861,11,3,5,2,0.7333334786111112,REQUEST_EVIDENCE
NON_DELIVERY_CLAIM,2019.53,True,1,0,1284.44,155,5,1,4,0,22.80000502527778,APPROVE
SUBSTITUTED_RETURN_CLAIM,2576.96,False,0,0,2862.47,1034,9,4,4,0,5.5500010841666665,REQUEST_EVIDENCE
WRONG_ITEM_CLAIM,2122.29,True,1,0,2689.85,1455,1,1,0,0,73.700017045,APPROVE
NON_DELIVERY_CLAIM,3166.35,True,1,0,1370.24,124,6,1,3,1,8.666668415833334,APPROVE
SUBSTITUTED_RETURN_CLAIM,2089.63,True,1,0,2974.59,825,4,1,3,0,19.10000394722222,APPROVE
NON_DELIVERY_CLAIM,933.97,False,0,1,1395.76,1224,7,1,6,0,3.600000705833333,REQUEST_EVIDENCE
SHORTAGE_CLAIM,6873.63,True,1,0,501.14,257,11,6,4,0,5.716667783055556,ESCALATE
SUBSTITUTED_RETURN_CLAIM,2456.34,False,0,0,267.01,110,7,3,3,1,0.8166668283333334,REQUEST_EVIDENCE
WRONG_ITEM_CLAIM,2350.86,True,1,0,2971.01,1261,3,2,1,0,2.3833338022222224,APPROVE
WRONG_ITEM_CLAIM,1181.71,False,0,0,1011.09,44,6,4,2,0,11.150002315833333,REQUEST_EVIDENCE
NON_DELIVERY_CLAIM,2098.22,True,1,1,1728.05,1291,3,0,2,1,6.166667872222222,APPROVE
WRONG_ITEM_CLAIM,3505.31,True,1,0,1609.25,1130,6,1,5,0,44.86667655916666,APPROVE
SHORTAGE_CLAIM,3555.58,False,0,2,1826.62,1154,6,3,3,0,6.116667860833333,REQUEST_EVIDENCE
SUBSTITUTED_RETURN_CLAIM,1619.11,False,0,0,1580.05,1061,9,1,7,1,6.983334697777778,REQUEST_EVIDENCE
NON_DELIVERY_CLAIM,585.3,True,1,0,1420.73,228,6,2,3,1,0.5666667777777777,APPROVE
NON_DELIVERY_CLAIM,1318.53,True,1,1,2529.93,767,5,2,3,0,4.383334191111111,APPROVE
SHORTAGE_CLAIM,4237.08,True,1,1,2600.32,1404,5,2,2,1,9.300001921666667,APPROVE
SUBSTITUTED_RETURN_CLAIM,1149.93,False,0,0,973.54,436,7,1,3,1,6.416667921111111,REQUEST_EVIDENCE
NON_DELIVERY_CLAIM,1375.91,False,0,1,2637.72,942,9,4,4,1,22.250004766944443,REQUEST_EVIDENCE
SHORTAGE_CLAIM,4646.95,True,1,4,4198.3,1201,3,0,2,0,65.28334872166667,APPROVE
WRONG_ITEM_CLAIM,5465.6,True,1,0,212.77,290,3,2,0,1,24.60000550666667,ESCALATE
SHORTAGE_CLAIM,5343.57,True,1,1,88.07,560,8,3,2,1,14.366669605277778,ESCALATE
NON_DELIVERY_CLAIM,2493.85,False,0,0,1390.28,525,10,2,4,2,1.6666669966666667,REQUEST_EVIDENCE
NON_DELIVERY_CLAIM,1996.12,False,0,2,7632.14,989,7,2,4,0,8.66666838,REQUEST_EVIDENCE
SUBSTITUTED_RETURN_CLAIM,1890.66,True,1,0,1067.43,1249,7,2,4,0,1.600000316111111,APPROVE
SHORTAGE_CLAIM,3741.76,False,0,2,1147.44,996,6,1,5,0,23.750005263888887,REQUEST_EVIDENCE
WRONG_ITEM_CLAIM,2418.75,True,1,0,1655.73,1485,5,3,1,0,4.016667455555555,APPROVE
WRONG_ITEM_CLAIM,1022.96,False,0,2,432.23,1000,7,2,3,0,23.81667194611111,REQUEST_EVIDENCE
NON_DELIVERY_CLAIM,4735.71,False,0,0,1735.03,565,5,1,4,0,41.31667586416667,REQUEST_EVIDENCE
SUBSTITUTED_RETURN_CLAIM,1526.17,False,0,2,1569.02,389,7,2,2,0,19.750004089166666,REQUEST_EVIDENCE
NON_DELIVERY_CLAIM,3469.59,True,1,2,2123.26,914,4,1,2,1,51.35001125611111,APPROVE
SHORTAGE_CLAIM,815.25,True,1,0,2111.28,1287,2,0,2,0,25.9833392125,APPROVE
NON_DELIVERY_CLAIM,146.96,False,0,0,248.01,1180,6,4,2,0,26.516672695833336,REQUEST_EVIDENCE
WRONG_ITEM_CLAIM,781.19,True,1,0,132.89,1129,2,1,1,0,40.250008985,APPROVE
WRONG_ITEM_CLAIM,1315.48,False,0,0,2786.9,1381,6,2,4,0,28.933340064444444,REQUEST_EVIDENCE
WRONG_ITEM_CLAIM,622.11,True,1,0,83.93,112,9,7,2,0,6.1333345325,APPROVE
NON_DELIVERY_CLAIM,1734.89,True,1,0,2569.87,1248,4,0,1,2,4.050000795,APPROVE
SUBSTITUTED_RETURN_CLAIM,3239.26,False,0,1,375.12,773,5,1,1,2,8.033334905555556,REQUEST_EVIDENCE
NON_DELIVERY_CLAIM,3421.2,False,0,0,723.46,1114,3,0,3,0,38.03334187944445,REQUEST_EVIDENCE
SHORTAGE_CLAIM,1322.18,False,0,0,2868.83,1026,8,3,4,0,11.600002405833333,REQUEST_EVIDENCE
WRONG_ITEM_CLAIM,7394.63,False,0,2,7640.85,706,8,2,6,0,2.9666672508333334,REQUEST_EVIDENCE
SHORTAGE_CLAIM,2622.58,True,1,1,2002.74,986,6,3,3,0,34.450007830555556,DENY
SUBSTITUTED_RETURN_CLAIM,1738.18,False,0,2,161.41,1455,3,1,2,0,1.9833337244444444,REQUEST_EVIDENCE
SHORTAGE_CLAIM,3349.05,False,0,0,524.11,554,5,3,1,0,7.866668206111111,REQUEST_EVIDENCE
NON_DELIVERY_CLAIM,1683.91,True,1,0,334.65,187,7,2,5,0,13.683336140277778,APPROVE
NON_DELIVERY_CLAIM,4140.33,True,1,0,1093.48,426,7,2,3,2,15.166669760833335,APPROVE
SHORTAGE_CLAIM,2237.09,False,0,1,2600.32,1404,6,3,2,1,0.5000000988888889,REQUEST_EVIDENCE
NON_DELIVERY_CLAIM,1436.13,False,0,1,2480.47,1082,6,2,3,0,11.316669016388888,REQUEST_EVIDENCE
SHORTAGE_CLAIM,2052.22,True,1,0,2351.4,647,8,2,4,1,17.35000352388889,APPROVE
NON_DELIVERY_CLAIM,1932.55,False,0,0,2655.64,110,5,3,1,0,34.866674580555554,REQUEST_EVIDENCE
SHORTAGE_CLAIM,1359.71,False,0,1,1650.48,344,6,2,3,1,25.550005729722223,REQUEST_EVIDENCE
SUBSTITUTED_RETURN_CLAIM,2636.62,True,1,1,2018.9,283,5,3,2,0,4.800000939722222,APPROVE
SUBSTITUTED_RETURN_CLAIM,5148.14,False,0,0,393.83,1371,6,3,2,1,4.883334289166667,REQUEST_EVIDENCE
SHORTAGE_CLAIM,950.61,True,1,1,478.11,179,8,4,4,0,29.100006761666666,APPROVE
WRONG_ITEM_CLAIM,6745.82,False,0,0,662.55,1435,10,2,5,1,10.900002265833333,REQUEST_EVIDENCE
SHORTAGE_CLAIM,2374.17,True,1,0,432.47,1238,4,0,3,0,3.4666673466666666,APPROVE
NON_DELIVERY_CLAIM,5116.24,True,1,1,2462.22,1296,6,2,4,0,1.2166669058333335,ESCALATE
SHORTAGE_CLAIM,2581.62,False,0,0,1915.56,691,8,4,4,0,1.5500003047222224,REQUEST_EVIDENCE
SUBSTITUTED_RETURN_CLAIM,5295.66,True,1,0,1129.01,1137,4,3,1,0,31.533340576666664,ESCALATE
NON_DELIVERY_CLAIM,4657.63,True,1,0,2352.92,956,2,1,1,0,27.650006472222223,APPROVE
NON_DELIVERY_CLAIM,4531.26,False,0,0,1181.15,292,6,1,3,2,12.700002617222223,REQUEST_EVIDENCE
SHORTAGE_CLAIM,2266.2,False,0,1,2439.06,1131,4,1,1,0,65.96668218777778,REQUEST_EVIDENCE
SUBSTITUTED_RETURN_CLAIM,6507.3,False,0,1,588.3,1459,11,1,7,1,6.150001201388889,REQUEST_EVIDENCE
NON_DELIVERY_CLAIM,1011.54,False,0,0,2971.01,1261,4,3,1,0,0.9166668458333334,REQUEST_EVIDENCE
SUBSTITUTED_RETURN_CLAIM,373.82,True,1,0,1759.83,297,5,2,1,2,18.983337186666667,APPROVE
NON_DELIVERY_CLAIM,1097.37,True,1,1,622.39,1115,7,1,5,0,2.7500005422222222,APPROVE
NON_DELIVERY_CLAIM,2423.63,False,0,0,2556.58,1498,3,3,0,0,10.90000226388889,REQUEST_EVIDENCE
SUBSTITUTED_RETURN_CLAIM,5876.2,False,0,0,2141.3,1469,7,3,3,1,33.30000759833334,REQUEST_EVIDENCE
SUBSTITUTED_RETURN_CLAIM,5970.42,False,0,1,3068.03,1421,5,1,2,1,67.45001581638888,REQUEST_EVIDENCE
NON_DELIVERY_CLAIM,873.7,False,0,0,1169.95,1219,4,1,3,0,5.433334396944445,REQUEST_EVIDENCE
SUBSTITUTED_RETURN_CLAIM,1347.69,False,0,1,770.91,880,8,3,4,0,9.716668613333333,REQUEST_EVIDENCE
NON_DELIVERY_CLAIM,1658.49,True,1,1,182.1,175,10,4,6,0,2.1000004136111112,APPROVE
SHORTAGE_CLAIM,3852.77,False,0,0,2317.12,50,5,0,3,0,9.783335296944443,REQUEST_EVIDENCE
SUBSTITUTED_RETURN_CLAIM,3914.34,False,0,1,2028.7,1373,4,3,0,0,14.483336295,REQUEST_EVIDENCE
SUBSTITUTED_RETURN_CLAIM,2665.21,True,1,0,2837.06,1295,5,4,1,0,17.650003582222222,APPROVE
SHORTAGE_CLAIM,1905.91,False,0,0,1423.84,898,10,2,7,1,20.600004260277778,REQUEST_EVIDENCE
SHORTAGE_CLAIM,1910.18,False,0,0,1013.16,1347,6,1,3,1,31.41667388833333,DENY
WRONG_ITEM_CLAIM,6281.18,False,0,0,2668.09,1034,6,2,2,1,18.816670478055553,REQUEST_EVIDENCE
WRONG_ITEM_CLAIM,2877.16,True,1,0,2670.24,118,2,0,0,1,40.316675663611115,APPROVE
SHORTAGE_CLAIM,2271.06,False,0,1,2189.88,1077,11,7,4,0,15.366669800555556,REQUEST_EVIDENCE
SUBSTITUTED_RETURN_CLAIM,686.76,False,0,0,2667.56,823,5,4,1,0,2.333333793611111,REQUEST_EVIDENCE
WRONG_ITEM_CLAIM,862.49,True,1,0,1169.95,1219,5,1,4,0,0.20000004,APPROVE
SUBSTITUTED_RETURN_CLAIM,6910.01,False,0,4,4852.42,1328,6,3,3,0,23.666671745000002,REQUEST_EVIDENCE
WRONG_ITEM_CLAIM,1435.94,True,1,0,2579.39,1000,9,2,6,0,10.483335496944445,APPROVE
WRONG_ITEM_CLAIM,1686.35,True,1,1,2600.32,1404,7,3,3,1,0.6333334572222222,APPROVE
SUBSTITUTED_RETURN_CLAIM,1648.9,True,1,1,2412.26,850,5,2,2,0,37.5000084375,APPROVE
SHORTAGE_CLAIM,1963.1,False,0,0,1782.13,980,6,4,2,0,5.050000990277778,REQUEST_EVIDENCE
SUBSTITUTED_RETURN_CLAIM,6840.24,True,1,0,2317.12,50,6,0,4,0,0.25000005,ESCALATE
NON_DELIVERY_CLAIM,490.15,True,1,2,2311.1,300,4,1,2,0,22.050004614166667,APPROVE
NON_DELIVERY_CLAIM,4368.57,True,1,1,375.12,773,6,1,2,2,0.8666668358333334,APPROVE
SUBSTITUTED_RETURN_CLAIM,261.76,True,1,0,1078.46,677,7,3,2,0,10.283335415277778,APPROVE
WRONG_ITEM_CLAIM,4244.76,True,1,0,2012.93,1079,9,3,5,0,12.416669232222223,APPROVE
NON_DELIVERY_CLAIM,2308.09,True,1,0,2747.56,102,8,3,5,0,3.0666672694444443,APPROVE
WRONG_ITEM_CLAIM,3154.85,False,0,0,1129.43,1261,6,2,1,2,18.116670340833334,REQUEST_EVIDENCE
SUBSTITUTED_RETURN_CLAIM,5757.4,True,1,0,2971.01,1261,5,3,2,0,0.5166667686111112,ESCALATE
SUBSTITUTED_RETURN_CLAIM,1388.6,False,0,0,2406.5,1011,5,1,0,1,15.900003237222222,REQUEST_EVIDENCE
WRONG_ITEM_CLAIM,3270.38,False,0,0,2141.3,1469,8,3,4,1,0.4833334286111111,REQUEST_EVIDENCE
WRONG_ITEM_CLAIM,1883.71,True,1,1,2189.88,1077,12,7,5,0,0.3000000577777778,APPROVE
SHORTAGE_CLAIM,3291.23,False,0,0,2009.5,1133,6,2,4,0,3.6333340491666664,DENY
NON_DELIVERY_CLAIM,622.2,False,0,1,361.62,190,5,1,4,0,14.01666954,REQUEST_EVIDENCE
SUBSTITUTED_RETURN_CLAIM,7808.08,True,1,1,3068.03,1421,6,1,3,1,0.5333334394444444,ESCALATE
WRONG_ITEM_CLAIM,3755.03,True,1,0,68.24,1301,7,3,2,1,22.95000484166667,APPROVE
SUBSTITUTED_RETURN_CLAIM,2175.78,True,1,2,2570.25,731,6,3,3,0,9.433335179722222,APPROVE
NON_DELIVERY_CLAIM,4505.12,False,0,1,2263.65,1081,11,3,4,1,8.983335091666667,REQUEST_EVIDENCE
NON_DELIVERY_CLAIM,2840.1,False,0,0,544.22,1450,6,2,4,0,14.400002947222221,REQUEST_EVIDENCE
SUBSTITUTED_RETURN_CLAIM,2835.38,True,1,2,2234.81,1456,11,4,6,0,9.816668588611112,APPROVE
NON_DELIVERY_CLAIM,2095.65,False,0,0,1367.35,973,6,2,4,0,8.866668402222222,REQUEST_EVIDENCE
SHORTAGE_CLAIM,1911.09,True,1,0,2021.02,706,8,5,2,0,16.950003445555556,APPROVE
NON_DELIVERY_CLAIM,2351.57,True,1,0,770.28,281,4,0,4,0,4.333334183888889,APPROVE
SHORTAGE_CLAIM,1650.93,True,1,0,288.94,592,11,8,2,1,4.716667593055556,APPROVE
SUBSTITUTED_RETURN_CLAIM,4340.75,False,0,1,2342.92,672,8,2,5,0,7.916668216111111,REQUEST_EVIDENCE
NON_DELIVERY_CLAIM,3188.01,False,0,1,3875.66,793,12,4,5,0,14.616669656388888,REQUEST_EVIDENCE
NON_DELIVERY_CLAIM,4041.89,True,1,4,3470.4,1125,10,6,2,1,15.383336471944444,APPROVE
SHORTAGE_CLAIM,4175.15,True,1,0,2868.83,1026,9,3,5,0,1.2333335741666667,DENY
SHORTAGE_CLAIM,2488.89,False,0,0,2233.77,796,3,0,3,0,24.25000519972222,DENY
SUBSTITUTED_RETURN_CLAIM,7049.63,False,0,2,5852.54,244,8,4,3,0,12.433335901388888,REQUEST_EVIDENCE
SHORTAGE_CLAIM,1628.86,False,0,0,1067.43,1249,8,3,4,0,1.5333336325,DENY
SHORTAGE_CLAIM,4807.71,False,0,1,2673.83,1413,6,5,1,0,27.516672855277776,DENY
SHORTAGE_CLAIM,1881.79,False,0,0,1312.07,1356,8,3,5,0,18.50000374888889,REQUEST_EVIDENCE
NON_DELIVERY_CLAIM,1959.13,True,1,3,1442.55,1147,4,0,2,0,21.466671102777777,APPROVE
NON_DELIVERY_CLAIM,1855.51,True,1,0,1956.2,1115,8,5,2,0,5.2000010197222215,APPROVE
SUBSTITUTED_RETURN_CLAIM,2194.92,True,1,0,1297.52,1225,9,4,4,0,12.683335950277778,APPROVE
SHORTAGE_CLAIM,4028.69,False,0,1,1810.91,604,4,2,2,0,9.866668596666667,REQUEST_EVIDENCE
WRONG_ITEM_CLAIM,1629.35,False,0,1,2521.92,1435,12,5,5,0,6.1000011941666665,REQUEST_EVIDENCE
SUBSTITUTED_RETURN_CLAIM,1623.5,False,0,0,2693.8,1135,5,2,3,0,14.366669606944445,REQUEST_EVIDENCE
SHORTAGE_CLAIM,5137.6,False,0,1,359.64,525,7,4,3,0,6.76666799,REQUEST_EVIDENCE
SUBSTITUTED_RETURN_CLAIM,1839.15,False,0,1,2470.02,295,5,4,1,0,24.083338460555556,REQUEST_EVIDENCE
SHORTAGE_CLAIM,2498.34,False,0,0,2255.89,238,6,1,1,1,8.000001563055555,DENY
SHORTAGE_CLAIM,1745.83,False,0,0,2497.88,1387,4,1,3,0,33.23334091111111,REQUEST_EVIDENCE
WRONG_ITEM_CLAIM,980.11,True,1,1,375.12,773,7,2,2,2,0.6666667961111111,APPROVE
SUBSTITUTED_RETURN_CLAIM,960.12,False,0,1,760.9,450,4,1,3,0,11.383335693611112,REQUEST_EVIDENCE
SUBSTITUTED_RETURN_CLAIM,511.31,False,0,0,1537.93,1239,10,3,7,0,11.533335723611112,REQUEST_EVIDENCE
NON_DELIVERY_CLAIM,6555.52,True,1,0,2022.07,443,6,3,1,0,9.066668440277779,ESCALATE
SUBSTITUTED_RETURN_CLAIM,2317.26,False,0,0,1085.35,477,4,1,3,0,10.600002101666666,REQUEST_EVIDENCE
SUBSTITUTED_RETURN_CLAIM,496.81,True,1,0,2056.77,322,5,3,2,0,34.50000783527778,APPROVE
SHORTAGE_CLAIM,2403.42,True,1,0,505.91,1330,9,4,3,2,10.500002067222223,DENY
SHORTAGE_CLAIM,970.02,True,1,1,2759.07,1122,12,6,4,2,6.5166679427777785,APPROVE
SHORTAGE_CLAIM,4750.31,False,0,0,973.54,436,8,1,4,1,2.0000003922222223,DENY
SUBSTITUTED_RETURN_CLAIM,1017.32,False,0,1,2779.82,185,5,4,0,1,11.96666914,REQUEST_EVIDENCE
NON_DELIVERY_CLAIM,3276.95,False,0,0,1000.55,1430,6,2,3,1,3.933334105277778,REQUEST_EVIDENCE
SHORTAGE_CLAIM,1503.31,True,1,0,501.14,257,12,6,4,1,2.2333337705555554,APPROVE
SHORTAGE_CLAIM,5100.06,False,0,3,5658.64,1369,3,0,2,1,26.700005923333332,REQUEST_EVIDENCE
NON_DELIVERY_CLAIM,4564.16,False,0,2,5256.44,731,3,2,1,0,2.900000568333333,REQUEST_EVIDENCE
WRONG_ITEM_CLAIM,824.74,False,0,1,2469.59,928,8,0,4,2,7.416668116388888,REQUEST_EVIDENCE
SUBSTITUTED_RETURN_CLAIM,1268.36,True,1,0,1363.93,786,6,1,5,0,5.583334427222223,APPROVE
SHORTAGE_CLAIM,2837.77,True,1,1,1705.43,186,8,1,3,0,5.700001116666667,DENY
NON_DELIVERY_CLAIM,2044.37,False,0,0,1662.95,146,7,5,1,0,8.2166682725,REQUEST_EVIDENCE
SHORTAGE_CLAIM,3073.28,False,0,1,1250.77,838,5,1,2,0,22.583338025,REQUEST_EVIDENCE
NON_DELIVERY_CLAIM,1007.3,True,1,0,956.15,1213,6,2,3,0,10.033335295277777,APPROVE
SHORTAGE_CLAIM,1981.99,True,1,0,1389.19,484,4,2,1,0,38.08334187916667,APPROVE
WRONG_ITEM_CLAIM,6947.39,False,0,0,270.75,1054,3,1,2,0,10.250002004722221,REQUEST_EVIDENCE
NON_DELIVERY_CLAIM,2087.54,True,1,0,1406.09,335,5,3,2,0,17.566670231666667,APPROVE
SUBSTITUTED_RETURN_CLAIM,3234.96,False,0,0,1102.69,894,5,0,2,3,8.916668409444444,REQUEST_EVIDENCE
SHORTAGE_CLAIM,1940.84,False,0,1,1159.93,1372,6,2,4,0,6.983334699722222,DENY
NON_DELIVERY_CLAIM,1403.93,False,0,0,1420.73,228,7,3,3,1,2.33333379,REQUEST_EVIDENCE
SUBSTITUTED_RETURN_CLAIM,2300.5,True,1,2,2631.28,1030,6,2,3,1,15.583336510555556,APPROVE
SHORTAGE_CLAIM,6817.75,True,1,0,1982.17,623,7,3,3,1,12.900002661666667,ESCALATE
NON_DELIVERY_CLAIM,448.13,False,0,0,2868.83,1026,10,3,5,0,0.7333334786111112,REQUEST_EVIDENCE
WRONG_ITEM_CLAIM,2990.17,False,0,4,4192.47,182,4,1,1,2,9.866668599444443,REQUEST_EVIDENCE
NON_DELIVERY_CLAIM,2309.17,False,0,0,1242.55,1295,7,1,4,0,3.200000630555556,REQUEST_EVIDENCE
WRONG_ITEM_CLAIM,2847.58,False,0,0,853.61,40,6,1,2,2,5.5833344319444445,REQUEST_EVIDENCE
SUBSTITUTED_RETURN_CLAIM,2143.58,False,0,1,2992.1,1135,10,5,4,0,8.966668424444444,REQUEST_EVIDENCE
NON_DELIVERY_CLAIM,1989.96,True,1,0,2118.68,443,8,3,2,3,7.850001538333333,APPROVE
WRONG_ITEM_CLAIM,2070.93,True,1,0,1453.61,767,5,2,1,2,49.9166775575,APPROVE
SUBSTITUTED_RETURN_CLAIM,2731.35,False,0,4,2328.43,803,3,0,2,0,17.700003595833333,REQUEST_EVIDENCE
SUBSTITUTED_RETURN_CLAIM,2391.95,True,1,1,1238.84,400,11,5,3,2,12.90000266138889,APPROVE
SUBSTITUTED_RETURN_CLAIM,3042.34,False,0,0,995.16,643,3,1,2,0,33.40000761333333,REQUEST_EVIDENCE
WRONG_ITEM_CLAIM,5015.29,False,0,0,779.42,664,7,3,4,0,21.600004428055556,REQUEST_EVIDENCE
SUBSTITUTED_RETURN_CLAIM,694.28,True,1,2,6272.77,1017,1,1,0,0,58.40001307444445,APPROVE
SHORTAGE_CLAIM,4950.31,False,0,1,2600.32,1404,8,4,3,1,1.4166669477777778,REQUEST_EVIDENCE
SHORTAGE_CLAIM,337.21,False,0,1,529.82,1167,5,4,1,0,19.90000402638889,REQUEST_EVIDENCE
SUBSTITUTED_RETURN_CLAIM,251.89,False,0,0,1554.89,1408,9,3,3,2,5.933334500833333,REQUEST_EVIDENCE
SUBSTITUTED_RETURN_CLAIM,3417.86,True,1,4,2497.91,624,8,1,3,2,8.700001704722222,APPROVE
SUBSTITUTED_RETURN_CLAIM,3356.23,True,1,4,3057.04,1284,5,2,3,0,41.75000928138889,APPROVE
SHORTAGE_CLAIM,2171.02,True,1,0,1382.81,1188,3,1,2,0,17.833336955555556,APPROVE
SUBSTITUTED_RETURN_CLAIM,288.31,False,0,0,1681.46,639,9,3,6,0,25.600005567777778,REQUEST_EVIDENCE
SUBSTITUTED_RETURN_CLAIM,3335.48,True,1,4,2208.59,1283,4,1,2,0,17.316670184722224,APPROVE
SUBSTITUTED_RETURN_CLAIM,5638.99,True,1,1,1116.93,995,4,3,1,0,29.383339970555554,ESCALATE
SUBSTITUTED_RETURN_CLAIM,2579.91,False,0,0,2401.54,1378,2,0,1,1,42.26667604861111,REQUEST_EVIDENCE
NON_DELIVERY_CLAIM,4857.58,True,1,1,2405.98,303,8,2,4,1,10.666668757777778,APPROVE
SUBSTITUTED_RETURN_CLAIM,2230.61,False,0,1,1437.06,272,6,4,2,0,11.36666892111111,REQUEST_EVIDENCE
SHORTAGE_CLAIM,2911.03,True,1,1,1477.27,1327,4,2,2,0,47.666677113055556,APPROVE
NON_DELIVERY_CLAIM,4032.1,True,1,4,2328.43,803,4,0,3,0,0.30000005999999996,APPROVE
SHORTAGE_CLAIM,1091.46,False,0,0,1346.53,40,4,1,3,0,40.816675761388886,REQUEST_EVIDENCE
NON_DELIVERY_CLAIM,478.0,True,1,0,1505.47,718,6,3,3,0,12.616669272222223,APPROVE
WRONG_ITEM_CLAIM,2363.32,True,1,2,1525.62,1381,4,0,4,0,22.80000471527778,APPROVE
NON_DELIVERY_CLAIM,2371.38,True,1,1,2480.47,1082,7,2,4,0,2.316667125,APPROVE
SUBSTITUTED_RETURN_CLAIM,218.16,False,0,0,1858.55,231,6,3,3,0,32.05000734833334,REQUEST_EVIDENCE
SHORTAGE_CLAIM,540.53,True,1,1,6891.08,559,9,4,5,0,3.3666673322222223,APPROVE
SUBSTITUTED_RETURN_CLAIM,325.08,True,1,1,1419.46,284,3,2,1,0,32.03334067805555,APPROVE
SHORTAGE_CLAIM,898.12,True,1,1,2965.29,1310,6,3,2,0,31.966673996944447,APPROVE
WRONG_ITEM_CLAIM,1637.09,False,0,0,770.28,281,5,1,4,0,1.3833336083333332,REQUEST_EVIDENCE
WRONG_ITEM_CLAIM,3377.75,False,0,0,1269.12,269,4,1,3,0,32.85000750583333,REQUEST_EVIDENCE
SUBSTITUTED_RETURN_CLAIM,918.08,True,1,1,730.71,217,5,1,2,1,54.55001191694445,APPROVE
WRONG_ITEM_CLAIM,615.95,False,0,0,1526.21,820,7,2,5,0,23.933338328055555,REQUEST_EVIDENCE
SHORTAGE_CLAIM,3205.33,True,1,0,2309.9,1081,6,2,4,0,26.85000589638889,DENY
SUBSTITUTED_RETURN_CLAIM,1980.05,False,0,0,1747.11,1494,13,6,4,3,12.6500026125,REQUEST_EVIDENCE
WRONG_ITEM_CLAIM,6962.2,False,0,1,85.12,1219,2,1,1,0,23.68333826027778,REQUEST_EVIDENCE
SHORTAGE_CLAIM,5291.23,False,0,0,1162.58,266,8,2,6,0,8.866668404166667,REQUEST_EVIDENCE
WRONG_ITEM_CLAIM,452.82,True,1,0,752.67,1301,5,2,3,0,8.166668268333332,APPROVE
SUBSTITUTED_RETURN_CLAIM,2405.67,False,0,4,3020.44,736,6,3,2,0,11.266668875277778,REQUEST_EVIDENCE
NON_DELIVERY_CLAIM,6353.34,False,0,0,175.51,864,0,0,0,0,999.0,REQUEST_EVIDENCE
SUBSTITUTED_RETURN_CLAIM,1130.88,False,0,0,2140.11,635,6,2,2,2,5.466667744444445,REQUEST_EVIDENCE
WRONG_ITEM_CLAIM,4274.42,True,1,0,2687.1,194,5,2,2,0,3.9500007794444447,APPROVE
NON_DELIVERY_CLAIM,3950.77,False,0,0,715.72,1294,14,6,7,0,8.633335025555555,REQUEST_EVIDENCE
SUBSTITUTED_RETURN_CLAIM,1531.66,False,0,0,1662.95,146,8,5,2,0,0.9833335305555555,REQUEST_EVIDENCE
WRONG_ITEM_CLAIM,3132.61,False,0,0,1344.81,531,7,2,3,2,4.4500008780555556,REQUEST_EVIDENCE
SUBSTITUTED_RETURN_CLAIM,2166.87,True,1,0,2257.68,521,6,2,3,1,21.416671004166666,APPROVE
SUBSTITUTED_RETURN_CLAIM,2353.82,True,1,0,1605.3,651,5,2,3,0,12.333335830277779,APPROVE
SHORTAGE_CLAIM,5811.35,True,1,1,1650.3,834,5,2,2,0,19.91667069861111,ESCALATE
NON_DELIVERY_CLAIM,1516.57,True,1,0,2223.89,128,3,1,0,1,36.08334148416667,APPROVE
NON_DELIVERY_CLAIM,2301.87,False,0,0,2572.95,733,5,2,3,0,6.866668018333333,REQUEST_EVIDENCE
SHORTAGE_CLAIM,1645.91,True,1,0,2700.73,951,5,1,2,1,49.93334422805556,APPROVE
NON_DELIVERY_CLAIM,1186.11,True,1,2,4188.03,363,5,2,3,0,13.716669492222223,APPROVE
WRONG_ITEM_CLAIM,4612.03,False,0,0,244.22,139,7,3,4,0,23.650004904166668,REQUEST_EVIDENCE
SHORTAGE_CLAIM,2284.67,True,1,0,364.09,624,10,2,4,1,19.900004028333335,DENY
SHORTAGE_CLAIM,2121.84,False,0,0,2670.24,118,3,1,0,1,2.3000004555555558,REQUEST_EVIDENCE
NON_DELIVERY_CLAIM,3413.99,False,0,1,478.11,179,9,5,4,0,2.7333338747222222,REQUEST_EVIDENCE
NON_DELIVERY_CLAIM,1236.02,False,0,0,707.99,1080,3,1,2,0,41.53334258,REQUEST_EVIDENCE
NON_DELIVERY_CLAIM,5206.92,False,0,1,2602.43,333,4,2,0,1,28.533339675833332,REQUEST_EVIDENCE
NON_DELIVERY_CLAIM,3846.96,True,1,0,2837.06,1295,6,5,1,0,2.4333338261111113,APPROVE
NON_DELIVERY_CLAIM,1916.23,False,0,2,5852.54,244,9,4,4,0,1.766667028611111,REQUEST_EVIDENCE
SHORTAGE_CLAIM,3974.95,True,1,0,2668.27,652,8,1,5,1,7.700001523611111,APPROVE
WRONG_ITEM_CLAIM,869.96,True,1,0,175.51,864,1,0,1,0,0.3666667502777778,APPROVE
SHORTAGE_CLAIM,6205.74,True,1,0,2289.33,690,5,4,0,0,8.80000173638889,ESCALATE
SUBSTITUTED_RETURN_CLAIM,3808.19,True,1,2,7120.96,933,8,2,5,0,17.333336868611113,APPROVE
SUBSTITUTED_RETURN_CLAIM,1949.32,False,0,0,552.73,985,7,2,2,1,4.550000908611111,REQUEST_EVIDENCE
WRONG_ITEM_CLAIM,827.23,False,0,4,4072.8,817,3,2,0,1,21.100004273055557,REQUEST_EVIDENCE
NON_DELIVERY_CLAIM,588.24,True,1,0,1733.76,1392,6,3,3,0,11.51666893638889,APPROVE
NON_DELIVERY_CLAIM,3715.07,False,0,0,895.5,1424,5,2,2,0,11.683335635555554,REQUEST_EVIDENCE
WRONG_ITEM_CLAIM,2133.11,True,1,1,758.61,194,5,3,1,0,66.5666820275,APPROVE
SHORTAGE_CLAIM,5486.67,True,1,1,278.85,49,5,3,1,0,24.166671695833333,ESCALATE
SHORTAGE_CLAIM,1307.32,True,1,1,529.82,1167,6,4,2,0,1.0333335477777776,APPROVE
WRONG_ITEM_CLAIM,784.62,True,1,0,2974.59,825,5,2,3,0,3.816667432777778,APPROVE
SHORTAGE_CLAIM,2305.99,False,0,0,2316.43,1143,3,1,2,0,18.266670385833333,DENY
NON_DELIVERY_CLAIM,495.53,False,0,1,2376.38,298,6,3,3,0,23.333338149444447,REQUEST_EVIDENCE
SUBSTITUTED_RETURN_CLAIM,870.69,False,0,1,321.97,468,4,2,2,0,25.366672013888888,REQUEST_EVIDENCE
WRONG_ITEM_CLAIM,2092.65,False,0,3,4869.1,661,8,2,5,0,11.616668958611111,REQUEST_EVIDENCE
SHORTAGE_CLAIM,759.83,True,1,1,416.38,1493,9,1,7,0,19.21667057361111,DENY
NON_DELIVERY_CLAIM,1246.08,False,0,1,263.39,822,8,4,3,1,11.416668919166668,REQUEST_EVIDENCE
NON_DELIVERY_CLAIM,1134.78,False,0,0,1371.96,93,7,1,5,1,14.866669730277778,REQUEST_EVIDENCE
NON_DELIVERY_CLAIM,3763.44,False,0,0,1956.2,1115,9,6,2,0,2.016667079722222,REQUEST_EVIDENCE
WRONG_ITEM_CLAIM,337.86,True,1,2,1410.03,388,7,3,3,1,48.933344042222224,APPROVE
WRONG_ITEM_CLAIM,2591.67,True,1,0,2736.31,1438,6,1,5,0,45.21667664388889,APPROVE
SUBSTITUTED_RETURN_CLAIM,1488.53,True,1,0,2098.85,248,7,4,1,0,43.61667632722222,APPROVE
NON_DELIVERY_CLAIM,615.83,False,0,1,2183.92,1202,7,1,5,0,5.2166677083333335,REQUEST_EVIDENCE
SHORTAGE_CLAIM,1009.85,True,1,2,1743.23,372,8,2,5,1,7.700001526666667,APPROVE
SHORTAGE_CLAIM,5891.9,True,1,0,1106.94,827,7,4,1,1,38.45000863361111,DENY
NON_DELIVERY_CLAIM,2612.31,False,0,0,2537.9,338,9,5,3,1,12.550002505277776,REQUEST_EVIDENCE
SHORTAGE_CLAIM,582.03,False,0,0,1169.95,1219,6,2,4,0,2.800000566111111,REQUEST_EVIDENCE
WRONG_ITEM_CLAIM,4692.98,True,1,0,1756.34,141,8,4,3,0,9.300001836944444,APPROVE
WRONG_ITEM_CLAIM,4130.54,True,1,1,4623.76,328,5,3,2,0,7.616668177777778,APPROVE
SHORTAGE_CLAIM,1140.06,True,1,1,5658.33,815,5,1,4,0,8.283334973611112,APPROVE
SUBSTITUTED_RETURN_CLAIM,1878.91,False,0,2,1440.03,329,1,0,0,0,81.85001866722223,REQUEST_EVIDENCE
SHORTAGE_CLAIM,4060.6,True,1,0,1715.29,96,1,1,0,0,66.23334856055556,APPROVE
SUBSTITUTED_RETURN_CLAIM,7732.15,True,1,0,302.69,261,1,1,0,0,78.91668475388889,ESCALATE
SHORTAGE_CLAIM,2272.76,False,0,1,182.1,175,11,5,6,0,3.083333958611111,DENY
SUBSTITUTED_RETURN_CLAIM,5659.24,True,1,0,2198.87,770,5,2,1,1,24.21667168833333,ESCALATE
SUBSTITUTED_RETURN_CLAIM,1672.64,True,1,0,835.7,465,10,3,5,1,11.616668960833334,APPROVE
WRONG_ITEM_CLAIM,2342.84,False,0,3,3920.1,35,6,4,0,0,49.7833442125,REQUEST_EVIDENCE
WRONG_ITEM_CLAIM,2923.57,True,1,0,2082.0,1431,8,2,1,1,24.283338369444444,APPROVE
SHORTAGE_CLAIM,5009.09,True,1,0,1761.01,335,4,2,2,0,17.18333684638889,DENY
NON_DELIVERY_CLAIM,5554.56,False,0,0,2497.88,1387,5,1,4,0,2.233333792222222,REQUEST_EVIDENCE
WRONG_ITEM_CLAIM,5954.62,False,0,2,6873.23,1296,7,4,0,1,35.30000800416666,REQUEST_EVIDENCE
WRONG_ITEM_CLAIM,608.19,True,1,3,2756.82,1053,5,3,2,0,14.2333362725,APPROVE
NON_DELIVERY_CLAIM,4341.41,False,0,0,1314.33,1353,7,2,3,0,8.066668268055556,REQUEST_EVIDENCE
WRONG_ITEM_CLAIM,8052.2,False,0,1,5708.94,1446,6,2,4,0,18.28333705888889,REQUEST_EVIDENCE
SUBSTITUTED_RETURN_CLAIM,2363.87,False,0,0,1274.66,769,2,2,0,0,38.483341976388886,REQUEST_EVIDENCE
NON_DELIVERY_CLAIM,3047.86,False,0,1,1649.9,1210,9,4,5,0,6.950001383888888,REQUEST_EVIDENCE
WRONG_ITEM_CLAIM,1429.05,True,1,1,1477.27,1327,5,3,2,0,1.4666669700000001,APPROVE
SHORTAGE_CLAIM,1481.35,False,0,4,5784.57,267,4,0,2,0,5.4666677608333325,REQUEST_EVIDENCE
WRONG_ITEM_CLAIM,1749.45,True,1,0,1491.82,858,7,2,3,1,9.416668530277779,APPROVE
NON_DELIVERY_CLAIM,3266.61,False,0,0,1511.24,649,8,2,4,1,20.266670783055556,REQUEST_EVIDENCE
NON_DELIVERY_CLAIM,3106.74,True,1,0,68.24,1301,8,4,2,1,2.866667248888889,APPROVE
SUBSTITUTED_RETURN_CLAIM,2653.29,True,1,0,2417.82,62,4,1,1,0,30.366673454166666,APPROVE
SUBSTITUTED_RETURN_CLAIM,5539.99,False,0,0,682.94,107,4,3,1,0,19.30000392722222,REQUEST_EVIDENCE
SHORTAGE_CLAIM,2411.95,True,1,0,2351.4,647,9,3,4,1,3.8000007655555557,APPROVE
NON_DELIVERY_CLAIM,1777.9,False,0,0,1159.69,1254,6,4,2,0,9.016668453888888,REQUEST_EVIDENCE
NON_DELIVERY_CLAIM,1600.82,False,0,1,1224.78,1045,8,4,3,1,47.96667718472222,REQUEST_EVIDENCE
NON_DELIVERY_CLAIM,289.73,True,1,1,2095.45,1036,0,0,0,0,999.0,APPROVE
SUBSTITUTED_RETURN_CLAIM,3021.66,True,1,1,1159.93,1372,7,2,4,0,2.1166671044444443,APPROVE
SHORTAGE_CLAIM,2612.46,True,1,0,2487.16,181,3,0,3,0,17.2333368575,DENY
SHORTAGE_CLAIM,2068.02,True,1,0,2033.09,613,6,1,3,2,13.0166692575,DENY
NON_DELIVERY_CLAIM,118.67,True,1,2,7120.96,933,9,3,5,0,0.9666668630555556,APPROVE
NON_DELIVERY_CLAIM,2507.06,True,1,3,5658.64,1369,4,0,3,1,2.3833338233333334,APPROVE
WRONG_ITEM_CLAIM,4217.56,True,1,1,2491.35,423,14,6,4,1,10.466668736388888,APPROVE
SUBSTITUTED_RETURN_CLAIM,2036.78,False,0,0,2817.46,452,5,4,1,0,28.76667298916667,REQUEST_EVIDENCE
WRONG_ITEM_CLAIM,1059.76,False,0,1,2491.35,423,15,7,4,1,0.03333333972222222,REQUEST_EVIDENCE
WRONG_ITEM_CLAIM,2444.53,True,1,0,1391.26,695,3,1,2,0,5.050001013055556,APPROVE
NON_DELIVERY_CLAIM,2137.35,False,0,0,1491.82,858,8,3,3,1,0.30000006027777776,REQUEST_EVIDENCE
SUBSTITUTED_RETURN_CLAIM,2447.99,True,1,0,2122.87,952,5,1,3,1,10.983335505833333,APPROVE
WRONG_ITEM_CLAIM,529.63,False,0,2,1569.02,389,8,2,3,0,4.3666675433333335,REQUEST_EVIDENCE
SHORTAGE_CLAIM,3324.5,False,0,2,2801.77,520,4,2,1,1,12.400002449166667,REQUEST_EVIDENCE
SHORTAGE_CLAIM,3094.49,True,1,0,2626.54,485,3,1,2,0,10.483335405833333,APPROVE
SHORTAGE_CLAIM,450.16,False,0,0,83.93,112,10,8,2,0,4.316667533888889,REQUEST_EVIDENCE
WRONG_ITEM_CLAIM,3951.74,True,1,1,1077.78,1293,5,2,3,0,21.850004426944444,APPROVE
SHORTAGE_CLAIM,732.05,False,0,0,2569.01,446,5,2,3,0,29.366673142499998,REQUEST_EVIDENCE
NON_DELIVERY_CLAIM,2765.47,True,1,1,1545.81,1352,2,1,1,0,61.350013742222224,APPROVE
NON_DELIVERY_CLAIM,3734.28,True,1,1,1330.69,93,5,1,3,0,14.233336273611112,APPROVE
WRONG_ITEM_CLAIM,2721.54,True,1,0,1001.38,33,8,5,3,0,6.4666679575,APPROVE
SUBSTITUTED_RETURN_CLAIM,1127.16,False,0,1,710.25,951,8,2,4,0,21.46667101888889,REQUEST_EVIDENCE
NON_DELIVERY_CLAIM,2234.32,True,1,0,770.28,281,6,1,5,0,1.8333337097222222,APPROVE
WRONG_ITEM_CLAIM,1805.44,False,0,1,2691.86,517,5,3,2,0,8.100001609722222,REQUEST_EVIDENCE
NON_DELIVERY_CLAIM,4144.3,False,0,1,1539.71,289,10,4,5,1,35.28334133388889,REQUEST_EVIDENCE
SHORTAGE_CLAIM,158.74,True,1,0,2701.37,1002,4,1,3,0,24.116671619166667,DENY
SHORTAGE_CLAIM,2058.25,True,1,1,1554.31,1159,4,3,1,0,20.21667077277778,APPROVE
NON_DELIVERY_CLAIM,3142.57,True,1,1,622.39,1115,8,2,5,0,4.016667475833334,APPROVE
WRONG_ITEM_CLAIM,3209.61,True,1,0,501.14,257,13,7,4,1,2.7833339005555557,APPROVE
WRONG_ITEM_CLAIM,506.94,False,0,0,2309.9,1081,7,2,4,0,1.8833337191666666,REQUEST_EVIDENCE
SUBSTITUTED_RETURN_CLAIM,4729.11,True,1,3,4160.43,672,9,2,5,1,7.91666824,APPROVE
SHORTAGE_CLAIM,3499.7,True,1,0,330.71,411,7,2,4,1,10.166668678611112,APPROVE
WRONG_ITEM_CLAIM,3180.59,False,0,0,2732.36,324,6,2,3,0,33.60000766722222,REQUEST_EVIDENCE
SUBSTITUTED_RETURN_CLAIM,1939.74,True,1,0,1001.38,33,9,6,3,0,0.21666670944444444,APPROVE
NON_DELIVERY_CLAIM,1616.91,True,1,2,981.87,220,4,1,0,2,12.983335896944446,APPROVE
SUBSTITUTED_RETURN_CLAIM,1412.72,False,0,3,3601.78,1370,9,2,6,1,31.050006923888887,REQUEST_EVIDENCE
SUBSTITUTED_RETURN_CLAIM,3751.1,False,0,4,3020.44,736,7,3,3,0,1.9166670608333334,REQUEST_EVIDENCE
NON_DELIVERY_CLAIM,1315.08,False,0,0,813.93,441,6,1,5,0,9.383335193333332,REQUEST_EVIDENCE
NON_DELIVERY_CLAIM,844.59,False,0,0,0.51,273,7,4,1,1,20.950004251666666,REQUEST_EVIDENCE
NON_DELIVERY_CLAIM,3014.98,False,0,0,1764.93,838,4,1,3,0,26.75000562388889,REQUEST_EVIDENCE
NON_DELIVERY_CLAIM,2100.95,False,0,1,2820.88,58,6,2,2,0,6.033334539444445,REQUEST_EVIDENCE
SUBSTITUTED_RETURN_CLAIM,3403.93,True,1,0,849.89,169,13,7,4,2,6.5500013075,APPROVE
SUBSTITUTED_RETURN_CLAIM,3450.31,True,1,0,1370.24,124,7,2,3,1,5.300001060555556,APPROVE
SHORTAGE_CLAIM,2068.64,True,1,2,5256.44,731,4,2,2,0,3.0000006105555554,DENY
SHORTAGE_CLAIM,788.05,True,1,2,514.81,101,6,0,2,2,10.600002096111112,APPROVE
NON_DELIVERY_CLAIM,2111.88,True,1,0,1067.43,1249,9,3,4,0,3.4666673683333333,APPROVE
WRONG_ITEM_CLAIM,1766.98,False,0,0,1858.97,136,3,1,1,0,28.66667290722222,REQUEST_EVIDENCE
SUBSTITUTED_RETURN_CLAIM,6250.59,False,0,0,779.42,664,8,3,5,0,2.650000538055556,REQUEST_EVIDENCE
SHORTAGE_CLAIM,3727.31,True,1,0,36.57,144,8,2,4,2,6.483334628611111,DENY
SHORTAGE_CLAIM,1521.66,True,1,2,4188.03,363,6,3,3,0,1.9166670591666666,APPROVE
SHORTAGE_CLAIM,1620.09,False,0,1,729.14,508,3,0,2,0,44.333343139722224,DENY
NON_DELIVERY_CLAIM,3319.91,False,0,1,1873.72,184,7,2,5,0,17.533336918055557,REQUEST_EVIDENCE
SHORTAGE_CLAIM,1841.88,True,1,1,1419.46,284,4,3,1,0,2.366667149444445,APPROVE
SUBSTITUTED_RETURN_CLAIM,4463.22,True,1,3,4172.98,324,8,2,4,0,40.55000905194444,APPROVE
WRONG_ITEM_CLAIM,1516.06,True,1,1,2778.13,1242,6,6,0,0,22.150004487222223,APPROVE
SHORTAGE_CLAIM,2062.95,True,1,2,2927.9,734,12,4,5,0,11.516668944444444,APPROVE
SHORTAGE_CLAIM,3724.27,True,1,0,2049.67,1299,7,4,1,0,14.583336310833333,DENY
WRONG_ITEM_CLAIM,2801.88,True,1,1,64.06,249,6,1,4,0,14.683336340555554,APPROVE
NON_DELIVERY_CLAIM,1724.13,False,0,0,1274.66,769,3,2,1,0,1.1666668977777777,REQUEST_EVIDENCE
WRONG_ITEM_CLAIM,1009.85,True,1,2,1743.23,372,9,3,5,1,1.5333336391666665,APPROVE
NON_DELIVERY_CLAIM,2535.63,False,0,1,6891.08,559,10,5,5,0,2.516667177777778,REQUEST_EVIDENCE
SHORTAGE_CLAIM,2298.09,False,0,0,847.37,829,9,1,4,0,9.650001913055556,DENY
SUBSTITUTED_RETURN_CLAIM,2130.35,False,0,0,2817.42,535,7,3,4,0,11.333335573333335,REQUEST_EVIDENCE
WRONG_ITEM_CLAIM,1967.12,True,1,0,146.85,112,8,4,4,0,6.366667938611111,APPROVE
SHORTAGE_CLAIM,3428.02,False,0,1,939.22,1161,4,2,2,0,6.116667888333334,REQUEST_EVIDENCE
SUBSTITUTED_RETURN_CLAIM,1745.06,False,0,1,2292.48,481,8,4,4,0,11.100002194444443,REQUEST_EVIDENCE
NON_DELIVERY_CLAIM,8282.24,False,0,4,1372.8,925,7,3,3,0,13.600002684444444,REQUEST_EVIDENCE
WRONG_ITEM_CLAIM,4495.98,False,0,4,4440.12,1439,4,1,3,0,23.750004814444445,REQUEST_EVIDENCE
SHORTAGE_CLAIM,1304.08,False,0,0,1777.89,424,5,2,1,0,11.850002341666666,DENY
NON_DELIVERY_CLAIM,2813.49,False,0,0,917.54,1248,3,0,1,2,5.866667840277778,REQUEST_EVIDENCE
SUBSTITUTED_RETURN_CLAIM,1528.33,True,1,0,1899.72,471,6,2,4,0,11.683335641388888,APPROVE
WRONG_ITEM_CLAIM,1591.41,False,0,0,2536.55,1403,6,3,3,0,18.066670355555555,REQUEST_EVIDENCE
SHORTAGE_CLAIM,1757.83,False,0,3,1312.78,743,6,1,3,1,5.950001190277778,REQUEST_EVIDENCE
WRONG_ITEM_CLAIM,1957.99,True,1,1,85.12,1219,3,1,2,0,2.5833338583333334,APPROVE
SUBSTITUTED_RETURN_CLAIM,1917.09,False,0,1,1116.04,1351,9,5,3,1,9.650001913055556,REQUEST_EVIDENCE
WRONG_ITEM_CLAIM,4517.34,True,1,4,6658.13,1181,6,2,4,0,23.333338051111113,APPROVE
SUBSTITUTED_RETURN_CLAIM,1101.05,False,0,0,1382.98,1352,5,1,1,1,13.200002606388889,REQUEST_EVIDENCE
WRONG_ITEM_CLAIM,2008.54,False,0,0,1891.23,1228,5,2,2,0,40.01667561194445,REQUEST_EVIDENCE
SHORTAGE_CLAIM,4179.34,False,0,0,2140.11,635,7,2,3,2,2.583333858055555,REQUEST_EVIDENCE
NON_DELIVERY_CLAIM,492.79,True,1,2,514.81,101,7,1,2,2,0.5833334477777777,APPROVE
WRONG_ITEM_CLAIM,3472.02,False,0,0,2974.59,825,6,3,3,0,2.100000415277778,REQUEST_EVIDENCE
NON_DELIVERY_CLAIM,1709.65,True,1,1,923.32,1177,8,2,4,0,9.700001922777778,APPROVE
SUBSTITUTED_RETURN_CLAIM,190.01,True,1,1,1936.96,89,6,1,3,0,29.05000629583333,APPROVE
SHORTAGE_CLAIM,2351.51,True,1,0,2111.01,622,9,4,5,0,10.383335389722223,DENY
WRONG_ITEM_CLAIM,4599.3,True,1,0,1866.94,304,4,2,2,0,50.616677708333334,APPROVE
WRONG_ITEM_CLAIM,2011.18,False,0,2,1151.45,648,9,2,5,0,13.766669385555556,REQUEST_EVIDENCE
WRONG_ITEM_CLAIM,3639.49,True,1,0,1325.65,1218,8,2,4,2,37.6333418025,APPROVE
NON_DELIVERY_CLAIM,2298.72,False,0,1,1939.02,543,9,4,4,0,13.050002577777777,REQUEST_EVIDENCE
SUBSTITUTED_RETURN_CLAIM,3917.86,True,1,1,760.01,1268,4,3,1,0,14.766669638888889,APPROVE
NON_DELIVERY_CLAIM,2808.44,True,1,0,1758.48,1387,6,2,3,0,19.15000390111111,APPROVE
SUBSTITUTED_RETURN_CLAIM,1785.27,True,1,0,72.62,260,2,0,1,0,45.800010094444445,APPROVE
NON_DELIVERY_CLAIM,358.83,True,1,0,2417.82,62,5,2,1,0,1.600000316388889,APPROVE
SHORTAGE_CLAIM,1916.29,True,1,0,599.0,1005,8,4,4,0,7.883334906111111,APPROVE
WRONG_ITEM_CLAIM,5286.88,True,1,1,710.25,951,9,2,5,0,1.2000002372222223,ESCALATE
SUBSTITUTED_RETURN_CLAIM,2306.23,False,0,1,2411.9,437,5,1,4,0,10.766668798888889,REQUEST_EVIDENCE
WRONG_ITEM_CLAIM,1144.21,True,1,0,2976.91,458,4,1,2,0,15.650003219722223,APPROVE
SHORTAGE_CLAIM,882.56,False,0,3,2143.16,65,4,1,1,0,24.983338439166666,REQUEST_EVIDENCE
SHORTAGE_CLAIM,4086.82,True,1,0,722.49,873,5,1,3,0,30.400006654166667,APPROVE
WRONG_ITEM_CLAIM,3337.05,False,0,1,71.73,430,9,5,4,0,6.583334647777778,REQUEST_EVIDENCE
SHORTAGE_CLAIM,1663.72,False,0,1,2829.16,206,5,5,0,0,27.500005750555555,REQUEST_EVIDENCE
NON_DELIVERY_CLAIM,2184.9,False,0,1,1064.87,390,7,3,2,1,59.06667958055556,REQUEST_EVIDENCE
NON_DELIVERY_CLAIM,3562.64,True,1,1,789.95,125,10,5,5,0,7.833334893611111,APPROVE
SUBSTITUTED_RETURN_CLAIM,854.67,True,1,1,1690.25,1351,4,1,3,0,15.500003179166665,APPROVE
NON_DELIVERY_CLAIM,2978.04,True,1,1,2292.48,481,9,4,5,0,0.6333334583333333,APPROVE
WRONG_ITEM_CLAIM,4836.48,True,1,3,6265.87,429,2,0,2,0,14.783336280277776,APPROVE
SUBSTITUTED_RETURN_CLAIM,1764.73,True,1,3,1830.43,803,5,1,2,2,69.533349325,APPROVE
SUBSTITUTED_RETURN_CLAIM,1836.12,True,1,0,2819.73,107,6,1,3,1,31.900007065,APPROVE
NON_DELIVERY_CLAIM,7134.8,False,0,0,1460.9,113,11,4,3,2,8.516668364444444,REQUEST_EVIDENCE
WRONG_ITEM_CLAIM,2515.76,True,1,0,2668.09,1034,7,2,3,1,5.166667704166667,APPROVE
SUBSTITUTED_RETURN_CLAIM,2030.41,False,0,1,853.31,1067,6,2,4,0,8.200001636944444,REQUEST_EVIDENCE
NON_DELIVERY_CLAIM,521.94,False,0,0,2025.32,231,3,1,1,0,33.183340916388886,REQUEST_EVIDENCE
WRONG_ITEM_CLAIM,5318.53,True,1,0,1697.44,1287,6,3,3,0,21.80000442111111,ESCALATE
SHORTAGE_CLAIM,2478.49,True,1,0,2224.18,118,7,3,3,0,22.816671286944445,APPROVE
NON_DELIVERY_CLAIM,1599.3,False,0,3,1181.74,1107,7,3,3,1,19.883337379444445,REQUEST_EVIDENCE
WRONG_ITEM_CLAIM,446.68,False,0,3,4172.98,324,9,3,4,0,1.0166668683333333,REQUEST_EVIDENCE
NON_DELIVERY_CLAIM,4694.84,False,0,1,1334.76,1377,5,2,2,0,12.2000024125,REQUEST_EVIDENCE
SHORTAGE_CLAIM,4134.88,True,1,1,2937.77,1046,5,2,3,0,15.916669941388887,APPROVE
NON_DELIVERY_CLAIM,2620.58,False,0,0,403.46,971,8,5,3,0,7.333334797777777,REQUEST_EVIDENCE
SUBSTITUTED_RETURN_CLAIM,8874.34,False,0,0,1030.88,326,3,1,1,1,22.066671140555556,REQUEST_EVIDENCE
NON_DELIVERY_CLAIM,1717.02,False,0,0,1655.73,1485,6,4,1,0,6.200001239166667,REQUEST_EVIDENCE
WRONG_ITEM_CLAIM,2853.65,False,0,1,1876.05,727,5,3,2,0,19.75000402111111,REQUEST_EVIDENCE
WRONG_ITEM_CLAIM,3130.34,True,1,0,13.71,1280,1,1,0,0,90.1333536613889,APPROVE
SHORTAGE_CLAIM,2467.8,True,1,2,1400.45,357,5,3,2,0,11.066668860277778,APPROVE
SHORTAGE_CLAIM,1693.71,True,1,0,1391.26,695,4,2,2,0,1.9000003758333333,APPROVE
SUBSTITUTED_RETURN_CLAIM,1417.96,True,1,1,2863.67,99,8,3,4,0,55.03334525027778,APPROVE
NON_DELIVERY_CLAIM,2376.24,False,0,0,1594.41,918,5,1,3,0,34.183341115833336,REQUEST_EVIDENCE
SUBSTITUTED_RETURN_CLAIM,3948.7,False,0,4,6658.13,1181,7,3,4,0,0.8500001702777779,REQUEST_EVIDENCE
SHORTAGE_CLAIM,4567.75,False,0,1,520.95,129,3,2,1,0,24.066671531388888,REQUEST_EVIDENCE
WRONG_ITEM_CLAIM,3359.8,True,1,0,2318.54,332,6,5,1,0,33.883341054166664,APPROVE
WRONG_ITEM_CLAIM,1348.1,False,0,0,1733.76,1392,7,4,3,0,3.0000005986111113,REQUEST_EVIDENCE
SUBSTITUTED_RETURN_CLAIM,2332.74,True,1,4,2208.59,1283,5,2,2,0,3.8833341169444444,APPROVE
NON_DELIVERY_CLAIM,1244.86,False,0,0,1367.35,973,7,2,5,0,5.066667685277778,REQUEST_EVIDENCE
NON_DELIVERY_CLAIM,3704.52,False,0,0,2590.11,164,8,2,4,1,9.0000017925,REQUEST_EVIDENCE
SUBSTITUTED_RETURN_CLAIM,3299.2,False,0,1,147.09,1367,11,3,7,1,10.416668736388889,REQUEST_EVIDENCE
SUBSTITUTED_RETURN_CLAIM,4481.54,True,1,0,13.71,1280,2,2,0,0,0.21666671305555557,APPROVE
SHORTAGE_CLAIM,370.74,True,1,1,416.38,1493,10,1,7,0,2.933333919722222,APPROVE
WRONG_ITEM_CLAIM,9435.63,True,1,1,1341.2,805,5,1,3,1,19.633337335,ESCALATE
SHORTAGE_CLAIM,2830.48,False,0,0,1570.07,1016,8,2,3,1,26.033338672499998,REQUEST_EVIDENCE
SUBSTITUTED_RETURN_CLAIM,1614.99,True,1,1,7943.66,290,5,3,0,1,42.50000944222222,APPROVE
SHORTAGE_CLAIM,2599.61,False,0,0,465.82,999,0,0,0,0,999.0,REQUEST_EVIDENCE
SUBSTITUTED_RETURN_CLAIM,4441.35,True,1,0,1420.73,228,8,3,4,1,4.416667563333333,APPROVE
SUBSTITUTED_RETURN_CLAIM,1511.79,True,1,1,2939.55,1211,7,3,3,1,22.700004602499998,APPROVE
SHORTAGE_CLAIM,2274.14,True,1,0,2541.52,133,5,2,2,0,43.60000966416667,DENY
SUBSTITUTED_RETURN_CLAIM,1840.68,True,1,0,2772.64,654,5,2,2,0,23.866671496666665,APPROVE
NON_DELIVERY_CLAIM,4049.78,True,1,1,3535.58,1018,6,1,4,1,19.316670607777777,APPROVE
NON_DELIVERY_CLAIM,7007.03,True,1,1,303.87,256,5,4,1,0,52.18334469166667,ESCALATE
SUBSTITUTED_RETURN_CLAIM,6035.17,True,1,0,1588.25,1395,5,4,1,0,49.566677507222224,ESCALATE
WRONG_ITEM_CLAIM,961.35,True,1,0,1966.77,708,9,5,4,0,8.666668396944445,APPROVE
SHORTAGE_CLAIM,2267.17,False,0,1,643.71,411,5,2,1,1,47.23334372,REQUEST_EVIDENCE
WRONG_ITEM_CLAIM,1739.95,True,1,1,730.71,217,6,2,2,1,3.9166674599999998,APPROVE
NON_DELIVERY_CLAIM,3595.07,True,1,1,2257.39,648,6,1,4,0,25.25000512277778,APPROVE
NON_DELIVERY_CLAIM,2044.94,False,0,0,2461.28,974,5,1,3,1,30.716673342222222,REQUEST_EVIDENCE
SHORTAGE_CLAIM,4547.8,True,1,1,2071.56,1379,6,5,1,0,16.800003450277778,APPROVE
SHORTAGE_CLAIM,5638.05,True,1,0,1918.58,306,6,1,5,0,13.800002730555557,ESCALATE
NON_DELIVERY_CLAIM,337.89,True,1,1,1424.61,837,5,4,0,1,35.78334143833333,APPROVE
SHORTAGE_CLAIM,2036.93,True,1,4,2683.58,1062,3,0,3,0,9.3500018675,APPROVE
SUBSTITUTED_RETURN_CLAIM,2449.62,True,1,1,95.21,730,4,4,0,0,12.350002449166666,APPROVE
SUBSTITUTED_RETURN_CLAIM,5423.41,True,1,1,242.88,1444,3,1,2,0,27.166672275833335,ESCALATE
SUBSTITUTED_RETURN_CLAIM,455.15,False,0,0,1371.96,93,8,1,6,1,3.283333990833333,REQUEST_EVIDENCE
SHORTAGE_CLAIM,6756.5,True,1,0,2065.5,1450,6,3,3,0,52.00001132305555,ESCALATE
WRONG_ITEM_CLAIM,2482.18,True,1,1,1559.85,813,5,1,3,1,39.78334223611111,APPROVE
NON_DELIVERY_CLAIM,1681.01,False,0,0,2829.83,1305,3,0,3,0,14.583336220833333,REQUEST_EVIDENCE
SUBSTITUTED_RETURN_CLAIM,1568.27,True,1,1,275.72,349,4,2,1,0,9.316668527777777,APPROVE
WRONG_ITEM_CLAIM,5280.4,False,0,0,1526.21,820,8,2,6,0,4.133334171666666,REQUEST_EVIDENCE
WRONG_ITEM_CLAIM,560.81,False,0,0,1852.69,354,11,4,5,0,10.883335498888888,REQUEST_EVIDENCE
SUBSTITUTED_RETURN_CLAIM,790.82,True,1,1,1334.76,1377,6,2,3,0,0.8333335033333333,APPROVE
WRONG_ITEM_CLAIM,856.07,False,0,0,1849.05,949,3,0,3,0,31.05000675,REQUEST_EVIDENCE
NON_DELIVERY_CLAIM,1046.22,True,1,0,2289.33,690,6,4,0,1,3.7000007419444443,APPROVE
NON_DELIVERY_CLAIM,4574.42,True,1,0,255.46,1478,6,3,1,0,14.450002861388889,APPROVE
SUBSTITUTED_RETURN_CLAIM,2164.57,False,0,0,2703.82,918,7,3,2,1,46.283343531388894,REQUEST_EVIDENCE
SUBSTITUTED_RETURN_CLAIM,372.66,False,0,1,1392.74,51,6,4,1,1,23.36667140138889,REQUEST_EVIDENCE
SHORTAGE_CLAIM,1271.03,True,1,1,1221.02,1025,7,4,2,0,18.216670400555554,APPROVE
SUBSTITUTED_RETURN_CLAIM,2154.24,False,0,0,1159.69,1254,7,4,3,0,2.9000005791666665,REQUEST_EVIDENCE
NON_DELIVERY_CLAIM,7805.06,True,1,0,1476.17,558,8,2,4,1,15.800003139722222,ESCALATE
SUBSTITUTED_RETURN_CLAIM,3708.2,False,0,1,1810.91,604,5,2,3,0,5.5166677802777775,REQUEST_EVIDENCE
SHORTAGE_CLAIM,3698.28,True,1,0,2794.19,49,4,1,1,0,21.166670969722222,DENY
WRONG_ITEM_CLAIM,1399.79,False,0,1,2734.82,1264,4,3,1,0,17.066670172222224,REQUEST_EVIDENCE
SHORTAGE_CLAIM,2821.49,True,1,0,1733.76,1392,8,4,4,0,0.8000001625,APPROVE
SUBSTITUTED_RETURN_CLAIM,3335.56,True,1,1,1650.3,834,6,2,2,1,4.1333341699999995,APPROVE
SUBSTITUTED_RETURN_CLAIM,5884.04,False,0,2,2801.77,520,5,2,2,1,2.766667218333333,REQUEST_EVIDENCE
SUBSTITUTED_RETURN_CLAIM,3855.33,False,0,0,1764.93,838,5,1,4,0,2.35000047,REQUEST_EVIDENCE
NON_DELIVERY_CLAIM,1527.48,True,1,1,1705.43,186,9,1,3,0,5.250001061111112,APPROVE
WRONG_ITEM_CLAIM,2260.31,True,1,1,1113.59,190,4,1,1,0,21.11667095972222,APPROVE
NON_DELIVERY_CLAIM,3393.15,True,1,0,1782.13,980,7,4,3,0,6.266667925555555,APPROVE
SHORTAGE_CLAIM,889.09,True,1,2,1011.35,518,7,5,2,0,16.766670086944444,APPROVE
WRONG_ITEM_CLAIM,2186.05,False,0,0,2668.09,1034,8,3,3,1,1.2833335916666666,REQUEST_EVIDENCE
WRONG_ITEM_CLAIM,2858.73,False,0,0,1540.06,1165,11,5,3,2,21.500004368333332,REQUEST_EVIDENCE
SHORTAGE_CLAIM,2359.03,False,0,0,153.47,912,3,1,2,0,10.516668760555556,REQUEST_EVIDENCE
SHORTAGE_CLAIM,2218.37,True,1,0,715.72,1294,15,6,8,0,4.3833342208333335,APPROVE
SUBSTITUTED_RETURN_CLAIM,8498.27,True,1,1,2822.97,909,4,2,2,0,32.983340590833336,ESCALATE
NON_DELIVERY_CLAIM,3697.03,True,1,0,2122.87,952,6,2,3,1,2.983333928055556,APPROVE
SUBSTITUTED_RETURN_CLAIM,1553.83,True,1,3,3920.1,35,7,4,1,0,3.5166673672222224,APPROVE
SHORTAGE_CLAIM,1196.52,True,1,1,2673.83,1413,7,5,1,0,5.900001188611111,APPROVE
SUBSTITUTED_RETURN_CLAIM,1447.43,True,1,0,880.72,1142,2,1,1,0,16.36666994388889,APPROVE
NON_DELIVERY_CLAIM,4313.89,True,1,0,1868.09,894,7,2,5,0,32.43334042972222,APPROVE
SUBSTITUTED_RETURN_CLAIM,5148.66,True,1,1,1437.06,272,7,4,3,0,4.900000987777777,ESCALATE
NON_DELIVERY_CLAIM,3241.65,True,1,1,2411.9,437,6,1,5,0,1.7000003413888891,APPROVE
WRONG_ITEM_CLAIM,1223.1,False,0,1,59.23,798,3,0,3,0,18.550003799166664,REQUEST_EVIDENCE
SUBSTITUTED_RETURN_CLAIM,970.96,True,1,0,287.75,419,5,0,4,0,21.13333763027778,APPROVE
NON_DELIVERY_CLAIM,2240.4,False,0,0,1916.18,58,8,4,3,1,15.850003135277777,REQUEST_EVIDENCE
SUBSTITUTED_RETURN_CLAIM,3466.0,True,1,0,2608.42,1264,7,1,5,1,62.81668052277777,APPROVE
SUBSTITUTED_RETURN_CLAIM,970.82,True,1,1,1598.16,1087,11,7,4,0,10.166668693333333,APPROVE
WRONG_ITEM_CLAIM,1526.09,True,1,4,5011.41,1031,3,1,2,0,50.48334435555555,APPROVE
SUBSTITUTED_RETURN_CLAIM,2512.78,True,1,0,2838.78,159,4,1,2,0,60.25001311583334,APPROVE
WRONG_ITEM_CLAIM,274.73,False,0,0,1354.61,160,4,3,1,0,13.433335993888889,REQUEST_EVIDENCE
NON_DELIVERY_CLAIM,2146.7,False,0,0,752.67,1301,6,3,3,0,4.750000958888889,REQUEST_EVIDENCE
WRONG_ITEM_CLAIM,1392.25,False,0,0,577.64,241,7,2,2,0,22.01667113472222,REQUEST_EVIDENCE
NON_DELIVERY_CLAIM,1242.59,True,1,1,2470.02,295,6,4,2,0,6.000001208333333,APPROVE
NON_DELIVERY_CLAIM,2023.07,True,1,0,471.02,1178,6,3,1,0,41.6833426125,APPROVE
NON_DELIVERY_CLAIM,1653.48,True,1,3,4119.67,1296,5,0,3,1,9.950001985555554,APPROVE
SHORTAGE_CLAIM,1692.86,True,1,1,643.71,411,6,2,2,1,1.0333335377777777,APPROVE
NON_DELIVERY_CLAIM,2555.79,False,0,1,2355.25,1260,3,1,2,0,11.900002363611112,REQUEST_EVIDENCE
SUBSTITUTED_RETURN_CLAIM,3924.96,False,0,1,2521.92,1435,13,5,6,0,6.1333345675,REQUEST_EVIDENCE
SHORTAGE_CLAIM,4015.46,True,1,3,3920.1,35,8,5,1,0,0.36666673944444444,DENY
SUBSTITUTED_RETURN_CLAIM,1845.86,False,0,0,247.91,593,3,2,1,0,72.78335022333333,REQUEST_EVIDENCE
SUBSTITUTED_RETURN_CLAIM,1568.29,False,0,0,2808.74,1261,8,2,5,1,15.716669776111111,REQUEST_EVIDENCE
SUBSTITUTED_RETURN_CLAIM,1035.98,False,0,1,2986.42,640,6,3,1,0,32.13334031666667,REQUEST_EVIDENCE
WRONG_ITEM_CLAIM,2360.71,True,1,0,853.61,40,7,1,3,2,5.600001127222222,APPROVE
SUBSTITUTED_RETURN_CLAIM,3224.27,True,1,0,780.02,1457,6,1,2,0,41.80000930333333,APPROVE
NON_DELIVERY_CLAIM,3705.16,True,1,0,2217.55,1422,7,2,5,0,36.91667499611111,APPROVE
SUBSTITUTED_RETURN_CLAIM,1980.86,True,1,0,64.48,478,4,1,2,1,56.10001213333334,APPROVE
SHORTAGE_CLAIM,422.14,True,1,0,1552.83,550,4,2,1,0,9.75000194611111,DENY
SHORTAGE_CLAIM,1207.69,False,0,1,7943.66,290,6,4,0,1,1.4000002777777778,REQUEST_EVIDENCE
WRONG_ITEM_CLAIM,4025.97,True,1,0,64.48,478,5,2,2,1,0.050000009722222225,APPROVE
WRONG_ITEM_CLAIM,3901.64,True,1,0,302.69,261,2,1,0,1,4.133334155833333,APPROVE
SHORTAGE_CLAIM,2399.04,True,1,1,2934.07,678,5,3,1,1,14.800002930277778,DENY
NON_DELIVERY_CLAIM,1856.21,False,0,4,4988.53,1226,3,1,2,0,53.35001159,REQUEST_EVIDENCE
SUBSTITUTED_RETURN_CLAIM,1925.02,False,0,0,2848.14,653,5,3,1,1,27.56667231138889,REQUEST_EVIDENCE
WRONG_ITEM_CLAIM,533.74,False,0,0,66.11,1138,6,2,4,0,13.366669316666666,REQUEST_EVIDENCE
WRONG_ITEM_CLAIM,702.1,False,0,0,287.75,419,6,1,4,0,0.5166667688888888,REQUEST_EVIDENCE
SHORTAGE_CLAIM,1514.49,False,0,0,2000.03,857,10,3,6,1,8.916668446944445,REQUEST_EVIDENCE
NON_DELIVERY_CLAIM,2444.4,True,1,0,1534.67,942,4,2,1,1,24.4666716175,APPROVE
WRONG_ITEM_CLAIM,636.36,True,1,0,2318.54,332,7,6,1,0,1.7333336794444445,APPROVE
WRONG_ITEM_CLAIM,1549.27,True,1,0,1573.94,162,4,2,2,0,19.016670557500003,APPROVE
WRONG_ITEM_CLAIM,2175.02,False,0,1,1650.48,344,7,2,4,1,7.71666821138889,REQUEST_EVIDENCE
SUBSTITUTED_RETURN_CLAIM,600.46,True,1,1,939.22,1161,5,2,3,0,2.8500005699999997,APPROVE
WRONG_ITEM_CLAIM,203.45,False,0,0,2289.33,690,7,5,0,1,1.1500002269444445,REQUEST_EVIDENCE
SHORTAGE_CLAIM,677.1,True,1,1,4717.96,412,4,2,2,0,18.66667048888889,DENY
WRONG_ITEM_CLAIM,2121.77,False,0,0,2147.01,261,5,2,2,0,19.83333738472222,REQUEST_EVIDENCE
NON_DELIVERY_CLAIM,941.35,True,1,0,1505.47,718,7,4,3,0,5.566667786666667,APPROVE
WRONG_ITEM_CLAIM,5327.88,False,0,1,2456.85,1075,5,1,3,0,31.016673238611112,REQUEST_EVIDENCE
NON_DELIVERY_CLAIM,7078.01,True,1,1,2670.88,110,8,5,1,1,42.61667613083333,ESCALATE
WRONG_ITEM_CLAIM,6476.63,False,0,1,4717.96,412,5,2,2,0,0.08333334916666667,REQUEST_EVIDENCE
WRONG_ITEM_CLAIM,4056.74,False,0,1,1946.54,731,7,0,6,1,10.550002104722221,REQUEST_EVIDENCE
WRONG_ITEM_CLAIM,1798.81,False,0,0,2814.27,1004,9,3,4,2,24.900005035555555,REQUEST_EVIDENCE
NON_DELIVERY_CLAIM,4675.31,False,0,0,2401.54,1378,3,0,2,1,5.766667826388888,REQUEST_EVIDENCE
WRONG_ITEM_CLAIM,3291.82,True,1,4,3769.08,707,8,1,6,1,10.200002034444443,APPROVE
NON_DELIVERY_CLAIM,757.08,True,1,0,565.44,1145,6,2,3,0,14.43333619111111,APPROVE
SUBSTITUTED_RETURN_CLAIM,4354.34,False,0,0,2237.92,1041,7,4,3,0,17.66667023861111,REQUEST_EVIDENCE
SHORTAGE_CLAIM,3650.23,False,0,4,3300.33,987,6,3,3,0,25.000005055555558,REQUEST_EVIDENCE
WRONG_ITEM_CLAIM,3537.78,False,0,0,1593.19,218,5,1,3,0,10.533335434722222,REQUEST_EVIDENCE
NON_DELIVERY_CLAIM,6210.23,False,0,4,4864.35,963,8,4,3,0,33.80000739916667,REQUEST_EVIDENCE
WRONG_ITEM_CLAIM,3969.88,False,0,0,1325.65,1218,9,3,4,2,2.766667218055556,REQUEST_EVIDENCE
WRONG_ITEM_CLAIM,4182.84,True,1,1,1724.72,1223,5,2,3,0,23.95000485,APPROVE
SHORTAGE_CLAIM,118.89,True,1,4,6970.61,414,6,1,4,0,11.550002297499999,APPROVE
WRONG_ITEM_CLAIM,5319.49,False,0,2,3034.03,43,10,4,3,2,15.633336426388889,REQUEST_EVIDENCE
NON_DELIVERY_CLAIM,1669.47,False,0,0,2316.43,1143,4,1,2,0,5.016667664722222,REQUEST_EVIDENCE
SUBSTITUTED_RETURN_CLAIM,765.5,False,0,0,1891.23,1228,6,2,3,0,3.0000005986111113,REQUEST_EVIDENCE
SHORTAGE_CLAIM,2370.6,False,0,2,1389.01,1130,7,1,5,0,20.36667082111111,DENY
SUBSTITUTED_RETURN_CLAIM,1009.08,False,0,0,2021.02,706,9,6,2,0,7.183334773055556,REQUEST_EVIDENCE
SHORTAGE_CLAIM,8025.95,True,1,0,1915.56,691,9,4,5,0,8.03333494111111,ESCALATE
NON_DELIVERY_CLAIM,5250.15,False,0,0,1567.0,236,8,2,4,1,17.90000362527778,REQUEST_EVIDENCE
NON_DELIVERY_CLAIM,4881.52,False,0,0,319.65,198,8,6,2,0,17.700003559166667,REQUEST_EVIDENCE
SHORTAGE_CLAIM,6057.03,False,0,0,1476.17,558,9,2,4,2,1.5000002944444444,DENY
SUBSTITUTED_RETURN_CLAIM,7585.09,True,1,0,942.71,297,8,5,2,0,21.016670944166666,ESCALATE
SUBSTITUTED_RETURN_CLAIM,2449.23,True,1,1,2183.92,1202,8,1,6,0,4.983334324444445,APPROVE
SHORTAGE_CLAIM,4132.12,True,1,1,1334.76,1377,7,3,3,0,1.6833336630555555,APPROVE
WRONG_ITEM_CLAIM,1465.92,True,1,1,1213.69,332,6,2,4,0,12.566669163055556,APPROVE
NON_DELIVERY_CLAIM,1737.51,True,1,0,1899.72,471,7,3,4,0,3.3000006572222222,APPROVE
NON_DELIVERY_CLAIM,2381.14,True,1,0,1267.61,782,7,2,5,0,11.950002375555556,APPROVE
SHORTAGE_CLAIM,2753.0,True,1,1,3068.03,1421,7,1,3,2,7.483334832222222,DENY
SUBSTITUTED_RETURN_CLAIM,2203.64,True,1,0,1363.93,786,7,2,5,0,6.766668027222222,APPROVE
SUBSTITUTED_RETURN_CLAIM,2289.07,False,0,1,2257.39,648,7,2,4,0,2.0333337355555554,REQUEST_EVIDENCE
WRONG_ITEM_CLAIM,3605.31,False,0,3,6589.6,332,5,4,1,0,17.833336914166665,REQUEST_EVIDENCE
NON_DELIVERY_CLAIM,634.04,False,0,2,7501.36,1447,8,5,2,0,17.41667011722222,REQUEST_EVIDENCE
WRONG_ITEM_CLAIM,2087.71,False,0,0,1725.14,1305,3,1,2,0,35.18334109,REQUEST_EVIDENCE
NON_DELIVERY_CLAIM,1853.13,True,1,0,2471.53,539,4,1,0,2,57.966679166944445,APPROVE
WRONG_ITEM_CLAIM,1691.77,False,0,1,953.85,325,7,1,4,0,11.21666890138889,REQUEST_EVIDENCE
SUBSTITUTED_RETURN_CLAIM,1437.78,True,1,1,1728.85,1442,5,0,4,0,82.75001885277779,APPROVE
NON_DELIVERY_CLAIM,4827.75,True,1,0,1916.18,58,9,4,4,1,1.3333335961111112,APPROVE
WRONG_ITEM_CLAIM,2285.56,False,0,0,1792.18,195,6,2,3,0,29.750006147222223,REQUEST_EVIDENCE
WRONG_ITEM_CLAIM,2138.37,False,0,0,2541.52,133,6,2,2,0,2.3166671236111114,REQUEST_EVIDENCE
WRONG_ITEM_CLAIM,1422.86,True,1,0,1129.43,1261,7,2,2,2,7.800001561388889,APPROVE
NON_DELIVERY_CLAIM,1940.01,False,0,1,2820.88,58,7,2,3,0,4.050000804166666,REQUEST_EVIDENCE
SHORTAGE_CLAIM,3163.48,True,1,0,1388.73,1387,7,2,4,1,25.650005182222223,APPROVE
SHORTAGE_CLAIM,4451.16,False,0,1,417.54,975,6,2,0,4,22.716671275,REQUEST_EVIDENCE
SUBSTITUTED_RETURN_CLAIM,5740.24,False,0,1,355.79,935,9,4,3,0,12.45000247388889,REQUEST_EVIDENCE
WRONG_ITEM_CLAIM,1803.45,True,1,1,3875.66,793,13,4,6,0,7.583334851944445,APPROVE
NON_DELIVERY_CLAIM,191.8,False,0,0,2316.43,1143,5,1,3,0,0.5333334375000001,REQUEST_EVIDENCE
NON_DELIVERY_CLAIM,3445.88,False,0,0,2563.05,1495,3,1,1,1,29.08333930222222,REQUEST_EVIDENCE
SHORTAGE_CLAIM,2107.55,False,0,0,1074.26,830,8,5,2,0,18.65000381638889,DENY
WRONG_ITEM_CLAIM,3904.12,False,0,0,267.01,110,8,3,4,1,9.383335205,REQUEST_EVIDENCE
WRONG_ITEM_CLAIM,2578.42,False,0,0,682.94,107,5,3,2,0,4.933334311666666,REQUEST_EVIDENCE
WRONG_ITEM_CLAIM,1681.07,True,1,2,2570.25,731,7,4,3,0,7.8333349,APPROVE
WRONG_ITEM_CLAIM,5966.69,True,1,0,1671.0,692,5,2,1,1,22.683337935277777,ESCALATE
WRONG_ITEM_CLAIM,4240.05,True,1,4,2328.43,803,5,1,3,0,6.5333346413888895,APPROVE
SUBSTITUTED_RETURN_CLAIM,1380.93,True,1,1,1392.74,51,7,4,2,1,2.1000004116666666,APPROVE
SUBSTITUTED_RETURN_CLAIM,2779.55,True,1,1,1218.63,1289,12,9,3,0,42.55000944638889,APPROVE
SUBSTITUTED_RETURN_CLAIM,783.45,True,1,2,2257.05,1487,10,7,2,1,15.033336308333334,APPROVE
WRONG_ITEM_CLAIM,2471.86,True,1,0,1852.69,354,12,4,6,0,2.2500004408333334,APPROVE
WRONG_ITEM_CLAIM,1311.34,True,1,0,1906.06,224,8,1,6,1,11.416668940277777,APPROVE
SUBSTITUTED_RETURN_CLAIM,1117.08,True,1,0,717.19,1173,8,1,5,1,16.800003322222224,APPROVE
WRONG_ITEM_CLAIM,2393.52,False,0,1,1055.05,385,3,1,2,0,17.13333672,REQUEST_EVIDENCE
SHORTAGE_CLAIM,4997.28,False,0,0,577.64,241,8,2,3,0,1.6166669844444443,DENY
SUBSTITUTED_RETURN_CLAIM,187.78,False,0,0,2406.5,1011,6,1,1,1,8.133334959444444,REQUEST_EVIDENCE
SUBSTITUTED_RETURN_CLAIM,6248.95,False,0,4,3020.44,736,8,3,4,0,4.4833342216666665,REQUEST_EVIDENCE
SHORTAGE_CLAIM,4520.17,False,0,0,2908.72,367,11,5,6,0,21.300004335555556,REQUEST_EVIDENCE
WRONG_ITEM_CLAIM,2555.75,True,1,0,412.7,771,6,2,3,1,12.350002452777778,APPROVE
SHORTAGE_CLAIM,1931.49,False,0,1,248.06,94,4,2,2,0,44.30000979472223,REQUEST_EVIDENCE
WRONG_ITEM_CLAIM,1908.16,False,0,0,2352.92,956,3,2,1,0,8.81666842611111,REQUEST_EVIDENCE
WRONG_ITEM_CLAIM,579.58,False,0,0,1281.34,1449,10,3,4,0,28.11667236472222,REQUEST_EVIDENCE
WRONG_ITEM_CLAIM,580.44,False,0,0,2991.05,1017,10,3,6,0,26.633338707222222,REQUEST_EVIDENCE
SHORTAGE_CLAIM,3851.84,True,1,0,1691.87,674,5,1,4,0,33.83334065611111,APPROVE
SHORTAGE_CLAIM,996.37,True,1,0,2477.12,848,5,2,2,0,30.716673025833334,DENY
WRONG_ITEM_CLAIM,3349.12,True,1,0,2777.03,590,5,3,1,0,26.033338589166664,APPROVE
NON_DELIVERY_CLAIM,632.18,False,0,1,361.62,190,6,1,5,0,8.250001646944444,REQUEST_EVIDENCE
SHORTAGE_CLAIM,6379.45,False,0,1,5603.62,1156,9,6,2,1,13.250002627777778,DENY
SUBSTITUTED_RETURN_CLAIM,2342.9,False,0,1,352.04,374,7,3,3,0,33.400007195,REQUEST_EVIDENCE
NON_DELIVERY_CLAIM,2029.6,True,1,0,2543.08,1215,5,4,1,0,46.500010233055555,APPROVE
SUBSTITUTED_RETURN_CLAIM,1926.32,False,0,1,96.69,933,5,3,2,0,37.71667514916667,REQUEST_EVIDENCE
SUBSTITUTED_RETURN_CLAIM,1935.36,False,0,1,1445.22,1386,8,1,5,1,14.48333620222222,REQUEST_EVIDENCE
SHORTAGE_CLAIM,1188.3,False,0,1,85.12,1219,4,2,2,0,4.133334152777778,REQUEST_EVIDENCE
WRONG_ITEM_CLAIM,4234.45,False,0,1,275.72,349,5,3,1,0,2.666667188611111,REQUEST_EVIDENCE
SHORTAGE_CLAIM,8240.16,False,0,0,1792.18,195,7,2,4,0,0.7166668055555556,REQUEST_EVIDENCE
SHORTAGE_CLAIM,2487.87,False,0,4,4067.54,1449,6,2,2,1,15.900003143333333,DENY
SHORTAGE_CLAIM,1935.82,False,0,0,505.91,1330,10,4,3,2,7.816668229722222,REQUEST_EVIDENCE
SHORTAGE_CLAIM,1177.77,True,1,1,237.06,334,9,3,5,1,20.20000411972222,APPROVE
SUBSTITUTED_RETURN_CLAIM,5211.33,False,0,1,2139.33,798,5,0,3,0,44.50000983361111,REQUEST_EVIDENCE
WRONG_ITEM_CLAIM,1179.19,False,0,0,1054.89,1432,4,2,1,0,36.01667457944444,REQUEST_EVIDENCE
NON_DELIVERY_CLAIM,1624.26,False,0,3,2756.82,1053,6,4,2,0,5.733334467222222,REQUEST_EVIDENCE
SUBSTITUTED_RETURN_CLAIM,479.84,False,0,1,2086.88,711,8,2,4,0,12.850002549722223,REQUEST_EVIDENCE
SHORTAGE_CLAIM,3901.49,True,1,1,1437.06,272,8,4,3,1,2.2666671094444446,APPROVE
SUBSTITUTED_RETURN_CLAIM,2140.75,False,0,4,7591.04,828,5,3,1,1,30.566672968611112,REQUEST_EVIDENCE
SHORTAGE_CLAIM,1688.8,True,1,1,2574.66,861,12,3,6,2,10.216668699444446,APPROVE
WRONG_ITEM_CLAIM,2613.23,False,0,1,1190.02,1452,9,5,3,0,12.583335831666668,REQUEST_EVIDENCE
SHORTAGE_CLAIM,952.38,False,0,0,1659.93,446,7,2,4,0,13.466669336944445,DENY
WRONG_ITEM_CLAIM,585.04,False,0,1,275.72,349,6,3,2,0,0.2333333777777778,REQUEST_EVIDENCE
SHORTAGE_CLAIM,895.37,False,0,4,6658.13,1181,8,3,5,0,3.516667359722222,DENY
SHORTAGE_CLAIM,6377.42,True,1,0,1379.26,1054,8,4,4,0,33.73334059138889,ESCALATE
NON_DELIVERY_CLAIM,1789.12,True,1,0,1406.09,335,6,4,2,0,7.783334889444445,APPROVE
SUBSTITUTED_RETURN_CLAIM,1228.58,True,1,0,2351.37,1127,7,3,2,1,11.000002187222224,APPROVE
SUBSTITUTED_RETURN_CLAIM,1589.33,False,0,0,458.25,812,2,0,1,0,47.03334367138889,REQUEST_EVIDENCE
WRONG_ITEM_CLAIM,3287.02,True,1,3,5658.64,1369,5,1,3,1,5.616667774722222,APPROVE
NON_DELIVERY_CLAIM,906.96,False,0,1,1055.05,385,4,1,3,0,0.6833334644444445,REQUEST_EVIDENCE
SHORTAGE_CLAIM,2538.0,False,0,0,2959.92,1196,7,6,1,0,18.000003554166668,REQUEST_EVIDENCE
SUBSTITUTED_RETURN_CLAIM,1439.81,False,0,0,1030.88,326,4,1,2,1,3.7833340786111114,REQUEST_EVIDENCE
WRONG_ITEM_CLAIM,233.58,False,0,0,2390.46,429,4,3,1,0,67.30001496555555,REQUEST_EVIDENCE
NON_DELIVERY_CLAIM,345.19,False,0,0,1238.88,94,5,2,2,1,19.183337185,REQUEST_EVIDENCE
NON_DELIVERY_CLAIM,2193.17,False,0,1,729.95,695,7,2,5,0,43.250009581111115,REQUEST_EVIDENCE
SHORTAGE_CLAIM,4440.4,False,0,0,2025.32,231,4,1,2,0,3.9833341169444445,DENY
WRONG_ITEM_CLAIM,1541.46,True,1,0,2352.92,956,4,2,2,0,0.6833334644444445,APPROVE
SUBSTITUTED_RETURN_CLAIM,2355.86,True,1,0,504.4,1236,7,4,2,0,20.10000409583333,APPROVE
SHORTAGE_CLAIM,4694.43,True,1,1,2996.46,1183,7,4,2,0,19.833337413055556,APPROVE
SUBSTITUTED_RETURN_CLAIM,2909.1,True,1,0,2517.67,1122,4,3,1,0,19.66667069861111,APPROVE
SHORTAGE_CLAIM,2317.3,True,1,1,352.04,374,8,3,4,0,0.61666682,DENY
SUBSTITUTED_RETURN_CLAIM,294.71,True,1,0,586.22,1376,6,1,5,0,14.733336283611111,APPROVE
WRONG_ITEM_CLAIM,4868.59,False,0,0,2667.56,823,6,4,2,0,9.250001875555556,REQUEST_EVIDENCE
SHORTAGE_CLAIM,4984.29,True,1,0,793.19,814,5,2,3,0,29.533339383055555,APPROVE
SUBSTITUTED_RETURN_CLAIM,5481.93,True,1,0,2543.08,1215,6,5,1,0,0.6666668294444444,ESCALATE
SUBSTITUTED_RETURN_CLAIM,2963.91,True,1,2,4499.43,1444,5,3,2,0,21.766671125833334,APPROVE
SUBSTITUTED_RETURN_CLAIM,572.52,False,0,0,2042.18,1214,2,0,2,0,46.0333435,REQUEST_EVIDENCE
SHORTAGE_CLAIM,745.39,True,1,1,710.25,951,10,2,5,1,4.4666675811111105,DENY
SUBSTITUTED_RETURN_CLAIM,695.19,False,0,3,4912.45,746,3,1,2,0,19.35000391111111,REQUEST_EVIDENCE
SHORTAGE_CLAIM,2203.97,True,1,2,296.06,58,7,4,3,0,21.666671106666666,DENY
NON_DELIVERY_CLAIM,2904.56,False,0,0,2999.86,1012,13,5,5,1,12.73333589361111,REQUEST_EVIDENCE
WRONG_ITEM_CLAIM,2362.04,False,0,2,853.83,749,3,0,2,0,21.50000440777778,REQUEST_EVIDENCE
NON_DELIVERY_CLAIM,3298.75,False,0,1,2292.48,481,10,5,5,0,4.383334231111111,REQUEST_EVIDENCE
SUBSTITUTED_RETURN_CLAIM,3917.72,True,1,1,2937.77,1046,6,3,3,0,4.183334189722222,APPROVE
WRONG_ITEM_CLAIM,3914.17,False,0,0,2527.63,1344,7,2,3,0,17.9833369175,REQUEST_EVIDENCE
NON_DELIVERY_CLAIM,4644.77,False,0,0,248.01,1180,7,4,3,0,10.266668739722222,REQUEST_EVIDENCE
SHORTAGE_CLAIM,2469.4,True,1,1,433.06,644,5,1,3,1,46.61667695277778,DENY
WRONG_ITEM_CLAIM,5411.55,True,1,2,296.06,58,8,4,3,0,0.1333333588888889,ESCALATE
NON_DELIVERY_CLAIM,759.85,False,0,0,2317.12,50,7,0,4,1,9.400001904722222,REQUEST_EVIDENCE
WRONG_ITEM_CLAIM,2648.3,True,1,0,2428.44,1038,7,4,2,0,14.900002982777776,APPROVE
NON_DELIVERY_CLAIM,2869.66,False,0,0,2768.56,570,6,1,5,0,40.83334246361111,REQUEST_EVIDENCE
SUBSTITUTED_RETURN_CLAIM,2163.69,False,0,1,1813.32,91,10,5,2,1,13.916669459166666,REQUEST_EVIDENCE
NON_DELIVERY_CLAIM,2508.69,True,1,0,1817.86,1344,5,5,0,0,32.48334013361111,APPROVE
SUBSTITUTED_RETURN_CLAIM,4830.44,False,0,0,2198.62,111,6,1,3,0,14.716669614166666,REQUEST_EVIDENCE
WRONG_ITEM_CLAIM,4189.49,False,0,1,3625.21,1143,8,3,5,0,18.300003646944443,REQUEST_EVIDENCE
WRONG_ITEM_CLAIM,1292.75,False,0,1,957.95,353,4,2,0,1,43.98334309361111,REQUEST_EVIDENCE
WRONG_ITEM_CLAIM,3280.71,False,0,1,2691.86,517,6,3,3,0,5.950001208333333,REQUEST_EVIDENCE
SUBSTITUTED_RETURN_CLAIM,2339.32,False,0,0,2437.93,374,5,1,2,0,20.91667095861111,REQUEST_EVIDENCE
SHORTAGE_CLAIM,1690.67,True,1,2,161.41,1455,4,1,3,0,10.316668751388889,APPROVE
SHORTAGE_CLAIM,972.92,True,1,1,96.92,616,4,0,3,0,28.516672441944444,APPROVE
SHORTAGE_CLAIM,615.74,True,1,1,5658.33,815,6,2,4,0,6.8500013880555555,DENY
NON_DELIVERY_CLAIM,2491.63,True,1,0,1382.98,1352,6,1,2,1,5.150001050833334,APPROVE
WRONG_ITEM_CLAIM,3195.7,True,1,1,1649.9,1210,10,4,6,0,6.6166680061111105,APPROVE
NON_DELIVERY_CLAIM,2137.24,False,0,1,2574.66,861,13,4,6,2,0.9000002091666666,REQUEST_EVIDENCE
SHORTAGE_CLAIM,3127.88,False,0,0,2165.02,448,5,3,2,0,49.416677506111114,DENY
NON_DELIVERY_CLAIM,3141.89,False,0,1,1936.0,535,3,1,1,0,55.30001199944444,REQUEST_EVIDENCE
SUBSTITUTED_RETURN_CLAIM,1678.03,True,1,1,2458.81,373,7,2,3,2,19.28333717638889,APPROVE
SUBSTITUTED_RETURN_CLAIM,1159.14,True,1,0,2668.09,1034,9,3,4,1,3.4333340397222223,APPROVE
SHORTAGE_CLAIM,1739.87,False,0,0,2868.83,1026,11,3,6,0,8.566668410277778,REQUEST_EVIDENCE
NON_DELIVERY_CLAIM,1379.34,False,0,0,1379.26,1054,9,4,4,1,0.9166668825000001,REQUEST_EVIDENCE
NON_DELIVERY_CLAIM,6331.38,False,0,1,1954.65,508,3,0,2,1,38.85000873944445,REQUEST_EVIDENCE
SHORTAGE_CLAIM,2457.86,False,0,0,330.71,411,8,3,4,1,6.066667900555556,REQUEST_EVIDENCE
WRONG_ITEM_CLAIM,225.98,False,0,1,2090.63,455,4,2,1,1,23.416671448611112,REQUEST_EVIDENCE
SUBSTITUTED_RETURN_CLAIM,2404.09,False,0,1,525.19,618,10,3,5,2,26.083338635833332,REQUEST_EVIDENCE
SUBSTITUTED_RETURN_CLAIM,2634.02,False,0,0,1431.36,1409,5,2,1,2,31.950006625833336,REQUEST_EVIDENCE
SHORTAGE_CLAIM,2131.9,False,0,1,5381.96,1442,4,1,3,0,11.333335621388889,DENY
SUBSTITUTED_RETURN_CLAIM,3299.97,True,1,2,1549.51,813,7,1,5,0,49.58334420861111,APPROVE
WRONG_ITEM_CLAIM,2508.67,False,0,0,2448.84,940,7,2,4,0,22.383337918055556,REQUEST_EVIDENCE
SHORTAGE_CLAIM,5729.2,False,0,1,1123.93,1255,3,2,0,0,79.60001826277777,DENY
SHORTAGE_CLAIM,2832.46,True,1,0,1858.55,231,7,3,4,0,8.250001678611111,DENY
NON_DELIVERY_CLAIM,130.28,False,0,0,1889.59,1192,11,3,1,1,48.166677264444445,REQUEST_EVIDENCE
NON_DELIVERY_CLAIM,620.46,False,0,3,3787.71,1331,3,2,0,1,29.100005891944445,REQUEST_EVIDENCE
SHORTAGE_CLAIM,1906.71,False,0,0,2622.35,887,4,1,3,0,64.48334738222222,REQUEST_EVIDENCE
WRONG_ITEM_CLAIM,1849.32,True,1,1,2139.33,798,6,0,4,0,1.3333336302777778,APPROVE
WRONG_ITEM_CLAIM,1488.76,False,0,2,2717.01,68,7,5,2,0,12.350002487777777,REQUEST_EVIDENCE
SUBSTITUTED_RETURN_CLAIM,1394.94,True,1,0,2111.01,622,10,4,5,0,5.43333452,APPROVE
SHORTAGE_CLAIM,6503.81,True,1,1,1064.87,390,8,3,3,1,5.166667844722222,DENY
SUBSTITUTED_RETURN_CLAIM,5771.58,False,0,0,1565.31,1336,4,3,1,0,39.33334229333334,REQUEST_EVIDENCE
SHORTAGE_CLAIM,1584.78,True,1,1,2820.88,58,8,2,4,0,2.1500005877777775,APPROVE
SUBSTITUTED_RETURN_CLAIM,3244.03,False,0,4,2497.91,624,9,2,3,2,8.666668562777778,REQUEST_EVIDENCE
WRONG_ITEM_CLAIM,1632.97,True,1,1,1935.21,993,3,2,1,0,16.216670045555556,APPROVE
NON_DELIVERY_CLAIM,3443.54,True,1,0,1355.74,935,3,0,2,0,20.866671090555553,APPROVE
SUBSTITUTED_RETURN_CLAIM,1829.97,True,1,1,1388.64,548,6,1,3,2,14.58333639972222,APPROVE
WRONG_ITEM_CLAIM,2232.64,True,1,0,420.89,1026,8,2,3,2,12.950002749444444,APPROVE
SUBSTITUTED_RETURN_CLAIM,3491.71,False,0,0,2296.42,718,6,1,4,0,39.88334242,REQUEST_EVIDENCE
SUBSTITUTED_RETURN_CLAIM,397.17,False,0,1,6091.98,1272,2,1,1,0,27.033338968611112,REQUEST_EVIDENCE
WRONG_ITEM_CLAIM,1910.32,False,0,1,699.0,287,7,4,1,1,17.633337149166668,REQUEST_EVIDENCE
NON_DELIVERY_CLAIM,2332.09,False,0,1,2521.92,1435,14,5,7,0,3.483334351388889,REQUEST_EVIDENCE
SUBSTITUTED_RETURN_CLAIM,4385.41,True,1,1,2639.85,1195,6,0,5,0,29.066672855833332,APPROVE
SUBSTITUTED_RETURN_CLAIM,2169.94,True,1,2,2940.14,918,5,4,1,0,19.200004131666667,APPROVE
SHORTAGE_CLAIM,516.08,True,1,2,1549.51,813,8,2,5,0,0.4000003861111111,DENY
SUBSTITUTED_RETURN_CLAIM,4543.1,True,1,0,1782.13,980,8,5,3,0,4.033334468888889,APPROVE
WRONG_ITEM_CLAIM,379.01,True,1,1,1714.11,445,7,3,3,0,14.483336551111112,APPROVE
WRONG_ITEM_CLAIM,2424.03,True,1,0,2042.18,1214,3,0,3,0,1.1166672033333334,APPROVE
SHORTAGE_CLAIM,2436.18,True,1,0,628.58,212,7,3,4,0,18.533337344444444,DENY
SHORTAGE_CLAIM,1799.37,False,0,0,2018.41,1406,8,4,3,1,13.833336431388888,REQUEST_EVIDENCE
NON_DELIVERY_CLAIM,712.61,True,1,0,2959.92,1196,8,6,2,0,1.433333971111111,APPROVE
SUBSTITUTED_RETURN_CLAIM,3637.91,True,1,0,277.44,112,3,0,3,0,29.183339564444445,APPROVE
SUBSTITUTED_RETURN_CLAIM,2273.44,True,1,0,2057.04,602,4,2,2,0,37.78334195666667,APPROVE
SUBSTITUTED_RETURN_CLAIM,2060.13,True,1,0,2687.1,194,6,3,2,0,8.483335386111111,APPROVE
NON_DELIVERY_CLAIM,662.95,True,1,0,2914.88,611,11,8,3,0,12.766669565277777,APPROVE
NON_DELIVERY_CLAIM,5774.98,False,0,3,7678.48,1242,3,2,1,0,13.966669804444443,REQUEST_EVIDENCE
NON_DELIVERY_CLAIM,2443.7,True,1,0,1540.06,1165,12,5,4,2,4.166667850555555,APPROVE
NON_DELIVERY_CLAIM,1426.69,True,1,3,1723.01,324,7,0,5,0,33.80000742361111,APPROVE
WRONG_ITEM_CLAIM,449.91,True,1,2,2570.25,731,8,5,3,0,2.4166675116666667,APPROVE
WRONG_ITEM_CLAIM,4008.48,True,1,0,1129.01,1137,5,3,1,1,11.000002562222223,APPROVE
SUBSTITUTED_RETURN_CLAIM,148.15,True,1,1,1507.18,69,5,2,1,2,15.650003475,APPROVE
NON_DELIVERY_CLAIM,533.64,False,0,1,2887.94,339,5,1,3,0,26.183338995555555,REQUEST_EVIDENCE
SUBSTITUTED_RETURN_CLAIM,721.72,True,1,4,4067.54,1449,7,2,2,1,1.9666674330555556,APPROVE
WRONG_ITEM_CLAIM,3412.3,False,0,0,1906.06,224,9,2,6,1,2.3833341825,REQUEST_EVIDENCE
SUBSTITUTED_RETURN_CLAIM,5682.22,True,1,1,2916.22,1316,4,2,1,1,22.06667153805556,ESCALATE
NON_DELIVERY_CLAIM,5263.15,False,0,2,3112.35,145,5,2,1,0,56.10001251,REQUEST_EVIDENCE
WRONG_ITEM_CLAIM,1428.49,True,1,0,2768.56,570,7,1,6,0,1.2000005936111113,APPROVE
SUBSTITUTED_RETURN_CLAIM,4386.52,True,1,1,1064.87,390,9,3,3,1,0.6166670224999999,APPROVE
SUBSTITUTED_RETURN_CLAIM,4790.57,True,1,0,412.7,771,7,3,3,1,2.350000854722222,APPROVE
SUBSTITUTED_RETURN_CLAIM,2496.6,False,0,0,1916.18,58,10,5,4,1,2.8333342847222225,REQUEST_EVIDENCE
SHORTAGE_CLAIM,1602.41,False,0,1,417.04,186,7,4,3,0,25.86667229027778,REQUEST_EVIDENCE
SUBSTITUTED_RETURN_CLAIM,2538.16,False,0,0,1552.83,550,5,2,1,0,3.8333344841666666,REQUEST_EVIDENCE
SHORTAGE_CLAIM,8106.23,True,1,1,4623.76,328,6,4,2,0,8.0000019825,DENY
NON_DELIVERY_CLAIM,2120.71,True,1,0,629.05,373,4,3,1,0,27.2166725575,APPROVE
WRONG_ITEM_CLAIM,2493.74,False,0,0,544.22,1450,7,2,5,0,10.483335820555554,REQUEST_EVIDENCE
SUBSTITUTED_RETURN_CLAIM,2540.53,False,0,0,1259.48,1276,8,4,3,0,12.383336195277778,REQUEST_EVIDENCE
SHORTAGE_CLAIM,899.97,True,1,0,2590.11,164,9,2,5,1,5.400001466111111,DENY
SUBSTITUTED_RETURN_CLAIM,632.18,True,1,1,361.62,190,7,1,6,0,2.3666675338888887,APPROVE
SUBSTITUTED_RETURN_CLAIM,1519.04,True,1,0,816.4,580,5,2,3,0,26.683339118333336,APPROVE
NON_DELIVERY_CLAIM,1798.8,False,0,0,682.94,107,6,3,3,0,2.783334281388889,REQUEST_EVIDENCE
SHORTAGE_CLAIM,2355.97,True,1,0,2111.28,1287,3,1,2,0,11.80000274638889,DENY
SHORTAGE_CLAIM,2175.07,False,0,1,1690.25,1351,5,2,3,0,5.983334918055555,REQUEST_EVIDENCE
WRONG_ITEM_CLAIM,672.93,False,0,2,432.23,1000,8,2,4,0,11.900002766111111,REQUEST_EVIDENCE
WRONG_ITEM_CLAIM,2926.56,False,0,4,7019.74,1279,7,1,6,0,21.80000483722222,REQUEST_EVIDENCE
WRONG_ITEM_CLAIM,2178.71,False,0,3,2143.16,65,5,1,2,0,6.1333349480555555,REQUEST_EVIDENCE
NON_DELIVERY_CLAIM,2246.71,False,0,0,1129.43,1261,8,3,2,2,3.050001001111111,REQUEST_EVIDENCE
WRONG_ITEM_CLAIM,5064.5,True,1,2,4499.43,1444,6,4,2,0,1.7833340563888889,ESCALATE
SUBSTITUTED_RETURN_CLAIM,1988.99,True,1,0,2312.3,1117,8,5,3,0,24.416672014444444,APPROVE
NON_DELIVERY_CLAIM,3243.73,True,1,0,399.61,624,6,3,3,0,43.30000998861111,APPROVE
SUBSTITUTED_RETURN_CLAIM,5468.77,True,1,3,3578.46,441,3,2,1,0,24.883338771944445,ESCALATE
WRONG_ITEM_CLAIM,2160.9,True,1,0,1609.25,1130,7,2,5,0,12.300002848333333,APPROVE
SUBSTITUTED_RETURN_CLAIM,4836.4,True,1,1,7746.51,356,7,3,4,0,16.300003631666666,APPROVE
NON_DELIVERY_CLAIM,2368.91,True,1,0,1973.49,493,11,3,7,0,17.0833371175,APPROVE
WRONG_ITEM_CLAIM,2778.42,True,1,1,2086.88,711,9,2,5,0,2.3833342077777777,APPROVE
SUBSTITUTED_RETURN_CLAIM,4212.74,False,0,2,910.04,272,4,1,3,0,31.533340153333334,REQUEST_EVIDENCE
WRONG_ITEM_CLAIM,2574.78,False,0,0,2868.83,1026,12,3,7,0,1.3833339766666666,REQUEST_EVIDENCE
NON_DELIVERY_CLAIM,2274.39,False,0,0,2819.73,107,7,2,3,1,6.166668287777778,REQUEST_EVIDENCE
SHORTAGE_CLAIM,2432.47,True,1,0,2012.93,1079,10,4,5,0,11.083335943888889,DENY
NON_DELIVERY_CLAIM,3769.11,True,1,0,2732.36,324,7,2,4,0,7.4333352066666665,APPROVE
SHORTAGE_CLAIM,1015.3,True,1,0,1916.18,58,11,5,5,1,0.5000001075,DENY
WRONG_ITEM_CLAIM,755.89,True,1,1,960.7,661,5,2,3,0,38.26667540527777,APPROVE
SUBSTITUTED_RETURN_CLAIM,3958.57,True,1,1,616.48,1442,9,3,3,0,14.500003284444444,APPROVE
NON_DELIVERY_CLAIM,712.18,True,1,2,2307.66,1355,12,6,6,0,13.750003136111111,APPROVE
SHORTAGE_CLAIM,2488.2,False,0,1,2439.06,1131,5,1,2,0,11.683336063055556,REQUEST_EVIDENCE
WRONG_ITEM_CLAIM,931.99,False,0,0,2309.9,1081,8,2,5,0,7.5833352383333335,REQUEST_EVIDENCE
SHORTAGE_CLAIM,2166.03,True,1,1,2871.29,867,4,3,1,0,16.100003595833336,DENY
SUBSTITUTED_RETURN_CLAIM,4190.45,True,1,0,2477.12,848,6,2,2,0,2.8833343074999997,APPROVE
WRONG_ITEM_CLAIM,1016.56,False,0,0,796.1,255,8,4,2,0,15.266670099722223,REQUEST_EVIDENCE
SHORTAGE_CLAIM,7474.25,False,0,1,2018.9,283,6,4,2,0,11.933336112777777,REQUEST_EVIDENCE
SUBSTITUTED_RETURN_CLAIM,1850.05,True,1,1,2996.46,1183,8,5,2,0,2.283334158333333,APPROVE
SUBSTITUTED_RETURN_CLAIM,1684.23,False,0,1,1576.43,1072,5,2,2,1,33.966674097777776,REQUEST_EVIDENCE
WRONG_ITEM_CLAIM,2719.16,True,1,0,399.61,624,7,4,3,0,0.3833334125,APPROVE
SHORTAGE_CLAIM,941.35,True,1,0,1505.47,718,8,5,3,0,4.216667900277778,APPROVE
SHORTAGE_CLAIM,1858.57,True,1,1,2871.29,867,5,3,1,0,0.13333336055555556,APPROVE
NON_DELIVERY_CLAIM,2335.85,True,1,0,2487.16,181,4,0,3,0,8.200002025833333,APPROVE
SUBSTITUTED_RETURN_CLAIM,9702.18,True,1,1,1508.72,990,2,1,1,0,20.066671038333332,ESCALATE
WRONG_ITEM_CLAIM,5924.79,False,0,1,1539.71,289,11,4,6,1,7.866668628333334,REQUEST_EVIDENCE
SUBSTITUTED_RETURN_CLAIM,1285.28,True,1,0,1078.46,677,8,4,2,0,11.433336015555556,APPROVE
SUBSTITUTED_RETURN_CLAIM,4331.73,False,0,0,2296.42,718,7,1,5,0,1.3333338252777778,REQUEST_EVIDENCE
NON_DELIVERY_CLAIM,4611.04,False,0,0,2212.84,568,6,2,4,0,41.050009546944445,REQUEST_EVIDENCE
NON_DELIVERY_CLAIM,2602.72,True,1,0,1682.66,447,4,2,2,0,25.600005583888887,APPROVE
SHORTAGE_CLAIM,1362.5,False,0,2,1440.03,329,2,0,1,0,8.783335478888889,REQUEST_EVIDENCE
SUBSTITUTED_RETURN_CLAIM,3457.34,True,1,0,277.44,112,4,1,3,0,1.1833336183333334,APPROVE
SUBSTITUTED_RETURN_CLAIM,3696.96,True,1,0,2056.53,1166,9,5,3,0,25.850005633333332,APPROVE
SUBSTITUTED_RETURN_CLAIM,4744.18,True,1,1,147.09,1367,12,3,8,1,6.18333496,APPROVE
SHORTAGE_CLAIM,1662.04,False,0,0,2390.46,429,5,3,2,0,2.650000933888889,REQUEST_EVIDENCE
WRONG_ITEM_CLAIM,513.87,False,0,1,2090.63,455,5,2,2,1,1.8333340694444444,REQUEST_EVIDENCE
SHORTAGE_CLAIM,5135.39,False,0,1,248.06,94,5,2,3,0,3.3166677288888886,DENY
WRONG_ITEM_CLAIM,3334.33,False,0,0,2289.33,690,8,5,1,1,4.533334631944444,REQUEST_EVIDENCE
SUBSTITUTED_RETURN_CLAIM,2080.92,False,0,1,1554.31,1159,5,4,1,0,8.050002000555557,REQUEST_EVIDENCE
WRONG_ITEM_CLAIM,3572.08,False,0,0,2710.76,1279,3,1,2,0,35.76667461833333,REQUEST_EVIDENCE
NON_DELIVERY_CLAIM,1726.22,True,1,0,64.48,478,6,3,2,1,4.800001351944444,APPROVE
WRONG_ITEM_CLAIM,3962.71,True,1,0,2289.33,690,9,5,2,1,0.06666667999999999,APPROVE
SUBSTITUTED_RETURN_CLAIM,5553.28,True,1,0,1346.53,40,5,1,4,0,10.15000242861111,ESCALATE
NON_DELIVERY_CLAIM,562.33,True,1,1,588.3,1459,12,1,8,1,12.183336165833333,APPROVE
NON_DELIVERY_CLAIM,104.08,True,1,0,2608.42,1264,8,2,5,1,5.250001441666667,APPROVE
SHORTAGE_CLAIM,2434.57,False,0,0,143.27,473,2,1,1,0,27.450005944722225,DENY
SHORTAGE_CLAIM,2742.81,True,1,1,2648.8,950,7,3,3,0,56.650012643055554,APPROVE
WRONG_ITEM_CLAIM,3371.47,True,1,2,2940.14,918,6,5,1,0,1.5833337158333332,APPROVE
WRONG_ITEM_CLAIM,2638.86,True,1,0,1655.73,1485,7,4,2,0,6.666668392222222,APPROVE
WRONG_ITEM_CLAIM,4830.17,False,0,1,1508.72,990,3,1,1,1,0.41666675194444447,REQUEST_EVIDENCE
NON_DELIVERY_CLAIM,1463.83,True,1,0,2542.0,1396,8,3,4,1,28.56667283277778,APPROVE
SHORTAGE_CLAIM,1971.58,False,0,0,2497.88,1387,6,1,5,0,8.983335518611112,REQUEST_EVIDENCE
SHORTAGE_CLAIM,3492.45,False,0,3,4160.43,672,10,3,5,1,8.21666870111111,DENY
SHORTAGE_CLAIM,3087.36,True,1,1,64.06,249,7,2,4,0,7.783335280555556,DENY
WRONG_ITEM_CLAIM,5921.95,True,1,0,202.09,1191,6,4,2,0,15.866670222222222,ESCALATE
SHORTAGE_CLAIM,759.51,True,1,0,1650.72,791,7,4,3,0,19.96667102138889,APPROVE
NON_DELIVERY_CLAIM,1509.4,False,0,1,2247.27,588,0,0,0,0,999.0,REQUEST_EVIDENCE
SHORTAGE_CLAIM,2996.47,True,1,0,2590.11,164,10,2,5,1,1.2000002469444444,APPROVE
SUBSTITUTED_RETURN_CLAIM,1718.71,False,0,2,422.27,1016,5,0,4,0,42.233343117222226,REQUEST_EVIDENCE
WRONG_ITEM_CLAIM,2868.52,True,1,1,321.97,468,5,2,3,0,9.550002299722223,APPROVE
NON_DELIVERY_CLAIM,5722.31,False,0,0,2971.85,1093,6,5,1,0,21.983338123333333,REQUEST_EVIDENCE
SHORTAGE_CLAIM,4836.46,True,1,0,2018.41,1406,9,4,4,1,1.716667065,APPROVE
SHORTAGE_CLAIM,2834.0,False,0,0,471.02,1178,7,4,1,0,5.4166681427777785,REQUEST_EVIDENCE
NON_DELIVERY_CLAIM,1965.29,True,1,1,654.03,1258,6,3,3,0,37.56667513888889,APPROVE
SHORTAGE_CLAIM,2145.85,False,0,0,1513.26,277,3,1,1,0,82.85001928083334,DENY
SHORTAGE_CLAIM,1707.23,True,1,2,910.04,272,5,1,4,0,1.033333543611111,DENY
SUBSTITUTED_RETURN_CLAIM,5346.35,False,0,0,2987.88,692,2,2,0,0,42.91667658611111,REQUEST_EVIDENCE
SHORTAGE_CLAIM,8386.53,True,1,1,88.07,560,9,3,2,2,13.266669711944445,DENY
WRONG_ITEM_CLAIM,5090.89,False,0,1,1194.39,1018,9,3,6,0,16.80000373972222,REQUEST_EVIDENCE
SUBSTITUTED_RETURN_CLAIM,4214.44,True,1,0,2141.3,1469,9,3,5,1,12.050002808055556,APPROVE
SHORTAGE_CLAIM,3311.83,True,1,0,2732.36,324,8,3,4,0,1.0500002133333333,DENY
WRONG_ITEM_CLAIM,2240.35,True,1,0,1956.2,1115,10,6,3,0,9.666668989444444,APPROVE
SUBSTITUTED_RETURN_CLAIM,5071.23,False,0,0,2687.1,194,7,4,2,0,1.8333337458333332,REQUEST_EVIDENCE
SUBSTITUTED_RETURN_CLAIM,1753.32,False,0,1,575.65,1191,2,1,1,0,90.78335418166667,REQUEST_EVIDENCE
SHORTAGE_CLAIM,3635.19,True,1,0,1274.66,769,4,2,2,0,8.116668681666667,DENY
SUBSTITUTED_RETURN_CLAIM,1060.45,False,0,0,529.85,1355,7,3,1,0,18.450004061111112,REQUEST_EVIDENCE
NON_DELIVERY_CLAIM,4124.48,True,1,0,1420.26,1380,5,3,2,0,43.11667662666667,APPROVE
SHORTAGE_CLAIM,768.33,False,0,0,2438.34,188,7,6,1,0,18.71667077972222,REQUEST_EVIDENCE
SUBSTITUTED_RETURN_CLAIM,2133.84,False,0,1,207.06,476,5,3,2,0,20.500004462222222,REQUEST_EVIDENCE
WRONG_ITEM_CLAIM,5056.55,True,1,0,2703.23,212,8,4,4,0,18.566670751388887,ESCALATE
SUBSTITUTED_RETURN_CLAIM,889.75,False,0,0,1706.76,1067,2,1,1,0,80.76668554194444,REQUEST_EVIDENCE
WRONG_ITEM_CLAIM,3410.84,False,0,3,3287.03,662,6,4,2,0,20.166671064722223,REQUEST_EVIDENCE
WRONG_ITEM_CLAIM,3815.92,True,1,1,2803.3,801,9,5,3,0,29.48333968416667,APPROVE
SUBSTITUTED_RETURN_CLAIM,3671.37,False,0,0,1363.93,786,8,3,5,0,4.716668006388889,REQUEST_EVIDENCE
WRONG_ITEM_CLAIM,2274.34,False,0,3,5911.44,1222,7,2,3,0,44.61667692527778,REQUEST_EVIDENCE
NON_DELIVERY_CLAIM,5249.72,True,1,2,5256.44,731,5,2,2,0,8.550002102777778,ESCALATE
SHORTAGE_CLAIM,1905.63,True,1,1,6121.48,623,5,3,2,0,38.78334211638889,APPROVE
WRONG_ITEM_CLAIM,1614.11,True,1,1,588.3,1459,13,2,8,1,0.7333334822222223,APPROVE
NON_DELIVERY_CLAIM,4124.85,False,0,1,664.1,251,4,3,0,1,46.53334397611111,REQUEST_EVIDENCE
SHORTAGE_CLAIM,5221.4,False,0,0,2397.53,229,5,4,0,1,27.350005933333332,DENY
NON_DELIVERY_CLAIM,2487.73,True,1,0,1921.01,179,9,1,6,2,16.183336957222224,APPROVE
SHORTAGE_CLAIM,665.77,True,1,0,1390.28,525,11,2,5,2,13.650003123611112,DENY
SHORTAGE_CLAIM,4008.45,False,0,1,923.32,1177,9,3,4,0,8.033335336111112,REQUEST_EVIDENCE
SUBSTITUTED_RETURN_CLAIM,5484.83,True,1,4,2497.91,624,10,2,4,2,2.516667408888889,ESCALATE
SHORTAGE_CLAIM,2319.03,False,0,0,68.24,1301,9,5,2,1,9.516668961111112,REQUEST_EVIDENCE
SHORTAGE_CLAIM,1886.11,True,1,3,3578.46,441,4,2,1,1,1.6166669966666667,APPROVE
SHORTAGE_CLAIM,193.96,False,0,0,13.71,1280,3,3,0,0,7.2166685019444445,DENY
SUBSTITUTED_RETURN_CLAIM,3442.84,True,1,0,2497.88,1387,7,1,6,0,0.7666668222222222,APPROVE
SUBSTITUTED_RETURN_CLAIM,1516.06,True,1,1,2778.13,1242,7,7,0,0,8.583335442777777,APPROVE
SUBSTITUTED_RETURN_CLAIM,294.95,False,0,4,4067.54,1449,8,3,2,1,2.133333789722222,REQUEST_EVIDENCE
NON_DELIVERY_CLAIM,322.69,True,1,0,212.77,290,4,2,0,2,13.833336493611112,APPROVE
SUBSTITUTED_RETURN_CLAIM,5152.45,False,0,3,5874.63,743,5,5,0,0,25.516672248333336,REQUEST_EVIDENCE
WRONG_ITEM_CLAIM,1815.75,False,0,0,2155.79,1062,3,0,3,0,41.083342890000004,REQUEST_EVIDENCE
NON_DELIVERY_CLAIM,3924.61,False,0,2,6272.77,1017,2,2,0,0,11.41666935111111,REQUEST_EVIDENCE
SHORTAGE_CLAIM,553.34,True,1,1,643.71,411,7,3,2,1,6.083334944444444,APPROVE
NON_DELIVERY_CLAIM,3014.51,True,1,2,7640.85,706,9,2,7,0,13.583336445277778,APPROVE
NON_DELIVERY_CLAIM,2969.06,False,0,1,729.95,695,8,2,6,0,3.8166678366666664,REQUEST_EVIDENCE
WRONG_ITEM_CLAIM,2015.06,True,1,0,243.19,1425,8,5,3,0,26.850005837500003,APPROVE
SUBSTITUTED_RETURN_CLAIM,6937.23,False,0,0,403.46,971,9,5,4,0,7.700001934444445,REQUEST_EVIDENCE
WRONG_ITEM_CLAIM,684.43,True,1,0,66.11,1138,7,2,5,0,5.866668234722223,APPROVE
WRONG_ITEM_CLAIM,1501.54,False,0,2,5256.44,731,6,2,2,1,0.4166667502777778,REQUEST_EVIDENCE
SUBSTITUTED_RETURN_CLAIM,1300.1,True,1,1,1424.61,837,6,5,0,1,7.133335152500001,APPROVE
WRONG_ITEM_CLAIM,2421.83,False,0,0,993.28,1018,6,3,3,0,38.13334190138889,REQUEST_EVIDENCE
WRONG_ITEM_CLAIM,752.18,True,1,0,1111.13,270,9,3,4,0,14.500003294999999,APPROVE
WRONG_ITEM_CLAIM,5055.19,False,0,0,2670.74,834,4,4,0,0,29.30000631777778,REQUEST_EVIDENCE
SHORTAGE_CLAIM,5351.67,True,1,4,4440.12,1439,5,1,4,0,8.650002124722223,ESCALATE
NON_DELIVERY_CLAIM,539.27,False,0,2,6719.24,1251,8,3,5,0,17.08333713361111,REQUEST_EVIDENCE
SUBSTITUTED_RETURN_CLAIM,897.68,True,1,1,2629.18,188,8,4,2,0,37.950008510277776,APPROVE
SUBSTITUTED_RETURN_CLAIM,1702.86,False,0,0,1568.13,958,8,6,2,0,25.566672260277777,REQUEST_EVIDENCE
WRONG_ITEM_CLAIM,4018.15,True,1,0,1117.31,43,12,4,5,2,26.616672460555556,APPROVE
NON_DELIVERY_CLAIM,678.45,False,0,1,1501.43,1229,3,2,0,0,70.46668258722222,REQUEST_EVIDENCE
WRONG_ITEM_CLAIM,5031.74,True,1,0,2351.4,647,10,4,4,1,9.916669041388888,ESCALATE
SHORTAGE_CLAIM,7460.37,False,0,1,444.04,942,7,2,4,1,23.36667176972222,REQUEST_EVIDENCE
SUBSTITUTED_RETURN_CLAIM,3865.98,True,1,0,644.15,374,5,1,2,2,14.633336655,APPROVE
SHORTAGE_CLAIM,2229.71,True,1,1,4698.16,1081,6,2,3,1,55.45001241777778,DENY
SUBSTITUTED_RETURN_CLAIM,2198.01,False,0,1,1238.84,400,12,6,3,2,11.833336101388888,REQUEST_EVIDENCE
NON_DELIVERY_CLAIM,1728.88,True,1,0,449.89,576,8,3,4,0,40.866675985,APPROVE
NON_DELIVERY_CLAIM,4053.24,True,1,1,1327.74,908,6,2,3,1,27.000005869166667,APPROVE
WRONG_ITEM_CLAIM,1639.5,True,1,0,1129.01,1137,6,4,1,1,2.6666672358333336,APPROVE
SHORTAGE_CLAIM,2268.95,True,1,1,2480.47,1082,8,3,4,0,11.550002711388888,DENY
SHORTAGE_CLAIM,1641.9,True,1,0,1325.65,1218,10,3,5,2,5.816668226111111,APPROVE
WRONG_ITEM_CLAIM,6929.27,False,0,4,2326.22,652,6,3,2,1,49.400011215,REQUEST_EVIDENCE
SUBSTITUTED_RETURN_CLAIM,1660.4,True,1,1,1501.43,1229,4,2,1,0,0.20000003916666667,APPROVE
NON_DELIVERY_CLAIM,3338.99,False,0,4,5309.57,1456,7,1,5,1,29.666673056666667,REQUEST_EVIDENCE
WRONG_ITEM_CLAIM,5895.75,False,0,0,460.47,1326,11,5,6,0,16.28333697861111,REQUEST_EVIDENCE
NON_DELIVERY_CLAIM,5831.65,False,0,2,7640.85,706,10,3,7,0,0.5000000994444445,REQUEST_EVIDENCE
NON_DELIVERY_CLAIM,8466.45,False,0,0,288.94,592,12,9,2,1,12.950002989444444,REQUEST_EVIDENCE
NON_DELIVERY_CLAIM,5014.56,False,0,0,2881.03,120,5,3,2,0,27.483339295833332,REQUEST_EVIDENCE
WRONG_ITEM_CLAIM,4098.04,True,1,0,1761.01,335,5,2,2,0,10.450002479444445,APPROVE
NON_DELIVERY_CLAIM,2713.3,False,0,0,2312.3,1117,9,6,3,0,2.3833338161111115,REQUEST_EVIDENCE
SUBSTITUTED_RETURN_CLAIM,1720.46,False,0,1,2521.92,1435,15,5,8,0,3.1666673722222223,REQUEST_EVIDENCE
SHORTAGE_CLAIM,2587.71,True,1,1,2183.92,1202,9,2,6,0,5.7833348877777775,APPROVE
WRONG_ITEM_CLAIM,5142.38,False,0,0,2428.44,1038,8,5,2,0,4.000001173888888,REQUEST_EVIDENCE
SUBSTITUTED_RETURN_CLAIM,1393.55,True,1,2,296.06,58,9,4,3,1,4.050001185277778,APPROVE
NON_DELIVERY_CLAIM,5353.54,False,0,0,947.07,828,7,0,5,2,29.766673077500002,REQUEST_EVIDENCE
SUBSTITUTED_RETURN_CLAIM,628.9,True,1,0,1211.98,1085,5,1,4,0,18.850004147222222,APPROVE
SUBSTITUTED_RETURN_CLAIM,6304.0,False,0,0,2198.87,770,6,2,1,2,10.650002520277779,REQUEST_EVIDENCE
SHORTAGE_CLAIM,4389.59,False,0,1,1194.39,1018,10,3,7,0,1.3166669316666666,REQUEST_EVIDENCE
WRONG_ITEM_CLAIM,658.63,True,1,1,575.65,1191,3,1,2,0,1.2500002513888888,APPROVE
WRONG_ITEM_CLAIM,2602.45,False,0,0,1410.41,768,10,2,8,0,32.71667365388889,REQUEST_EVIDENCE
WRONG_ITEM_CLAIM,1740.65,True,1,0,2973.26,1233,9,1,4,2,21.93333808222222,APPROVE
NON_DELIVERY_CLAIM,565.6,True,1,1,2637.72,942,10,4,5,1,14.71667000361111,APPROVE
NON_DELIVERY_CLAIM,5823.26,False,0,0,504.4,1236,8,5,2,0,4.5333346472222225,REQUEST_EVIDENCE
SHORTAGE_CLAIM,4463.65,True,1,1,416.38,1493,11,2,7,0,8.15000202138889,APPROVE
SHORTAGE_CLAIM,511.31,False,0,0,1537.93,1239,11,3,8,0,12.883336311666666,REQUEST_EVIDENCE
SUBSTITUTED_RETURN_CLAIM,5736.43,True,1,1,927.0,669,9,5,3,0,43.28334332888888,ESCALATE
NON_DELIVERY_CLAIM,4605.88,True,1,0,2837.06,1295,7,6,1,0,11.4333360125,APPROVE
SHORTAGE_CLAIM,5586.64,True,1,1,2282.33,625,2,0,2,0,71.76668290555556,ESCALATE
SHORTAGE_CLAIM,4556.72,True,1,0,2808.95,588,9,5,2,0,16.116670281944444,APPROVE
SUBSTITUTED_RETURN_CLAIM,2448.7,True,1,0,2111.01,622,11,5,5,0,3.6833343658333333,APPROVE
SUBSTITUTED_RETURN_CLAIM,2460.42,False,0,0,1764.93,838,6,1,5,0,7.5166685625000005,REQUEST_EVIDENCE
SUBSTITUTED_RETURN_CLAIM,3457.59,False,0,1,3901.1,1094,6,3,3,0,20.50000446888889,REQUEST_EVIDENCE
WRONG_ITEM_CLAIM,2044.37,False,0,0,2536.55,1403,7,3,4,0,9.366668934444444,REQUEST_EVIDENCE
SUBSTITUTED_RETURN_CLAIM,654.55,False,0,2,2252.07,119,9,4,2,2,22.683338230277776,REQUEST_EVIDENCE
SHORTAGE_CLAIM,5072.6,False,0,1,2543.95,625,4,0,0,2,26.500005778888887,DENY
NON_DELIVERY_CLAIM,5142.56,True,1,3,6481.9,1496,4,4,0,0,19.316670906388886,ESCALATE
SUBSTITUTED_RETURN_CLAIM,3457.55,False,0,0,565.44,1145,7,3,3,0,6.5000016955555555,REQUEST_EVIDENCE
SUBSTITUTED_RETURN_CLAIM,2108.67,True,1,2,943.51,207,5,1,2,0,63.633347365,APPROVE
NON_DELIVERY_CLAIM,634.06,False,0,2,2281.54,322,6,2,1,0,33.06667372777778,REQUEST_EVIDENCE
NON_DELIVERY_CLAIM,2424.66,False,0,3,2659.97,1410,8,4,4,0,19.2166708875,REQUEST_EVIDENCE
SHORTAGE_CLAIM,1581.12,False,0,2,7120.96,933,10,4,5,0,10.616669180833334,REQUEST_EVIDENCE
SUBSTITUTED_RETURN_CLAIM,2045.8,False,0,0,2662.74,46,6,3,2,1,46.15001056527778,REQUEST_EVIDENCE
NON_DELIVERY_CLAIM,1806.03,True,1,0,238.21,41,3,2,1,0,100.86668953861111,APPROVE
NON_DELIVERY_CLAIM,7030.41,True,1,1,4698.16,1081,7,2,3,1,0.8166668333333333,ESCALATE
NON_DELIVERY_CLAIM,2663.36,False,0,1,1360.3,934,14,8,2,2,17.300003852777778,REQUEST_EVIDENCE
NON_DELIVERY_CLAIM,3967.64,False,0,0,780.02,1457,7,2,2,0,7.1333351572222226,REQUEST_EVIDENCE
SHORTAGE_CLAIM,562.18,True,1,0,15.09,1417,8,4,4,0,40.850009246388886,APPROVE
NON_DELIVERY_CLAIM,6133.83,False,0,0,1849.05,949,4,0,4,0,8.033335334722222,REQUEST_EVIDENCE
NON_DELIVERY_CLAIM,3466.66,False,0,0,1030.88,326,5,1,3,1,5.066668089166666,REQUEST_EVIDENCE
WRONG_ITEM_CLAIM,1777.46,False,0,1,2779.56,743,1,0,1,0,99.41668925083333,REQUEST_EVIDENCE
SUBSTITUTED_RETURN_CLAIM,1824.39,True,1,0,1827.09,216,1,1,0,0,31.88334016388889,APPROVE
WRONG_ITEM_CLAIM,2209.81,False,0,0,2049.67,1299,8,4,1,0,9.93333571638889,REQUEST_EVIDENCE
NON_DELIVERY_CLAIM,2309.27,False,0,1,1190.02,1452,10,5,4,0,5.316668137222222,REQUEST_EVIDENCE
NON_DELIVERY_CLAIM,2358.48,False,0,0,1651.49,183,2,1,1,0,23.150004993055553,REQUEST_EVIDENCE
SUBSTITUTED_RETURN_CLAIM,3150.37,True,1,0,1615.24,142,8,4,3,0,46.700010676944444,APPROVE
WRONG_ITEM_CLAIM,4953.3,False,0,0,1272.93,619,7,0,6,0,23.933338503611107,REQUEST_EVIDENCE
SUBSTITUTED_RETURN_CLAIM,5373.82,True,1,1,983.04,909,10,6,3,1,43.58334339333334,ESCALATE
WRONG_ITEM_CLAIM,2548.12,False,0,0,1689.87,642,4,2,2,0,50.600011457499996,REQUEST_EVIDENCE
NON_DELIVERY_CLAIM,1755.47,False,0,1,2436.36,1139,4,3,1,0,25.66667228611111,REQUEST_EVIDENCE
WRONG_ITEM_CLAIM,1543.99,False,0,0,1659.93,446,8,2,4,0,5.416668157222222,REQUEST_EVIDENCE
WRONG_ITEM_CLAIM,7592.41,False,0,2,1389.01,1130,8,1,5,0,6.716668409166666,REQUEST_EVIDENCE
SHORTAGE_CLAIM,2396.51,True,1,0,1826.98,292,3,1,2,0,18.033337328333335,APPROVE
SUBSTITUTED_RETURN_CLAIM,2047.39,False,0,1,2267.73,40,4,1,3,0,26.250005735000002,REQUEST_EVIDENCE
SUBSTITUTED_RETURN_CLAIM,1283.43,True,1,0,1000.55,1430,7,2,4,1,13.400003085833333,APPROVE
NON_DELIVERY_CLAIM,2438.41,False,0,2,5815.51,1211,3,0,2,1,55.45001242138889,REQUEST_EVIDENCE
NON_DELIVERY_CLAIM,131.97,True,1,2,594.8,835,8,4,3,1,20.1166710675,APPROVE
WRONG_ITEM_CLAIM,3903.88,False,0,2,2801.77,520,6,2,3,1,8.133335355277778,REQUEST_EVIDENCE
SUBSTITUTED_RETURN_CLAIM,2635.02,False,0,0,123.55,494,5,2,2,0,59.10001313861111,REQUEST_EVIDENCE
NON_DELIVERY_CLAIM,1547.27,False,0,1,2745.35,1213,8,2,6,0,54.16667883472222,REQUEST_EVIDENCE
SUBSTITUTED_RETURN_CLAIM,1575.27,True,1,0,1381.11,648,4,1,2,0,27.866672713055554,APPROVE
NON_DELIVERY_CLAIM,283.61,False,0,2,1147.44,996,7,1,6,0,15.416670146388888,REQUEST_EVIDENCE
SUBSTITUTED_RETURN_CLAIM,2321.13,True,1,0,2595.2,1207,8,4,4,0,31.533340096944443,APPROVE
WRONG_ITEM_CLAIM,3227.65,False,0,0,708.46,727,5,3,1,1,21.550004679444445,REQUEST_EVIDENCE
SHORTAGE_CLAIM,1839.36,True,1,0,1891.95,116,4,3,1,0,18.600004105833335,DENY
SUBSTITUTED_RETURN_CLAIM,1513.63,False,0,0,267.42,924,5,2,3,0,24.50000531,REQUEST_EVIDENCE
SHORTAGE_CLAIM,900.94,False,0,0,64.48,478,7,4,2,1,2.750000554722222,REQUEST_EVIDENCE
WRONG_ITEM_CLAIM,359.98,False,0,1,64.06,249,8,2,4,0,2.550000514444444,REQUEST_EVIDENCE
NON_DELIVERY_CLAIM,1647.96,False,0,1,275.72,349,7,3,3,0,5.700001546666667,REQUEST_EVIDENCE
SHORTAGE_CLAIM,5407.63,True,1,1,710.25,951,11,2,5,1,5.300001435833333,ESCALATE
SHORTAGE_CLAIM,1082.01,True,1,0,1761.01,335,6,3,2,0,1.1833335725,APPROVE
NON_DELIVERY_CLAIM,1685.42,True,1,0,1826.98,292,4,2,2,0,0.31666672944444446,APPROVE
SUBSTITUTED_RETURN_CLAIM,2280.73,True,1,0,847.37,829,10,1,4,0,10.350002465555555,APPROVE
SHORTAGE_CLAIM,5482.91,True,1,0,2056.77,322,6,4,2,0,13.800003164722222,ESCALATE
NON_DELIVERY_CLAIM,5791.15,False,0,0,354.92,559,7,4,3,0,23.950005150833334,REQUEST_EVIDENCE
SHORTAGE_CLAIM,103.59,True,1,0,2835.58,866,7,5,1,0,17.8500039625,DENY
WRONG_ITEM_CLAIM,3742.04,True,1,0,1756.34,141,9,5,3,0,11.916669444444445,APPROVE
WRONG_ITEM_CLAIM,5910.15,True,1,1,983.04,909,11,6,3,2,0.5000000988888889,ESCALATE
WRONG_ITEM_CLAIM,1162.84,True,1,0,2289.33,690,10,6,2,1,2.9333339238888887,APPROVE
SHORTAGE_CLAIM,3812.23,True,1,1,957.95,353,5,2,1,1,5.166668075277777,DENY
NON_DELIVERY_CLAIM,2930.18,True,1,1,275.72,349,8,3,4,0,0.2000000388888889,APPROVE
NON_DELIVERY_CLAIM,659.03,False,0,0,2022.07,443,7,3,1,1,13.966669863055557,REQUEST_EVIDENCE
SUBSTITUTED_RETURN_CLAIM,3798.85,False,0,1,321.97,468,6,3,3,0,2.7000005425,REQUEST_EVIDENCE
WRONG_ITEM_CLAIM,2334.23,False,0,4,2730.14,542,7,1,4,1,34.666674085833336,REQUEST_EVIDENCE
WRONG_ITEM_CLAIM,5027.68,True,1,0,2881.03,120,6,3,3,0,1.433333621388889,ESCALATE
WRONG_ITEM_CLAIM,1978.81,False,0,2,1389.01,1130,9,1,6,0,0.5666667777777777,REQUEST_EVIDENCE
WRONG_ITEM_CLAIM,2016.29,True,1,0,2962.05,1031,10,2,7,0,22.83333826361111,APPROVE
WRONG_ITEM_CLAIM,1745.05,True,1,3,6589.6,332,6,4,2,0,7.066668477222222,APPROVE
NON_DELIVERY_CLAIM,555.66,True,1,0,143.27,473,3,1,1,0,3.0333339422222223,APPROVE
SUBSTITUTED_RETURN_CLAIM,1081.89,True,1,2,2200.43,485,9,4,3,1,23.4166717125,APPROVE
WRONG_ITEM_CLAIM,6325.72,False,0,0,2517.67,1122,5,4,1,0,5.7833348622222225,REQUEST_EVIDENCE
SUBSTITUTED_RETURN_CLAIM,3270.44,True,1,0,1759.83,297,6,3,1,2,15.266670118611112,APPROVE
NON_DELIVERY_CLAIM,1102.16,True,1,2,161.41,1455,5,2,3,0,5.333334774166667,APPROVE
SHORTAGE_CLAIM,3350.29,True,1,0,1102.69,894,6,0,3,3,13.833336504722222,APPROVE
SUBSTITUTED_RETURN_CLAIM,2274.43,True,1,2,2709.38,89,10,4,4,1,22.55000487638889,APPROVE
SHORTAGE_CLAIM,1003.82,False,0,0,2770.91,106,5,4,1,0,20.616671165833335,REQUEST_EVIDENCE
SHORTAGE_CLAIM,9785.32,True,1,2,2061.2,1237,7,1,4,0,21.716671378888886,ESCALATE
WRONG_ITEM_CLAIM,2421.62,False,0,1,1113.59,190,5,2,1,0,8.750002143333333,REQUEST_EVIDENCE
SUBSTITUTED_RETURN_CLAIM,7785.42,True,1,1,5708.94,1446,7,2,5,0,12.016669460555555,ESCALATE
SHORTAGE_CLAIM,1068.5,True,1,0,1211.98,1085,6,2,4,0,1.5500003097222221,DENY
SUBSTITUTED_RETURN_CLAIM,4075.39,False,0,0,2703.82,918,8,3,3,1,9.01666886111111,REQUEST_EVIDENCE
NON_DELIVERY_CLAIM,5102.45,True,1,0,2595.92,950,3,2,1,0,64.50001420583334,ESCALATE
SUBSTITUTED_RETURN_CLAIM,4710.36,True,1,0,708.46,727,6,3,2,1,0.6500001266666667,APPROVE
WRONG_ITEM_CLAIM,1415.32,False,0,2,2570.25,731,9,6,3,0,4.583334287222222,REQUEST_EVIDENCE
SHORTAGE_CLAIM,2451.51,True,1,0,244.22,139,8,3,5,0,12.983336331666667,APPROVE
NON_DELIVERY_CLAIM,2687.33,False,0,0,1758.48,1387,7,3,3,0,10.433335814166666,REQUEST_EVIDENCE
SHORTAGE_CLAIM,564.05,True,1,1,242.88,1444,4,1,2,1,9.316668920555555,APPROVE
NON_DELIVERY_CLAIM,1298.56,False,0,0,2428.44,1038,9,5,3,0,1.7333336794444445,REQUEST_EVIDENCE
NON_DELIVERY_CLAIM,3632.8,True,1,0,62.57,189,5,1,4,0,20.466671137222225,APPROVE
NON_DELIVERY_CLAIM,2065.49,True,1,1,3068.03,1421,8,1,3,2,7.483335226944445,APPROVE
SHORTAGE_CLAIM,1031.97,True,1,0,722.49,873,6,2,3,0,10.383335805277778,APPROVE
NON_DELIVERY_CLAIM,1502.27,False,0,1,2691.86,517,7,3,4,0,5.683334843888889,REQUEST_EVIDENCE
SHORTAGE_CLAIM,6305.05,False,0,0,1390.28,525,12,2,5,2,2.666667199722222,REQUEST_EVIDENCE
SHORTAGE_CLAIM,3660.27,True,1,1,2405.98,303,9,3,4,1,13.716669811388888,DENY
SUBSTITUTED_RETURN_CLAIM,4851.99,True,1,0,2198.02,550,11,3,7,1,30.200006503055555,APPROVE
WRONG_ITEM_CLAIM,4581.67,True,1,0,238.21,41,4,3,1,0,1.3666669388888888,APPROVE
WRONG_ITEM_CLAIM,3002.64,True,1,0,1199.04,1490,4,1,2,0,33.08334040027778,APPROVE
WRONG_ITEM_CLAIM,1120.3,True,1,0,608.14,834,8,2,5,0,21.566671351388887,APPROVE
SUBSTITUTED_RETURN_CLAIM,664.06,True,1,0,1619.84,904,10,4,6,0,22.83333826638889,APPROVE
NON_DELIVERY_CLAIM,4750.18,True,1,0,1759.83,297,7,4,1,2,0.46666676,APPROVE
WRONG_ITEM_CLAIM,6808.84,False,0,0,64.48,478,8,4,3,1,0.9000001772222223,REQUEST_EVIDENCE
NON_DELIVERY_CLAIM,1691.77,False,0,1,953.85,325,8,1,5,0,7.566668576944444,REQUEST_EVIDENCE
SHORTAGE_CLAIM,2734.7,True,1,2,13.01,1406,3,2,1,0,81.43335234694445,APPROVE
NON_DELIVERY_CLAIM,2628.01,False,0,4,2730.14,542,8,1,5,1,0.6666667988888889,REQUEST_EVIDENCE
SUBSTITUTED_RETURN_CLAIM,2428.39,False,0,3,7364.62,1382,8,1,6,0,17.383337201388887,REQUEST_EVIDENCE
WRONG_ITEM_CLAIM,1877.02,False,0,1,2778.13,1242,8,8,0,0,2.7666672191666666,REQUEST_EVIDENCE
SHORTAGE_CLAIM,2276.78,True,1,0,1792.18,195,8,2,5,0,6.883335111666667,APPROVE
SUBSTITUTED_RETURN_CLAIM,5867.71,True,1,0,1284.44,155,6,2,4,0,16.933337113055554,ESCALATE
SUBSTITUTED_RETURN_CLAIM,4954.0,True,1,0,1274.66,769,5,2,2,0,3.2166673105555557,APPROVE
SUBSTITUTED_RETURN_CLAIM,1609.42,False,0,1,708.59,387,8,3,3,0,22.866671604999997,REQUEST_EVIDENCE
SHORTAGE_CLAIM,1686.94,True,1,1,1812.16,572,7,4,1,0,24.500005259166667,DENY
WRONG_ITEM_CLAIM,2620.36,False,0,1,237.06,334,10,4,5,1,6.916668452222223,REQUEST_EVIDENCE
WRONG_ITEM_CLAIM,1863.73,False,0,1,1873.72,184,8,2,6,0,11.51666936222222,REQUEST_EVIDENCE
SUBSTITUTED_RETURN_CLAIM,2255.12,False,0,0,123.55,494,6,2,3,0,1.250000246111111,REQUEST_EVIDENCE
SHORTAGE_CLAIM,2785.27,True,1,0,796.87,782,1,1,0,0,102.9833566275,APPROVE
SUBSTITUTED_RETURN_CLAIM,2693.98,True,1,0,1080.37,909,1,1,0,0,93.31668802166666,APPROVE
SUBSTITUTED_RETURN_CLAIM,2385.79,False,0,4,4440.12,1439,6,1,4,1,2.6666671986111115,REQUEST_EVIDENCE
SHORTAGE_CLAIM,610.34,True,1,1,303.87,256,6,4,1,1,10.033335730833333,APPROVE
WRONG_ITEM_CLAIM,3442.06,True,1,0,1849.05,949,5,0,5,0,1.666666995277778,APPROVE
SUBSTITUTED_RETURN_CLAIM,1669.34,True,1,4,2683.58,1062,4,1,3,0,9.90000236861111,APPROVE
SUBSTITUTED_RETURN_CLAIM,1264.03,False,0,1,2820.88,58,9,3,4,0,5.6333346988888895,REQUEST_EVIDENCE
WRONG_ITEM_CLAIM,4098.88,False,0,0,2098.85,248,8,5,1,0,13.100003010277778,REQUEST_EVIDENCE
SHORTAGE_CLAIM,5786.57,True,1,2,3147.56,233,7,2,5,0,28.01667275,ESCALATE
NON_DELIVERY_CLAIM,976.76,False,0,0,1568.13,958,9,6,3,0,2.7333338777777776,REQUEST_EVIDENCE
SHORTAGE_CLAIM,6172.05,True,1,0,2906.23,352,5,2,2,0,18.600004108333334,DENY
WRONG_ITEM_CLAIM,2164.86,True,1,2,877.9,151,5,1,4,0,19.566670963611113,APPROVE
SUBSTITUTED_RETURN_CLAIM,2426.07,True,1,1,2257.39,648,8,2,5,0,8.066668674444443,APPROVE
WRONG_ITEM_CLAIM,356.69,True,1,0,212.77,290,5,3,0,2,3.1000006174999997,APPROVE
WRONG_ITEM_CLAIM,460.7,True,1,0,2211.35,1152,12,4,6,1,19.150004217499998,APPROVE
SUBSTITUTED_RETURN_CLAIM,1856.9,True,1,1,4498.6,91,4,3,0,1,31.933340176944444,APPROVE
SHORTAGE_CLAIM,1619.14,True,1,0,895.5,1424,6,2,3,0,13.500003090833333,DENY
NON_DELIVERY_CLAIM,2481.78,False,0,0,1447.5,262,7,2,4,0,32.45000694333333,REQUEST_EVIDENCE
NON_DELIVERY_CLAIM,1195.07,True,1,0,2352.92,956,5,3,2,0,6.8666684447222215,APPROVE
NON_DELIVERY_CLAIM,720.87,False,0,0,1906.06,224,10,2,7,1,5.333334424999999,REQUEST_EVIDENCE
SUBSTITUTED_RETURN_CLAIM,2201.67,True,1,0,2064.72,1472,8,3,4,0,30.83333996083333,APPROVE
WRONG_ITEM_CLAIM,1129.93,True,1,1,2745.35,1213,9,2,7,0,1.6000003147222222,APPROVE
SUBSTITUTED_RETURN_CLAIM,3995.82,True,1,0,1715.77,542,8,3,5,0,39.15000851944445,APPROVE
SHORTAGE_CLAIM,6711.04,True,1,1,729.95,695,9,2,7,0,3.1666672969444445,ESCALATE
SHORTAGE_CLAIM,589.05,True,1,0,449.89,576,9,4,4,0,2.8500005666666666,DENY
WRONG_ITEM_CLAIM,1197.0,False,0,0,1476.17,558,10,2,4,2,8.433335414166667,REQUEST_EVIDENCE
NON_DELIVERY_CLAIM,1520.08,True,1,0,816.4,580,6,3,3,0,5.2000010450000005,APPROVE
SHORTAGE_CLAIM,358.4,True,1,0,2065.96,1455,5,1,4,0,31.483340085833333,DENY
SHORTAGE_CLAIM,2186.25,True,1,0,2309.9,1081,9,2,6,0,4.800000961388889,DENY
SUBSTITUTED_RETURN_CLAIM,2183.24,False,0,0,1117.31,43,13,5,5,2,3.0500006061111113,REQUEST_EVIDENCE
SUBSTITUTED_RETURN_CLAIM,1748.26,False,0,1,1501.43,1229,5,3,1,0,2.8500005666666666,REQUEST_EVIDENCE
SUBSTITUTED_RETURN_CLAIM,3733.16,False,0,0,49.91,642,8,2,5,1,21.05000458583333,REQUEST_EVIDENCE
NON_DELIVERY_CLAIM,6355.81,False,0,0,1406.09,335,7,5,2,0,7.28333519138889,REQUEST_EVIDENCE
SHORTAGE_CLAIM,5081.16,True,1,0,2018.41,1406,10,5,4,1,4.083334147777777,ESCALATE
NON_DELIVERY_CLAIM,3657.69,True,1,1,1539.71,289,12,4,7,1,4.700000940277778,APPROVE
WRONG_ITEM_CLAIM,6605.72,True,1,0,212.77,290,6,4,0,2,0.3666667386111111,ESCALATE
SHORTAGE_CLAIM,2653.86,False,0,0,847.37,829,11,2,4,0,1.6333336544444446,DENY
SHORTAGE_CLAIM,1958.62,False,0,0,113.18,210,11,4,5,0,27.766672699166666,DENY
NON_DELIVERY_CLAIM,404.49,True,1,0,2829.83,1305,4,0,4,0,10.350002456944443,APPROVE
NON_DELIVERY_CLAIM,2809.04,False,0,2,594.8,835,9,5,3,1,1.950000383888889,REQUEST_EVIDENCE
SHORTAGE_CLAIM,1876.65,False,0,0,449.89,576,10,4,4,0,0.2666667191666667,DENY
SUBSTITUTED_RETURN_CLAIM,4741.17,False,0,1,2639.85,1195,7,1,5,0,6.050001276388889,REQUEST_EVIDENCE
WRONG_ITEM_CLAIM,576.35,True,1,0,2401.54,1378,4,0,3,1,9.016668861388888,APPROVE
SUBSTITUTED_RETURN_CLAIM,4459.57,False,0,1,339.49,1057,3,1,2,0,36.85000788944444,REQUEST_EVIDENCE
SUBSTITUTED_RETURN_CLAIM,5184.77,True,1,2,3112.35,145,6,2,2,0,5.716667828055556,ESCALATE
WRONG_ITEM_CLAIM,2065.98,False,0,0,1916.18,58,12,5,5,1,5.166667701111111,REQUEST_EVIDENCE
SHORTAGE_CLAIM,6395.45,True,1,1,789.95,125,11,6,5,0,11.48333602138889,ESCALATE
NON_DELIVERY_CLAIM,1829.35,True,1,0,717.19,1173,9,2,5,1,8.166668695833334,APPROVE
WRONG_ITEM_CLAIM,5016.15,False,0,1,1413.66,1128,7,4,2,0,18.90000416722222,REQUEST_EVIDENCE
WRONG_ITEM_CLAIM,3647.57,True,1,3,5920.91,866,5,2,2,0,38.01667484583333,APPROVE
NON_DELIVERY_CLAIM,8880.22,True,1,0,41.63,768,5,1,4,0,20.93333789777778,ESCALATE
SHORTAGE_CLAIM,4997.8,True,1,0,68.24,1301,10,5,3,1,3.833334095,APPROVE
SHORTAGE_CLAIM,4931.9,True,1,1,2993.99,542,6,3,3,0,22.800004926666666,APPROVE
NON_DELIVERY_CLAIM,2218.65,True,1,1,2779.82,185,6,4,1,1,15.633336858333335,APPROVE
SUBSTITUTED_RETURN_CLAIM,1851.71,True,1,0,1162.58,266,9,2,7,0,14.650003328055556,APPROVE
WRONG_ITEM_CLAIM,2693.41,False,0,0,1916.18,58,13,5,6,1,0.16666669916666668,REQUEST_EVIDENCE
WRONG_ITEM_CLAIM,2393.35,True,1,1,1395.76,1224,8,1,7,0,17.90000396861111,APPROVE
SHORTAGE_CLAIM,3760.34,False,0,0,202.09,1191,7,4,2,1,4.600000917222222,REQUEST_EVIDENCE
NON_DELIVERY_CLAIM,1990.01,True,1,4,3034.13,818,10,3,7,0,25.600005475555555,APPROVE
SHORTAGE_CLAIM,4682.75,True,1,0,577.64,241,9,2,3,0,8.333335395833334,DENY
WRONG_ITEM_CLAIM,979.03,False,0,1,939.22,1161,6,3,3,0,9.483335619722222,REQUEST_EVIDENCE
NON_DELIVERY_CLAIM,2133.49,True,1,0,2689.85,1455,2,2,0,0,18.03333732888889,APPROVE
SUBSTITUTED_RETURN_CLAIM,4715.86,False,0,1,983.04,909,12,6,3,3,1.983333723611111,REQUEST_EVIDENCE
SHORTAGE_CLAIM,2034.93,True,1,3,1723.01,324,8,1,5,0,6.166667934722222,DENY
WRONG_ITEM_CLAIM,1918.04,True,1,2,432.23,1000,9,2,5,0,5.766667822777778,APPROVE
SUBSTITUTED_RETURN_CLAIM,4648.93,False,0,1,2965.29,1310,7,4,2,0,14.966670056111111,REQUEST_EVIDENCE
WRONG_ITEM_CLAIM,3484.9,True,1,2,2311.1,300,5,2,2,0,16.683337063333333,APPROVE
NON_DELIVERY_CLAIM,2708.87,True,1,0,1772.25,371,2,0,1,0,40.01667536638889,APPROVE
SUBSTITUTED_RETURN_CLAIM,1453.61,False,0,2,5815.51,1211,4,0,3,1,2.4500004819444445,REQUEST_EVIDENCE
SHORTAGE_CLAIM,4318.38,True,1,2,3112.35,145,7,2,2,1,0.41666674833333334,APPROVE
SUBSTITUTED_RETURN_CLAIM,3307.91,True,1,1,1508.72,990,4,1,2,1,4.900000976111111,APPROVE
WRONG_ITEM_CLAIM,3813.19,True,1,1,2637.72,942,11,5,5,1,3.216667303611111,APPROVE
WRONG_ITEM_CLAIM,2166.95,True,1,0,2648.34,413,5,4,0,1,50.80001149,APPROVE
WRONG_ITEM_CLAIM,345.94,False,0,1,143.41,1142,6,1,5,0,45.033343673611114,REQUEST_EVIDENCE
SHORTAGE_CLAIM,814.57,True,1,0,1067.43,1249,10,4,4,0,12.883336296944446,DENY
SHORTAGE_CLAIM,4416.86,True,1,0,2497.88,1387,8,2,6,0,4.183334163611112,APPROVE
SUBSTITUTED_RETURN_CLAIM,3896.13,False,0,0,1609.25,1130,8,3,5,0,5.833334499722222,REQUEST_EVIDENCE
SHORTAGE_CLAIM,1042.14,False,0,0,1868.09,894,8,3,5,0,10.450002476111111,REQUEST_EVIDENCE
WRONG_ITEM_CLAIM,756.27,True,1,1,501.49,1200,6,1,3,0,27.866672717222222,APPROVE
WRONG_ITEM_CLAIM,5057.36,False,0,0,1054.72,796,3,1,1,0,20.683337849166666,REQUEST_EVIDENCE
SUBSTITUTED_RETURN_CLAIM,8888.38,True,1,0,1615.24,142,9,5,3,0,2.816667219722222,ESCALATE
WRONG_ITEM_CLAIM,1642.47,True,1,0,36.57,144,9,2,4,2,12.950002975833334,APPROVE
WRONG_ITEM_CLAIM,526.1,True,1,0,715.72,1294,16,7,8,0,10.633335845555555,APPROVE
SUBSTITUTED_RETURN_CLAIM,6826.62,False,0,0,1966.77,708,10,6,4,0,11.333335985,REQUEST_EVIDENCE
NON_DELIVERY_CLAIM,1919.08,True,1,0,306.82,1305,3,0,3,0,39.61667522611111,APPROVE
SHORTAGE_CLAIM,4233.06,True,1,0,1995.32,497,3,1,1,0,29.066672955555553,APPROVE
SHORTAGE_CLAIM,591.63,True,1,1,2139.33,798,7,1,4,0,7.0500017758333335,DENY
SUBSTITUTED_RETURN_CLAIM,3406.27,True,1,0,2838.78,159,5,2,2,0,10.466669146666668,APPROVE
SUBSTITUTED_RETURN_CLAIM,6535.25,True,1,0,1102.8,303,3,1,2,0,42.81667620527778,ESCALATE
NON_DELIVERY_CLAIM,5551.22,False,0,0,1588.25,1395,6,4,1,1,11.450002674722223,REQUEST_EVIDENCE
SUBSTITUTED_RETURN_CLAIM,2580.78,True,1,1,1650.48,344,8,2,5,1,10.000002388055556,APPROVE
WRONG_ITEM_CLAIM,1610.52,True,1,1,1238.84,400,13,6,4,2,3.9833341225,APPROVE
SHORTAGE_CLAIM,2027.66,True,1,0,929.72,1056,7,3,3,0,29.783339761666667,DENY
SHORTAGE_CLAIM,5043.3,True,1,1,1942.11,581,8,2,6,0,30.00000647027778,ESCALATE
SUBSTITUTED_RETURN_CLAIM,6415.74,False,0,0,2862.47,1034,10,4,5,0,18.60000410611111,REQUEST_EVIDENCE
SUBSTITUTED_RETURN_CLAIM,2847.26,False,0,4,4852.42,1328,7,3,4,0,17.266670510833332,REQUEST_EVIDENCE
NON_DELIVERY_CLAIM,1673.81,True,1,0,219.59,697,5,1,3,1,57.30001278472222,APPROVE
SHORTAGE_CLAIM,2535.92,True,1,0,2700.73,951,6,2,2,1,15.133336754722222,APPROVE
WRONG_ITEM_CLAIM,2141.44,True,1,0,1891.23,1228,7,2,4,0,9.750002339166667,APPROVE
SHORTAGE_CLAIM,2099.14,False,0,0,2401.54,1378,5,1,3,1,0.9500001863888888,REQUEST_EVIDENCE
SUBSTITUTED_RETURN_CLAIM,1214.91,False,0,1,729.14,508,4,0,2,0,13.233336365277777,REQUEST_EVIDENCE
SUBSTITUTED_RETURN_CLAIM,1731.74,True,1,1,927.0,669,10,5,3,1,3.6500007225,APPROVE
SHORTAGE_CLAIM,4738.19,False,0,0,403.46,971,10,5,5,0,4.450000882222223,DENY
SHORTAGE_CLAIM,2602.55,False,0,1,2965.29,1310,8,4,3,0,0.6333334572222222,DENY
SHORTAGE_CLAIM,719.1,False,0,1,1395.76,1224,9,2,7,0,0.8000001566666667,DENY
SUBSTITUTED_RETURN_CLAIM,515.3,False,0,0,458.25,812,3,0,2,0,8.466668756944445,REQUEST_EVIDENCE
NON_DELIVERY_CLAIM,6018.9,True,1,1,1501.43,1229,6,3,2,0,1.2666669147222223,ESCALATE
SHORTAGE_CLAIM,3634.12,True,1,0,2949.04,441,5,2,2,0,44.866676755,APPROVE
SHORTAGE_CLAIM,165.59,True,1,1,919.49,1263,3,1,2,0,42.88334286305555,DENY
SUBSTITUTED_RETURN_CLAIM,4181.31,False,0,0,2908.72,367,12,5,7,0,9.116668881944445,REQUEST_EVIDENCE
SUBSTITUTED_RETURN_CLAIM,5001.93,False,0,0,2477.12,848,7,3,2,0,6.133334555555556,REQUEST_EVIDENCE
WRONG_ITEM_CLAIM,4754.27,True,1,2,2200.43,485,10,5,3,1,2.6000005108333335,APPROVE
SHORTAGE_CLAIM,1814.8,True,1,0,1881.49,123,3,1,2,0,38.61667493666667,DENY
WRONG_ITEM_CLAIM,1705.67,False,0,0,504.4,1236,9,5,3,0,3.9000007708333335,REQUEST_EVIDENCE
SUBSTITUTED_RETURN_CLAIM,980.49,True,1,2,2570.25,731,10,6,4,0,2.416667141388889,APPROVE
SUBSTITUTED_RETURN_CLAIM,5567.13,False,0,0,2563.05,1495,4,1,2,1,9.500002289444446,REQUEST_EVIDENCE
NON_DELIVERY_CLAIM,3564.37,True,1,0,1078.46,677,9,5,2,0,6.050001204444445,APPROVE
SHORTAGE_CLAIM,1567.83,True,1,0,1995.32,497,4,2,1,0,0.5333334375000001,APPROVE
NON_DELIVERY_CLAIM,2404.53,True,1,1,1413.66,1128,8,4,3,0,1.1666668941666667,APPROVE
SHORTAGE_CLAIM,1680.91,False,0,3,4912.45,746,4,1,3,0,8.35000203388889,DENY
SUBSTITUTED_RETURN_CLAIM,5475.39,True,1,0,1552.83,550,6,2,2,0,6.88333471,ESCALATE
NON_DELIVERY_CLAIM,4704.91,False,0,0,2777.03,590,6,4,1,0,9.183335561944444,REQUEST_EVIDENCE
WRONG_ITEM_CLAIM,2268.05,True,1,4,2730.14,542,9,1,6,1,2.216667100277778,APPROVE
WRONG_ITEM_CLAIM,926.86,True,1,1,6091.98,1272,3,1,2,0,7.466668376111111,APPROVE
SUBSTITUTED_RETURN_CLAIM,2839.38,False,0,0,1852.69,354,13,5,6,0,9.483335619444444,REQUEST_EVIDENCE
NON_DELIVERY_CLAIM,3610.77,True,1,1,2491.35,423,16,7,5,1,14.35000325,APPROVE
NON_DELIVERY_CLAIM,2425.29,False,0,0,1505.47,718,9,6,3,0,6.300001253611111,REQUEST_EVIDENCE
SUBSTITUTED_RETURN_CLAIM,3432.22,False,0,0,1390.28,525,13,2,6,2,2.4833338191666665,REQUEST_EVIDENCE
SUBSTITUTED_RETURN_CLAIM,4045.02,True,1,3,2143.16,65,6,1,3,0,6.800001356111111,APPROVE
WRONG_ITEM_CLAIM,5431.33,False,0,0,1199.04,1490,5,2,2,0,2.4500004791666665,REQUEST_EVIDENCE
WRONG_ITEM_CLAIM,3729.9,True,1,0,2732.36,324,9,3,4,0,5.550001100833333,APPROVE
NON_DELIVERY_CLAIM,3183.45,True,1,0,1588.25,1395,7,4,2,1,0.7000001358333333,APPROVE
SHORTAGE_CLAIM,1039.15,True,1,1,2028.7,1373,5,3,1,0,18.033337327222224,DENY
WRONG_ITEM_CLAIM,402.16,True,1,1,2543.95,625,5,0,0,2,4.0333341280555555,APPROVE
WRONG_ITEM_CLAIM,2065.91,False,0,0,132.89,1129,3,2,1,0,18.7333374625,REQUEST_EVIDENCE
SHORTAGE_CLAIM,3054.21,True,1,0,1872.5,1079,6,2,4,0,31.1166733525,APPROVE
SHORTAGE_CLAIM,2339.28,False,0,4,4440.12,1439,7,1,5,1,2.23333377,REQUEST_EVIDENCE
NON_DELIVERY_CLAIM,1548.0,True,1,0,1410.41,768,11,2,9,0,4.350000858611112,APPROVE
SUBSTITUTED_RETURN_CLAIM,2431.01,True,1,0,1891.23,1228,8,3,4,0,0.6666667958333333,APPROVE
NON_DELIVERY_CLAIM,598.53,True,1,0,1011.09,44,7,4,3,0,19.216670893333333,APPROVE
SUBSTITUTED_RETURN_CLAIM,857.9,True,1,0,1391.26,695,5,3,2,0,12.683336253333334,APPROVE
SHORTAGE_CLAIM,5070.98,False,0,0,1756.34,141,10,6,3,0,3.3166673166666665,DENY
SHORTAGE_CLAIM,1792.44,False,0,0,2537.9,338,10,5,4,1,15.283336770833333,DENY
SHORTAGE_CLAIM,2022.12,False,0,0,2626.54,485,4,2,2,0,14.550003289444444,DENY
WRONG_ITEM_CLAIM,3826.72,False,0,0,2270.36,1044,6,3,2,0,23.266671685833334,REQUEST_EVIDENCE
SUBSTITUTED_RETURN_CLAIM,210.89,False,0,0,1976.67,1159,6,1,5,0,20.616671169166665,REQUEST_EVIDENCE
NON_DELIVERY_CLAIM,1862.56,True,1,1,1116.93,995,5,3,1,1,16.533337030833334,APPROVE
SHORTAGE_CLAIM,957.52,True,1,4,1372.8,925,8,3,4,0,13.750003133333333,APPROVE
NON_DELIVERY_CLAIM,4623.6,True,1,1,729.95,695,10,2,7,1,2.083333741666667,APPROVE
NON_DELIVERY_CLAIM,2057.98,False,0,1,529.82,1167,7,5,2,0,15.666670181944443,REQUEST_EVIDENCE
NON_DELIVERY_CLAIM,1460.74,True,1,2,1147.44,996,8,1,7,0,3.716667395833333,APPROVE
SHORTAGE_CLAIM,5341.12,False,0,0,708.46,727,7,4,2,1,3.0500005991666668,REQUEST_EVIDENCE
WRONG_ITEM_CLAIM,4664.54,False,0,3,7364.62,1382,9,1,7,0,2.700000528888889,REQUEST_EVIDENCE
SUBSTITUTED_RETURN_CLAIM,2498.14,False,0,0,1826.98,292,5,3,2,0,3.600000705833333,REQUEST_EVIDENCE
WRONG_ITEM_CLAIM,2302.83,True,1,0,2868.83,1026,13,3,8,0,7.050001403055556,APPROVE
WRONG_ITEM_CLAIM,6893.75,True,1,2,2927.9,734,13,5,5,0,14.066669863055557,ESCALATE
NON_DELIVERY_CLAIM,5633.35,True,1,0,2025.32,231,5,1,2,0,9.183335566944445,ESCALATE
SUBSTITUTED_RETURN_CLAIM,2309.4,False,0,2,1028.01,1424,5,1,3,1,29.86667311416667,REQUEST_EVIDENCE
SHORTAGE_CLAIM,6848.09,False,0,1,1181.39,187,11,2,9,0,21.116671269999998,REQUEST_EVIDENCE
SHORTAGE_CLAIM,892.89,True,1,1,147.09,1367,13,4,8,1,6.650001322777778,APPROVE
NON_DELIVERY_CLAIM,1519.77,True,1,1,1388.64,548,7,2,3,2,8.133335182777778,APPROVE
SHORTAGE_CLAIM,2029.78,False,0,0,109.66,1102,7,2,3,0,22.116671465,REQUEST_EVIDENCE
SUBSTITUTED_RETURN_CLAIM,3497.83,True,1,0,674.43,959,9,4,3,2,31.1333400275,APPROVE
SUBSTITUTED_RETURN_CLAIM,357.72,True,1,1,71.73,430,10,5,5,0,13.483336415,APPROVE
SUBSTITUTED_RETURN_CLAIM,2509.77,True,1,1,2937.77,1046,7,4,3,0,9.016668834166667,APPROVE
NON_DELIVERY_CLAIM,2191.93,False,0,0,1078.46,677,10,6,2,0,0.8166668286111111,REQUEST_EVIDENCE
SUBSTITUTED_RETURN_CLAIM,2243.75,True,1,2,2927.9,734,14,5,5,1,0.1833333688888889,APPROVE
WRONG_ITEM_CLAIM,3094.49,False,0,0,2626.54,485,5,2,2,0,0.4000000805555555,REQUEST_EVIDENCE
WRONG_ITEM_CLAIM,498.59,False,0,3,1830.43,803,6,2,2,2,13.450003074444444,REQUEST_EVIDENCE
WRONG_ITEM_CLAIM,3545.23,False,0,1,2608.25,1173,6,2,3,0,43.350009577499996,REQUEST_EVIDENCE
WRONG_ITEM_CLAIM,2486.94,False,0,1,2012.61,1319,5,2,2,0,33.38334046166667,REQUEST_EVIDENCE
SHORTAGE_CLAIM,2171.48,True,1,0,2290.71,671,10,4,3,2,21.8166714075,DENY
NON_DELIVERY_CLAIM,5090.1,True,1,1,2779.56,743,2,0,2,0,4.433334205277778,ESCALATE
SUBSTITUTED_RETURN_CLAIM,3214.48,True,1,0,570.4,130,5,2,2,1,27.883339256944442,APPROVE
SUBSTITUTED_RETURN_CLAIM,2734.7,True,1,2,13.01,1406,4,3,1,0,3.100000608611111,APPROVE
NON_DELIVERY_CLAIM,732.12,False,0,0,682.94,107,7,3,4,0,7.66666819638889,REQUEST_EVIDENCE
NON_DELIVERY_CLAIM,1381.09,False,0,0,1235.28,951,4,2,2,0,38.48334150527778,REQUEST_EVIDENCE
NON_DELIVERY_CLAIM,1849.84,True,1,0,527.31,1421,2,1,1,0,60.100013340555556,APPROVE
NON_DELIVERY_CLAIM,7436.72,True,1,0,238.21,41,5,4,1,0,3.283333978611111,ESCALATE
SUBSTITUTED_RETURN_CLAIM,1299.23,True,1,1,2764.6,1017,5,1,3,1,40.85000877472222,APPROVE
NON_DELIVERY_CLAIM,3640.67,False,0,0,1609.25,1130,9,3,6,0,1.7333336747222223,REQUEST_EVIDENCE
WRONG_ITEM_CLAIM,800.86,True,1,1,575.65,1191,4,2,2,0,5.100001008333333,APPROVE
SUBSTITUTED_RETURN_CLAIM,3941.67,False,0,0,2990.55,1063,8,1,4,1,28.10000596611111,REQUEST_EVIDENCE
WRONG_ITEM_CLAIM,793.86,True,1,0,1235.28,951,5,2,3,0,0.11666668972222223,APPROVE
SUBSTITUTED_RETURN_CLAIM,1633.53,False,0,0,1891.95,116,5,3,1,0,4.2333341650000005,REQUEST_EVIDENCE
SUBSTITUTED_RETURN_CLAIM,1873.31,False,0,0,2700.73,951,7,3,2,1,1.466666955,REQUEST_EVIDENCE
SHORTAGE_CLAIM,988.74,True,1,0,2971.85,1093,7,5,2,0,6.650001319166667,APPROVE
NON_DELIVERY_CLAIM,1687.59,False,0,3,1723.01,324,9,1,5,0,2.0666670722222222,REQUEST_EVIDENCE
SUBSTITUTED_RETURN_CLAIM,2050.53,True,1,0,1889.59,1192,12,3,2,1,8.800002119722222,APPROVE
SHORTAGE_CLAIM,1922.27,True,1,1,2820.88,58,10,3,5,0,3.050000598888889,APPROVE
NON_DELIVERY_CLAIM,5326.35,True,1,0,2607.02,36,5,2,3,0,49.71667793583333,ESCALATE
WRONG_ITEM_CLAIM,2049.14,False,0,1,1181.39,187,12,2,10,0,0.5500001072222223,REQUEST_EVIDENCE
NON_DELIVERY_CLAIM,4393.46,False,0,0,853.61,40,8,2,3,2,11.983336110833333,REQUEST_EVIDENCE
SUBSTITUTED_RETURN_CLAIM,2008.27,False,0,0,2461.28,974,6,1,4,1,13.100002999444445,REQUEST_EVIDENCE
WRONG_ITEM_CLAIM,745.48,False,0,0,2710.76,1279,4,1,3,0,7.133334749166667,REQUEST_EVIDENCE
SHORTAGE_CLAIM,2792.95,True,1,0,529.85,1355,8,3,2,0,6.5500012977777775,DENY
NON_DELIVERY_CLAIM,3290.38,False,0,1,413.98,879,4,1,2,1,34.86667408611111,REQUEST_EVIDENCE
SUBSTITUTED_RETURN_CLAIM,1198.16,True,1,0,1556.83,296,7,2,2,0,41.06667547888889,APPROVE
SUBSTITUTED_RETURN_CLAIM,5181.56,False,0,0,1526.47,1053,5,3,1,0,59.96667997555556,REQUEST_EVIDENCE
SUBSTITUTED_RETURN_CLAIM,5020.87,True,1,1,2637.72,942,12,6,5,1,2.133333752777778,ESCALATE
NON_DELIVERY_CLAIM,1548.09,False,0,4,4223.44,239,9,5,4,0,20.750004529166667,REQUEST_EVIDENCE
NON_DELIVERY_CLAIM,2495.95,False,0,0,2434.37,829,5,1,3,1,25.650005485555557,REQUEST_EVIDENCE
SUBSTITUTED_RETURN_CLAIM,2164.54,False,0,1,375.12,773,8,3,2,2,18.266670709444444,REQUEST_EVIDENCE
SHORTAGE_CLAIM,2495.36,False,0,0,2434.37,829,6,1,4,1,0.033333339999999996,REQUEST_EVIDENCE
SUBSTITUTED_RETURN_CLAIM,664.06,False,0,0,1619.84,904,11,5,6,0,3.666667386388889,REQUEST_EVIDENCE
SUBSTITUTED_RETURN_CLAIM,4952.9,True,1,1,2608.25,1173,7,2,4,0,0.6000001172222222,APPROVE
NON_DELIVERY_CLAIM,4141.64,False,0,0,2022.48,906,2,2,0,0,116.4166926486111,REQUEST_EVIDENCE
NON_DELIVERY_CLAIM,3247.84,True,1,0,2687.1,194,8,4,3,0,6.800001347777777,APPROVE
NON_DELIVERY_CLAIM,572.69,True,1,0,764.99,978,5,2,3,0,21.833338076666667,APPROVE
NON_DELIVERY_CLAIM,2524.74,True,1,0,2022.48,906,3,2,1,0,0.05000001,APPROVE
SHORTAGE_CLAIM,1695.8,True,1,1,1327.74,908,7,3,3,1,5.933334505833333,DENY
SUBSTITUTED_RETURN_CLAIM,3687.86,False,0,1,278.85,49,6,3,1,1,16.716670389166666,REQUEST_EVIDENCE
SHORTAGE_CLAIM,7633.94,False,0,0,2837.06,1295,8,7,1,0,5.483334416111111,REQUEST_EVIDENCE
WRONG_ITEM_CLAIM,1548.89,True,1,1,1368.62,216,4,1,2,0,36.450007728888885,APPROVE
SHORTAGE_CLAIM,904.58,True,1,0,1918.58,306,7,1,5,1,13.416669728333334,APPROVE
WRONG_ITEM_CLAIM,337.86,False,0,0,1078.46,677,11,6,3,0,0.8333334961111112,REQUEST_EVIDENCE
SUBSTITUTED_RETURN_CLAIM,705.44,False,0,0,1623.43,668,9,2,5,0,33.45000714194444,REQUEST_EVIDENCE
WRONG_ITEM_CLAIM,1373.86,False,0,0,779.42,664,9,3,6,0,15.233336758333333,REQUEST_EVIDENCE
WRONG_ITEM_CLAIM,5015.58,False,0,1,1942.11,581,9,2,6,1,2.0833337427777776,REQUEST_EVIDENCE
WRONG_ITEM_CLAIM,417.57,True,1,0,1406.09,335,8,5,3,0,3.116667278888889,APPROVE
SHORTAGE_CLAIM,2864.33,False,0,1,1842.87,1477,4,1,2,1,74.4833498075,REQUEST_EVIDENCE
SHORTAGE_CLAIM,4768.92,False,0,0,1354.61,160,5,3,2,0,12.683336249166668,REQUEST_EVIDENCE
SUBSTITUTED_RETURN_CLAIM,2166.71,False,0,1,1936.96,89,7,2,3,0,14.733336660277779,REQUEST_EVIDENCE
SUBSTITUTED_RETURN_CLAIM,1311.37,True,1,1,5658.33,815,7,2,4,0,9.716668968888888,APPROVE
SUBSTITUTED_RETURN_CLAIM,2794.96,True,1,1,1424.61,837,7,6,0,1,6.433334604444444,APPROVE
SHORTAGE_CLAIM,2443.44,True,1,0,1162.58,266,10,3,7,0,2.8500005591666664,DENY
NON_DELIVERY_CLAIM,821.49,False,0,0,1552.83,550,7,2,2,1,1.7666670141666665,REQUEST_EVIDENCE
SHORTAGE_CLAIM,1876.16,True,1,1,2376.38,298,7,3,4,0,16.916670425555555,APPROVE
SUBSTITUTED_RETURN_CLAIM,4043.41,True,1,1,1947.29,876,5,4,1,0,29.666673011944443,APPROVE
NON_DELIVERY_CLAIM,854.08,False,0,1,263.39,822,9,4,4,1,16.883337085555553,REQUEST_EVIDENCE
WRONG_ITEM_CLAIM,2441.2,False,0,2,2248.0,883,6,2,2,0,43.26667607194444,REQUEST_EVIDENCE
SHORTAGE_CLAIM,1559.27,True,1,0,175.51,864,2,1,1,0,17.183337146944442,APPROVE
WRONG_ITEM_CLAIM,873.68,False,0,0,1267.61,782,8,3,5,0,11.78333607111111,REQUEST_EVIDENCE
SUBSTITUTED_RETURN_CLAIM,521.35,True,1,1,1630.5,299,6,0,3,1,26.283338942500002,APPROVE
SUBSTITUTED_RETURN_CLAIM,1227.98,True,1,1,2836.1,281,3,2,1,0,51.133344879166664,APPROVE
SUBSTITUTED_RETURN_CLAIM,1545.04,False,0,0,432.47,1238,5,1,3,0,20.05000439138889,REQUEST_EVIDENCE
NON_DELIVERY_CLAIM,1326.34,False,0,1,2167.23,520,5,3,0,0,41.53334222527778,REQUEST_EVIDENCE
SHORTAGE_CLAIM,8591.27,False,0,0,1238.88,94,6,2,3,1,10.566669170277779,DENY
SUBSTITUTED_RETURN_CLAIM,2106.98,True,1,3,1116.41,1003,6,3,2,0,48.18334429277778,APPROVE
NON_DELIVERY_CLAIM,6280.42,False,0,1,212.1,313,9,1,6,0,29.733339681111108,REQUEST_EVIDENCE
SUBSTITUTED_RETURN_CLAIM,3312.73,True,1,0,2018.41,285,5,3,2,0,36.15000766972222,APPROVE
WRONG_ITEM_CLAIM,4086.8,True,1,1,1241.96,1185,5,2,1,1,49.51667789277777,APPROVE
SUBSTITUTED_RETURN_CLAIM,2667.49,False,0,2,1649.74,1130,4,0,3,0,80.61668491361111,REQUEST_EVIDENCE
SHORTAGE_CLAIM,2371.18,False,0,2,943.51,207,6,2,2,0,5.816667813611112,REQUEST_EVIDENCE
SUBSTITUTED_RETURN_CLAIM,7549.93,False,0,1,2090.63,455,6,2,3,1,8.033334926111111,REQUEST_EVIDENCE
SHORTAGE_CLAIM,1615.47,False,0,1,252.84,1308,1,1,0,0,67.43334811416666,DENY
SUBSTITUTED_RETURN_CLAIM,2475.21,True,1,1,1055.05,385,5,1,4,0,10.78333588111111,APPROVE
SHORTAGE_CLAIM,2565.4,True,1,1,643.71,411,8,4,2,1,6.933334705277777,APPROVE
SUBSTITUTED_RETURN_CLAIM,4779.45,False,0,0,1733.76,1392,9,5,4,0,13.583336427222223,REQUEST_EVIDENCE
SHORTAGE_CLAIM,1068.5,False,0,0,1211.98,1085,7,2,4,0,4.733334265277778,DENY
WRONG_ITEM_CLAIM,607.96,False,0,1,2028.7,1373,6,3,1,0,1.966667056388889,REQUEST_EVIDENCE
SHORTAGE_CLAIM,1554.65,True,1,0,403.46,971,11,5,5,0,2.4833338224999997,APPROVE
NON_DELIVERY_CLAIM,966.25,False,0,0,2915.57,785,6,2,3,0,34.91667409638889,REQUEST_EVIDENCE
WRONG_ITEM_CLAIM,858.46,True,1,1,478.11,179,10,5,5,0,17.6500039175,APPROVE
SHORTAGE_CLAIM,3675.87,True,1,0,2212.84,568,7,2,5,0,8.316668318055555,APPROVE
WRONG_ITEM_CLAIM,730.9,True,1,2,1440.03,329,3,0,2,0,8.300001648055556,APPROVE
NON_DELIVERY_CLAIM,2753.51,False,0,0,273.08,77,3,0,1,0,78.05001748694445,REQUEST_EVIDENCE
SUBSTITUTED_RETURN_CLAIM,2384.61,False,0,2,1151.45,648,10,2,6,0,15.266670098333332,REQUEST_EVIDENCE
SHORTAGE_CLAIM,1292.12,False,0,0,2198.87,770,7,2,2,2,6.416667934166666,DENY
SHORTAGE_CLAIM,1672.49,False,0,0,2786.9,1381,7,2,5,0,20.80000453861111,REQUEST_EVIDENCE
SUBSTITUTED_RETURN_CLAIM,1918.47,True,1,0,1382.98,1352,7,2,2,1,10.316669088333333,APPROVE
NON_DELIVERY_CLAIM,2266.06,True,1,4,5309.57,1456,8,1,6,1,6.683334654444444,APPROVE
NON_DELIVERY_CLAIM,798.05,False,0,0,2307.02,190,7,4,3,0,24.816671994444444,REQUEST_EVIDENCE
NON_DELIVERY_CLAIM,1307.52,False,0,1,1413.66,1128,9,5,3,0,2.4166671441666665,REQUEST_EVIDENCE
SUBSTITUTED_RETURN_CLAIM,267.66,True,1,0,852.3,428,5,1,1,2,25.86667219888889,APPROVE
WRONG_ITEM_CLAIM,2180.18,False,0,1,4623.76,328,7,4,2,0,9.28333518388889,REQUEST_EVIDENCE
SUBSTITUTED_RETURN_CLAIM,2235.94,True,1,1,375.12,773,9,3,3,2,1.0666668775,APPROVE
SUBSTITUTED_RETURN_CLAIM,2915.9,True,1,0,2165.02,448,6,3,2,0,10.383335768611111,APPROVE
NON_DELIVERY_CLAIM,2120.71,True,1,0,629.05,373,5,4,1,0,9.316668523055556,APPROVE
SUBSTITUTED_RETURN_CLAIM,1032.64,False,0,0,2668.27,652,9,2,5,1,17.833337276666665,REQUEST_EVIDENCE
NON_DELIVERY_CLAIM,940.4,False,0,4,4067.54,1449,9,3,3,1,7.400001463333334,REQUEST_EVIDENCE
WRONG_ITEM_CLAIM,7993.09,False,0,0,1388.73,1387,8,3,4,1,12.18333615138889,REQUEST_EVIDENCE
NON_DELIVERY_CLAIM,4329.13,True,1,4,3769.08,707,9,2,6,1,12.833336278611112,APPROVE
SHORTAGE_CLAIM,1330.96,True,1,2,6873.23,1296,8,4,1,1,17.21667048388889,APPROVE
NON_DELIVERY_CLAIM,2401.19,True,1,0,2390.46,429,6,3,3,0,8.550001695277778,APPROVE
SUBSTITUTED_RETURN_CLAIM,1685.42,False,0,0,2835.58,866,8,5,1,0,5.566667761666666,REQUEST_EVIDENCE
WRONG_ITEM_CLAIM,2249.15,True,1,4,4440.12,1439,8,1,6,1,2.3333337947222224,APPROVE
SUBSTITUTED_RETURN_CLAIM,4383.43,False,0,0,1015.1,929,6,2,3,1,60.000013313888886,REQUEST_EVIDENCE
WRONG_ITEM_CLAIM,1177.84,False,0,1,1598.16,1087,12,8,4,0,13.683336446944443,REQUEST_EVIDENCE
WRONG_ITEM_CLAIM,3044.97,True,1,0,2257.68,521,7,3,3,1,18.250004037222222,APPROVE
WRONG_ITEM_CLAIM,5544.79,True,1,0,1526.47,1053,6,3,2,0,1.366666936388889,ESCALATE
SUBSTITUTED_RETURN_CLAIM,1408.98,True,1,0,209.52,845,3,1,2,0,24.833338664722223,APPROVE
NON_DELIVERY_CLAIM,7617.46,True,1,0,1758.48,1387,8,3,4,0,5.183334353055555,ESCALATE
SUBSTITUTED_RETURN_CLAIM,2083.57,False,0,1,6121.48,623,6,4,2,0,7.833334882777778,REQUEST_EVIDENCE
NON_DELIVERY_CLAIM,2107.1,False,0,0,2223.89,128,4,2,0,1,18.283337375000002,REQUEST_EVIDENCE
WRONG_ITEM_CLAIM,6595.15,True,1,0,255.46,1478,7,4,1,0,14.35000324388889,ESCALATE
SUBSTITUTED_RETURN_CLAIM,1559.07,False,0,2,1389.01,1130,10,1,7,0,5.583334432222222,REQUEST_EVIDENCE
NON_DELIVERY_CLAIM,3786.99,True,1,1,1936.0,535,4,1,2,0,10.700002494166666,APPROVE
WRONG_ITEM_CLAIM,4904.75,False,0,0,1777.89,424,6,2,1,0,16.066670257222224,REQUEST_EVIDENCE
WRONG_ITEM_CLAIM,2469.95,False,0,1,789.95,125,12,6,5,1,4.050000796388889,REQUEST_EVIDENCE
NON_DELIVERY_CLAIM,2725.63,False,0,1,2639.85,1195,8,1,6,0,4.150000816111111,REQUEST_EVIDENCE
SHORTAGE_CLAIM,2295.49,False,0,0,1346.53,40,6,1,4,1,8.700001724444444,DENY
SHORTAGE_CLAIM,6114.77,False,0,1,2600.32,1404,9,4,4,1,19.100004203055555,REQUEST_EVIDENCE
SUBSTITUTED_RETURN_CLAIM,3386.76,False,0,0,565.44,1145,8,3,4,0,6.66666798138889,REQUEST_EVIDENCE
WRONG_ITEM_CLAIM,4056.98,True,1,1,2167.23,520,6,3,1,0,0.9666668572222222,APPROVE
SHORTAGE_CLAIM,1816.95,False,0,1,1950.93,1366,10,6,4,0,27.400005829166666,REQUEST_EVIDENCE
SHORTAGE_CLAIM,1464.83,True,1,0,2106.67,138,4,3,1,0,48.50001085805555,APPROVE
NON_DELIVERY_CLAIM,1300.8,False,0,0,2448.84,940,8,2,5,0,10.666669155277777,REQUEST_EVIDENCE
SUBSTITUTED_RETURN_CLAIM,2550.53,False,0,0,2000.03,857,11,3,7,1,13.533336418055555,REQUEST_EVIDENCE
NON_DELIVERY_CLAIM,1024.89,False,0,2,943.51,207,7,2,3,0,0.9333335191666666,REQUEST_EVIDENCE
SUBSTITUTED_RETURN_CLAIM,2570.78,True,1,2,1281.33,1208,10,3,4,3,48.41667748805556,APPROVE
WRONG_ITEM_CLAIM,2200.7,True,1,2,2631.28,1030,7,3,3,1,19.483337618055558,APPROVE
WRONG_ITEM_CLAIM,1901.38,False,0,4,2208.59,1283,6,3,2,0,15.266670097777777,REQUEST_EVIDENCE
WRONG_ITEM_CLAIM,1543.11,True,1,0,2112.42,282,7,2,5,0,24.516671938055556,APPROVE
SHORTAGE_CLAIM,2422.85,False,0,1,2411.9,437,7,2,5,0,14.20000321611111,REQUEST_EVIDENCE
SUBSTITUTED_RETURN_CLAIM,2033.95,False,0,0,2290.71,671,11,4,3,2,2.2333337744444446,REQUEST_EVIDENCE
SUBSTITUTED_RETURN_CLAIM,1683.94,True,1,0,2057.04,602,5,3,2,0,10.300002091944446,APPROVE
SUBSTITUTED_RETURN_CLAIM,607.43,False,0,1,1842.87,1477,5,1,3,1,1.4500002877777778,REQUEST_EVIDENCE
SHORTAGE_CLAIM,697.69,False,0,0,2022.07,443,8,3,2,1,6.016667851388889,REQUEST_EVIDENCE
SHORTAGE_CLAIM,6557.57,True,1,1,85.12,1219,5,2,3,0,12.200002824166667,DENY
SUBSTITUTED_RETURN_CLAIM,4625.3,False,0,0,2449.48,683,5,1,2,1,40.600008583333334,REQUEST_EVIDENCE
WRONG_ITEM_CLAIM,138.59,False,0,4,5784.57,267,5,0,3,0,17.73333725333333,REQUEST_EVIDENCE
NON_DELIVERY_CLAIM,2202.27,False,0,0,2595.2,1207,9,5,4,0,6.400001259722222,REQUEST_EVIDENCE
WRONG_ITEM_CLAIM,1992.44,True,1,0,1381.11,648,5,2,2,0,6.450001269722223,APPROVE
SUBSTITUTED_RETURN_CLAIM,3064.04,False,0,0,113.72,797,5,1,4,0,46.06667680444444,REQUEST_EVIDENCE
WRONG_ITEM_CLAIM,5342.0,False,0,1,729.95,695,11,3,7,1,2.7833338830555556,REQUEST_EVIDENCE
WRONG_ITEM_CLAIM,3211.84,False,0,0,2736.31,1438,7,2,5,0,18.266670693333335,REQUEST_EVIDENCE
SUBSTITUTED_RETURN_CLAIM,2107.79,True,1,0,2668.09,1034,10,4,4,1,11.166669253333334,APPROVE
SHORTAGE_CLAIM,2092.66,False,0,0,1183.05,1094,5,2,2,1,24.566671948055554,REQUEST_EVIDENCE
SUBSTITUTED_RETURN_CLAIM,1791.64,False,0,1,2759.07,1122,13,7,4,2,20.100004403611113,REQUEST_EVIDENCE
SUBSTITUTED_RETURN_CLAIM,1861.01,True,1,0,1672.02,1474,2,0,2,0,47.88334397027778,APPROVE
SHORTAGE_CLAIM,2444.52,False,0,0,816.4,580,7,4,3,0,4.916667633888889,REQUEST_EVIDENCE
SUBSTITUTED_RETURN_CLAIM,3800.65,False,0,0,1312.07,1356,9,3,6,0,20.450004472222222,REQUEST_EVIDENCE
NON_DELIVERY_CLAIM,1387.99,True,1,1,1649.9,1210,11,5,6,0,11.350002625277778,APPROVE
WRONG_ITEM_CLAIM,3544.02,False,0,4,3300.33,987,7,3,4,0,13.650003106111111,REQUEST_EVIDENCE
SUBSTITUTED_RETURN_CLAIM,1290.84,False,0,1,2512.43,879,2,0,2,0,50.46667808083333,REQUEST_EVIDENCE
SHORTAGE_CLAIM,5456.56,False,0,4,2786.15,609,8,4,4,0,23.650005100555557,REQUEST_EVIDENCE
WRONG_ITEM_CLAIM,2491.38,False,0,2,230.84,164,8,3,5,0,46.166676815833334,REQUEST_EVIDENCE
WRONG_ITEM_CLAIM,940.4,True,1,4,4067.54,1449,10,3,4,1,0.9666668583333333,APPROVE
SUBSTITUTED_RETURN_CLAIM,1518.39,False,0,0,2000.03,857,12,3,8,1,0.5166667688888888,REQUEST_EVIDENCE
SUBSTITUTED_RETURN_CLAIM,544.11,False,0,4,1372.8,925,9,4,4,0,3.0500006025,REQUEST_EVIDENCE
NON_DELIVERY_CLAIM,4978.6,True,1,0,1567.0,236,9,2,5,1,13.566669758055555,APPROVE
SUBSTITUTED_RETURN_CLAIM,912.01,False,0,0,2608.42,1264,9,3,5,1,9.350001853611111,REQUEST_EVIDENCE
NON_DELIVERY_CLAIM,2438.4,True,1,1,2629.18,188,9,5,2,0,8.150001611111112,APPROVE
WRONG_ITEM_CLAIM,932.32,True,1,0,630.71,566,4,2,2,0,23.88333848083333,APPROVE
WRONG_ITEM_CLAIM,138.23,True,1,0,835.7,465,11,4,5,1,18.33333737111111,APPROVE
SHORTAGE_CLAIM,4346.43,True,1,1,416.38,1493,12,3,7,0,7.600001501111111,APPROVE
NON_DELIVERY_CLAIM,645.24,False,0,1,2521.92,1435,16,5,9,0,7.833334881666667,REQUEST_EVIDENCE
SHORTAGE_CLAIM,287.72,False,0,0,2777.03,590,7,4,2,0,3.6166673808333334,REQUEST_EVIDENCE
SUBSTITUTED_RETURN_CLAIM,7048.5,False,0,2,1410.03,388,8,4,3,1,18.6666707725,REQUEST_EVIDENCE
WRONG_ITEM_CLAIM,1032.78,True,1,1,2934.07,678,6,3,1,1,14.316669904722223,APPROVE
SHORTAGE_CLAIM,6721.1,False,0,1,2610.6,117,3,1,2,0,25.95000555138889,DENY
NON_DELIVERY_CLAIM,1275.06,False,0,0,2356.6,1100,5,4,1,0,33.3833404725,REQUEST_EVIDENCE
SUBSTITUTED_RETURN_CLAIM,964.67,False,0,0,1085.35,477,5,1,4,0,20.550004492499998,REQUEST_EVIDENCE
NON_DELIVERY_CLAIM,1181.5,True,1,1,789.95,125,13,6,6,1,0.9166668477777778,APPROVE
WRONG_ITEM_CLAIM,2383.62,True,1,1,2247.27,588,1,0,1,0,9.366668521666666,APPROVE
SHORTAGE_CLAIM,2079.98,True,1,1,375.12,773,10,4,3,2,1.3333335955555556,APPROVE
SUBSTITUTED_RETURN_CLAIM,1497.83,False,0,0,1976.67,1159,7,1,6,0,3.3666673302777776,REQUEST_EVIDENCE
SUBSTITUTED_RETURN_CLAIM,1617.22,False,0,1,7706.23,1466,5,1,4,0,33.183340433333335,REQUEST_EVIDENCE
SUBSTITUTED_RETURN_CLAIM,898.36,False,0,0,2140.11,635,8,2,4,2,16.916670424722223,REQUEST_EVIDENCE
SHORTAGE_CLAIM,6036.71,True,1,1,1437.06,272,9,5,3,1,12.716669593055556,ESCALATE
SHORTAGE_CLAIM,1364.49,True,1,0,2817.46,452,6,4,2,0,18.133337329444444,APPROVE
NON_DELIVERY_CLAIM,259.02,True,1,0,2065.84,623,7,3,4,0,24.166671869166667,APPROVE
SUBSTITUTED_RETURN_CLAIM,6080.91,False,0,0,1106.94,827,8,4,1,1,18.816670801666668,REQUEST_EVIDENCE
SUBSTITUTED_RETURN_CLAIM,1307.35,False,0,1,375.12,773,11,5,3,2,0.1333333597222222,REQUEST_EVIDENCE
SUBSTITUTED_RETURN_CLAIM,2465.22,True,1,0,1284.44,155,7,2,4,1,6.033334519444445,APPROVE
NON_DELIVERY_CLAIM,1451.22,False,0,1,2480.47,1082,9,3,4,0,8.33333498,REQUEST_EVIDENCE
SHORTAGE_CLAIM,1698.78,False,0,0,827.89,809,7,4,1,0,48.316677374166666,DENY
SUBSTITUTED_RETURN_CLAIM,1363.67,True,1,0,2786.9,1381,8,2,6,0,1.6500003258333333,APPROVE
SHORTAGE_CLAIM,607.29,False,0,1,643.71,411,9,5,2,1,1.8666670344444445,DENY
WRONG_ITEM_CLAIM,1223.26,False,0,0,2390.3,1438,5,2,1,2,32.000006827777774,REQUEST_EVIDENCE
SHORTAGE_CLAIM,2105.57,True,1,0,816.4,580,8,4,4,0,0.6666667986111111,DENY
NON_DELIVERY_CLAIM,5923.92,False,0,0,2987.88,692,3,2,1,0,9.48333521111111,REQUEST_EVIDENCE
NON_DELIVERY_CLAIM,2355.79,True,1,0,504.4,1236,10,5,4,0,4.166667488055555,APPROVE
SUBSTITUTED_RETURN_CLAIM,6077.88,False,0,0,2768.56,570,8,2,6,0,11.03333553888889,REQUEST_EVIDENCE
SHORTAGE_CLAIM,2163.61,True,1,3,6481.9,1496,5,4,0,1,7.883334888888889,APPROVE
WRONG_ITEM_CLAIM,2460.39,False,0,3,1312.78,743,7,1,4,1,17.30000383361111,REQUEST_EVIDENCE
NON_DELIVERY_CLAIM,4210.5,True,1,0,64.48,478,9,4,4,1,6.3500012491666675,APPROVE
SUBSTITUTED_RETURN_CLAIM,758.52,False,0,1,417.04,186,8,4,4,0,11.033335529166667,REQUEST_EVIDENCE
SHORTAGE_CLAIM,7064.57,True,1,0,2971.85,1093,8,6,2,0,3.050000600833333,DENY
SHORTAGE_CLAIM,9508.45,True,1,0,2971.85,1093,9,6,2,0,0.01666666972222222,ESCALATE
WRONG_ITEM_CLAIM,3533.97,True,1,0,1806.06,369,7,3,1,0,24.050005179444444,APPROVE
NON_DELIVERY_CLAIM,1332.04,True,1,1,919.49,1263,4,1,2,0,4.400000867222222,APPROVE
SUBSTITUTED_RETURN_CLAIM,561.88,True,1,0,257.12,867,5,1,4,0,66.01668116583333,APPROVE
NON_DELIVERY_CLAIM,1688.32,False,0,0,993.28,1018,7,3,4,0,8.916668428055555,REQUEST_EVIDENCE
NON_DELIVERY_CLAIM,4327.34,False,0,1,919.49,1263,5,2,2,0,0.05000001027777778,REQUEST_EVIDENCE
NON_DELIVERY_CLAIM,1603.4,False,0,0,2250.51,675,5,3,1,1,46.416676815,REQUEST_EVIDENCE
WRONG_ITEM_CLAIM,2140.77,False,0,4,2326.22,652,7,3,3,1,8.65000170861111,REQUEST_EVIDENCE
SHORTAGE_CLAIM,1126.68,False,0,0,66.11,1138,8,3,5,0,9.033335119444445,REQUEST_EVIDENCE
SUBSTITUTED_RETURN_CLAIM,1986.7,True,1,0,886.67,1052,9,3,4,0,40.100008448888886,APPROVE
SHORTAGE_CLAIM,2208.72,False,0,0,2211.35,1152,13,5,6,1,6.100001201666666,REQUEST_EVIDENCE
SHORTAGE_CLAIM,2134.0,True,1,0,1630.29,1217,8,4,2,1,24.583338619444444,APPROVE
SUBSTITUTED_RETURN_CLAIM,2337.81,False,0,0,886.67,1052,10,4,4,0,0.050000009722222225,REQUEST_EVIDENCE
WRONG_ITEM_CLAIM,2485.73,True,1,0,2351.4,647,11,4,4,2,8.91666842861111,APPROVE
SUBSTITUTED_RETURN_CLAIM,559.52,True,1,0,2881.03,120,7,3,3,1,7.233334758611112,APPROVE
WRONG_ITEM_CLAIM,2336.68,False,0,1,1877.38,740,8,2,5,0,25.066672047777775,REQUEST_EVIDENCE
NON_DELIVERY_CLAIM,521.76,False,0,2,296.06,58,10,5,3,1,8.600001698888889,REQUEST_EVIDENCE
SUBSTITUTED_RETURN_CLAIM,504.77,False,0,0,1513.26,277,4,1,1,0,9.933335300555555,REQUEST_EVIDENCE
SUBSTITUTED_RETURN_CLAIM,5229.44,True,1,0,2689.85,1455,3,3,0,0,5.450001073333333,ESCALATE
NON_DELIVERY_CLAIM,918.18,True,1,1,1507.18,69,6,3,1,2,11.5500023225,APPROVE
SHORTAGE_CLAIM,1504.65,False,0,0,780.67,1333,6,4,2,0,26.966672418888887,REQUEST_EVIDENCE
NON_DELIVERY_CLAIM,8084.89,True,1,1,1877.38,740,9,2,6,0,0.10000001944444445,ESCALATE
SHORTAGE_CLAIM,8034.33,False,0,0,2721.73,1144,4,3,1,0,33.53334050111111,REQUEST_EVIDENCE
SUBSTITUTED_RETURN_CLAIM,542.89,True,1,0,287.75,419,7,1,5,0,15.133336733333332,APPROVE
SHORTAGE_CLAIM,3572.02,True,1,0,2067.07,653,8,3,4,0,24.033338510555552,APPROVE
SHORTAGE_CLAIM,739.45,False,0,0,2817.42,535,8,3,5,0,17.950003961944443,DENY
WRONG_ITEM_CLAIM,3834.48,False,0,0,1697.44,1287,7,3,3,1,17.150003801666667,REQUEST_EVIDENCE
SUBSTITUTED_RETURN_CLAIM,2523.22,False,0,1,622.39,1115,9,3,5,0,18.56667075083333,REQUEST_EVIDENCE
WRONG_ITEM_CLAIM,4275.75,False,0,0,1074.26,830,9,5,2,0,14.200003216666666,REQUEST_EVIDENCE
SUBSTITUTED_RETURN_CLAIM,798.05,True,1,0,2307.02,190,8,4,4,0,2.283333783333333,APPROVE
NON_DELIVERY_CLAIM,5323.24,False,0,0,1406.09,335,9,6,3,0,3.016667262222222,REQUEST_EVIDENCE
SHORTAGE_CLAIM,1591.93,True,1,0,1593.19,218,6,1,4,0,14.916670023055556,APPROVE
SUBSTITUTED_RETURN_CLAIM,5234.06,False,0,0,273.08,77,4,0,2,0,2.4333338125,REQUEST_EVIDENCE
WRONG_ITEM_CLAIM,5848.5,False,0,0,2140.11,635,9,2,5,2,0.9000001774999999,REQUEST_EVIDENCE
NON_DELIVERY_CLAIM,3364.46,True,1,1,2871.29,867,6,4,1,0,10.91666883111111,APPROVE
SUBSTITUTED_RETURN_CLAIM,813.46,True,1,0,2307.02,190,9,5,4,0,0.10000001916666666,APPROVE
NON_DELIVERY_CLAIM,3400.5,True,1,0,146.85,112,9,5,4,0,18.116670660277777,APPROVE
SHORTAGE_CLAIM,2496.37,False,0,0,2155.79,1062,4,0,4,0,9.633335238333334,DENY
NON_DELIVERY_CLAIM,2143.03,False,0,1,2018.9,283,7,4,3,0,11.0666688625,REQUEST_EVIDENCE
NON_DELIVERY_CLAIM,3560.63,False,0,0,2579.12,1380,4,0,1,1,54.40001219277778,REQUEST_EVIDENCE
WRONG_ITEM_CLAIM,3274.35,True,1,2,1440.03,329,4,1,2,0,2.5833338469444445,APPROVE
WRONG_ITEM_CLAIM,904.79,False,0,0,2228.78,828,11,4,7,0,29.400006229166667,REQUEST_EVIDENCE
WRONG_ITEM_CLAIM,964.06,False,0,0,351.03,564,11,5,5,1,28.500006055,REQUEST_EVIDENCE
SHORTAGE_CLAIM,1272.96,False,0,2,1028.01,1424,6,1,4,1,4.266667511388889,DENY
SHORTAGE_CLAIM,6545.91,True,1,1,3875.66,793,14,5,6,0,14.516669949166666,DENY
SHORTAGE_CLAIM,2394.63,True,1,0,1420.26,1380,6,4,2,0,10.200002021944444,APPROVE
NON_DELIVERY_CLAIM,902.7,False,0,0,2626.54,485,6,2,3,0,4.150000821666667,REQUEST_EVIDENCE
WRONG_ITEM_CLAIM,2431.69,False,0,0,2255.89,238,7,1,1,1,21.883338093333332,REQUEST_EVIDENCE
WRONG_ITEM_CLAIM,6163.64,True,1,0,2056.53,1166,10,6,3,0,10.983335513611111,ESCALATE
NON_DELIVERY_CLAIM,3245.7,False,0,1,2292.48,481,11,5,6,0,13.283336345277776,REQUEST_EVIDENCE
SHORTAGE_CLAIM,7797.68,True,1,0,2881.03,120,8,4,3,1,0.6000001213888889,DENY
WRONG_ITEM_CLAIM,1861.58,False,0,0,2141.3,1469,10,4,5,1,10.416668732222222,REQUEST_EVIDENCE
SUBSTITUTED_RETURN_CLAIM,1812.11,True,1,2,981.87,220,5,2,0,2,18.866670812499997,APPROVE
SHORTAGE_CLAIM,3314.42,False,0,3,3920.1,35,9,5,1,0,15.900003553611112,DENY
NON_DELIVERY_CLAIM,3160.52,False,0,0,393.83,1371,7,3,3,1,23.250005027222223,REQUEST_EVIDENCE
NON_DELIVERY_CLAIM,2214.37,False,0,0,2607.02,36,6,2,3,1,3.9166674430555557,REQUEST_EVIDENCE
WRONG_ITEM_CLAIM,1919.38,True,1,1,3619.51,516,5,2,2,0,27.78333924888889,APPROVE
WRONG_ITEM_CLAIM,251.26,False,0,2,2763.58,167,4,3,0,0,52.816678549722226,REQUEST_EVIDENCE
SUBSTITUTED_RETURN_CLAIM,3388.6,True,1,0,175.51,864,3,2,1,0,3.2833339858333335,APPROVE
NON_DELIVERY_CLAIM,1813.16,False,0,0,1363.93,786,9,3,6,0,10.31666871,REQUEST_EVIDENCE
SHORTAGE_CLAIM,1672.28,False,0,2,853.83,749,4,0,3,0,13.483336383888888,DENY
NON_DELIVERY_CLAIM,2639.07,False,0,1,575.65,1191,5,3,2,0,4.166667491111111,REQUEST_EVIDENCE
SHORTAGE_CLAIM,1245.97,False,0,0,330.71,411,9,3,5,1,13.016669620555556,REQUEST_EVIDENCE
WRONG_ITEM_CLAIM,6462.55,False,0,1,4261.31,756,9,5,1,2,44.450009450555555,REQUEST_EVIDENCE
SHORTAGE_CLAIM,2812.52,True,1,0,1756.34,141,11,6,3,0,4.8833343,DENY
WRONG_ITEM_CLAIM,2015.45,True,1,1,1728.05,1291,4,1,2,1,24.133338533055557,APPROVE
SHORTAGE_CLAIM,1926.17,True,1,0,2212.84,568,8,3,5,0,3.0333339352777777,APPROVE
WRONG_ITEM_CLAIM,2769.48,True,1,1,1218.63,1289,13,10,3,0,14.733336659722223,APPROVE
SUBSTITUTED_RETURN_CLAIM,5219.55,True,1,1,1619.8,1160,12,8,4,0,36.06667433416666,ESCALATE
WRONG_ITEM_CLAIM,4728.17,False,0,0,1379.26,1054,10,4,5,1,13.166669651944444,REQUEST_EVIDENCE
SHORTAGE_CLAIM,4947.12,True,1,0,1671.0,692,6,2,1,2,14.833336679444445,APPROVE
WRONG_ITEM_CLAIM,3015.35,True,1,1,2670.88,110,9,5,1,2,15.733336854722221,APPROVE
SHORTAGE_CLAIM,4233.1,False,0,3,1312.78,743,8,1,5,1,1.2666669208333332,REQUEST_EVIDENCE
SUBSTITUTED_RETURN_CLAIM,169.1,True,1,0,916.53,591,3,2,1,0,48.166677218333334,APPROVE
SUBSTITUTED_RETURN_CLAIM,3408.91,False,0,1,610.67,1141,6,5,1,0,42.16667552361111,REQUEST_EVIDENCE
SHORTAGE_CLAIM,1562.8,False,0,1,1939.02,543,10,4,5,0,18.366670713333335,REQUEST_EVIDENCE
NON_DELIVERY_CLAIM,926.75,False,0,2,5256.44,731,7,2,3,1,10.150002009444444,REQUEST_EVIDENCE
SHORTAGE_CLAIM,5387.17,True,1,1,2298.85,1107,7,2,3,1,27.333339161944444,DENY
WRONG_ITEM_CLAIM,1931.6,True,1,0,1918.58,306,8,2,5,1,3.900000773611111,APPROVE
WRONG_ITEM_CLAIM,3919.44,True,1,2,6272.77,1017,3,2,1,0,10.316668709444444,APPROVE
NON_DELIVERY_CLAIM,3273.4,False,0,0,1379.26,1054,11,4,6,1,0.18333336972222222,REQUEST_EVIDENCE
WRONG_ITEM_CLAIM,4362.99,True,1,1,303.87,256,7,5,1,1,7.466668140277777,APPROVE
WRONG_ITEM_CLAIM,4090.78,False,0,1,242.88,1444,5,2,2,1,8.00000157861111,REQUEST_EVIDENCE
NON_DELIVERY_CLAIM,3360.7,False,0,0,1764.93,838,7,1,6,0,9.43333519888889,REQUEST_EVIDENCE
NON_DELIVERY_CLAIM,1511.17,False,0,0,1297.52,1225,10,5,4,0,22.600004900555557,REQUEST_EVIDENCE
NON_DELIVERY_CLAIM,1821.83,True,1,1,339.49,1057,4,1,3,0,6.866668022777778,APPROVE
SUBSTITUTED_RETURN_CLAIM,3865.54,True,1,1,352.04,374,9,3,4,0,14.100003172500001,APPROVE
WRONG_ITEM_CLAIM,4851.69,True,1,0,1201.75,316,11,2,8,1,26.866672407777777,APPROVE
NON_DELIVERY_CLAIM,4871.35,True,1,1,645.4,323,5,1,3,1,38.33334144194445,APPROVE
SUBSTITUTED_RETURN_CLAIM,8020.69,True,1,1,2822.97,909,5,2,2,1,16.900003753055554,ESCALATE
SHORTAGE_CLAIM,1651.05,True,1,2,1826.62,1154,7,3,4,0,24.516671945,APPROVE
WRONG_ITEM_CLAIM,4631.3,False,0,0,2437.93,374,6,1,3,0,13.733336434166667,REQUEST_EVIDENCE
NON_DELIVERY_CLAIM,1585.79,False,0,0,1015.1,929,7,2,4,1,3.0833339466666665,REQUEST_EVIDENCE
SHORTAGE_CLAIM,4778.2,False,0,1,1368.62,216,5,2,2,0,4.166667494166667,REQUEST_EVIDENCE
NON_DELIVERY_CLAIM,2453.43,True,1,0,2710.76,1279,5,1,4,0,4.500000892777778,APPROVE
NON_DELIVERY_CLAIM,4883.74,False,0,0,2033.09,613,7,1,3,2,20.100004389444443,REQUEST_EVIDENCE
SHORTAGE_CLAIM,1535.15,True,1,1,699.0,287,8,4,2,1,13.166669357222222,DENY
NON_DELIVERY_CLAIM,2521.6,False,0,1,2436.36,1139,5,3,2,0,9.20000181638889,REQUEST_EVIDENCE
SUBSTITUTED_RETURN_CLAIM,1670.4,True,1,1,501.49,1200,7,2,3,0,6.500001285833333,APPROVE
WRONG_ITEM_CLAIM,1896.32,False,0,0,704.31,1122,6,4,2,0,40.95000862083333,REQUEST_EVIDENCE
SUBSTITUTED_RETURN_CLAIM,507.46,False,0,0,2140.11,635,10,2,6,2,1.1166668919444445,REQUEST_EVIDENCE
SUBSTITUTED_RETURN_CLAIM,2494.04,False,0,1,1842.87,1477,6,1,4,1,2.7333338769444446,REQUEST_EVIDENCE
SHORTAGE_CLAIM,2997.24,False,0,1,256.84,324,4,3,0,1,27.20000580583333,REQUEST_EVIDENCE
NON_DELIVERY_CLAIM,1786.66,True,1,2,3147.56,233,8,2,5,1,7.750001531388889,APPROVE
SHORTAGE_CLAIM,2066.14,False,0,0,2111.01,622,12,6,5,0,9.800001939444444,DENY
SHORTAGE_CLAIM,2420.6,True,1,1,2066.55,393,8,4,2,1,25.450005461388887,DENY
SUBSTITUTED_RETURN_CLAIM,565.6,True,1,1,2637.72,942,13,6,5,2,4.6166675825,APPROVE
SUBSTITUTED_RETURN_CLAIM,5635.5,True,1,0,2590.11,164,11,3,5,1,11.550002290555556,ESCALATE
SHORTAGE_CLAIM,3484.83,False,0,0,1074.26,830,10,5,3,0,1.3333336008333334,DENY
WRONG_ITEM_CLAIM,3578.01,True,1,0,1274.66,769,6,3,2,0,8.083334929166666,APPROVE
SHORTAGE_CLAIM,3408.62,True,1,0,1537.93,1239,12,3,9,0,9.98333530861111,APPROVE
NON_DELIVERY_CLAIM,1778.06,True,1,1,1218.63,1289,14,11,3,0,0.7333334783333333,APPROVE
WRONG_ITEM_CLAIM,2183.18,False,0,4,4067.54,1449,11,4,4,1,2.5666671763888886,REQUEST_EVIDENCE
WRONG_ITEM_CLAIM,6769.07,False,0,0,2971.01,1261,6,3,2,1,23.533338418055557,REQUEST_EVIDENCE
WRONG_ITEM_CLAIM,6154.32,True,1,0,2973.26,1233,10,2,4,2,10.116668668055556,ESCALATE
SUBSTITUTED_RETURN_CLAIM,1174.01,False,0,0,2971.01,1261,7,3,3,1,0.033333339999999996,REQUEST_EVIDENCE
SUBSTITUTED_RETURN_CLAIM,1981.34,False,0,0,1715.29,96,2,2,0,0,20.916671220277777,REQUEST_EVIDENCE
NON_DELIVERY_CLAIM,640.35,True,1,0,399.61,624,8,5,3,0,12.33333578388889,APPROVE
NON_DELIVERY_CLAIM,6443.49,True,1,0,2082.0,1431,9,3,1,1,20.85000453972222,ESCALATE
WRONG_ITEM_CLAIM,312.41,True,1,0,1474.93,811,3,0,3,0,27.133339128611112,APPROVE
SUBSTITUTED_RETURN_CLAIM,248.45,True,1,0,1169.95,1219,7,2,5,0,21.06667125194444,APPROVE
SUBSTITUTED_RETURN_CLAIM,725.86,True,1,0,1868.09,894,9,3,6,0,6.900001366388889,APPROVE
SUBSTITUTED_RETURN_CLAIM,3394.97,False,0,0,2022.07,443,9,3,3,1,3.0666672772222223,REQUEST_EVIDENCE
NON_DELIVERY_CLAIM,2080.34,False,0,0,2959.92,1196,9,7,2,0,13.450002724166668,REQUEST_EVIDENCE
SUBSTITUTED_RETURN_CLAIM,1616.82,True,1,1,939.22,1161,7,3,4,0,7.233334763611111,APPROVE
SUBSTITUTED_RETURN_CLAIM,3337.18,True,1,3,3578.46,441,5,3,1,1,11.216668889166668,APPROVE
SHORTAGE_CLAIM,507.73,False,0,1,2168.99,1069,2,1,1,0,66.7833479925,DENY
WRONG_ITEM_CLAIM,6975.96,False,0,0,1930.81,1254,9,0,7,0,33.30000699722222,REQUEST_EVIDENCE
SHORTAGE_CLAIM,5067.58,True,1,0,942.71,297,9,5,2,1,16.30000363638889,DENY
NON_DELIVERY_CLAIM,5481.94,True,1,1,1714.11,445,8,4,3,0,13.616669430833333,ESCALATE
SHORTAGE_CLAIM,2345.72,True,1,3,3601.78,1370,10,2,7,1,20.150004401111108,APPROVE
SUBSTITUTED_RETURN_CLAIM,5076.61,True,1,3,5658.64,1369,6,2,3,1,15.050003394444444,ESCALATE
SUBSTITUTED_RETURN_CLAIM,6862.69,False,0,4,6970.61,414,7,2,4,0,16.53333701472222,REQUEST_EVIDENCE
NON_DELIVERY_CLAIM,526.56,True,1,0,2517.67,1122,6,4,2,0,9.11666846888889,APPROVE
WRONG_ITEM_CLAIM,2496.02,False,0,1,897.31,490,4,3,0,0,52.38334512833334,REQUEST_EVIDENCE
NON_DELIVERY_CLAIM,2462.71,True,1,1,7746.51,356,8,4,4,0,12.966669244722222,APPROVE
SHORTAGE_CLAIM,3928.29,True,1,0,1565.31,1336,5,3,2,0,13.983336356111112,APPROVE
WRONG_ITEM_CLAIM,809.03,False,0,0,2687.1,194,9,5,3,0,5.000000992222223,REQUEST_EVIDENCE
NON_DELIVERY_CLAIM,1098.5,True,1,1,588.3,1459,14,3,8,1,11.56666895861111,APPROVE
SUBSTITUTED_RETURN_CLAIM,920.71,True,1,0,2257.68,521,8,4,3,1,3.8333340952777775,APPROVE
NON_DELIVERY_CLAIM,2471.56,False,0,0,2536.55,1403,8,3,5,0,10.350002048333334,REQUEST_EVIDENCE
SHORTAGE_CLAIM,615.12,False,0,0,82.05,1066,7,3,4,0,29.433339575833333,REQUEST_EVIDENCE
SUBSTITUTED_RETURN_CLAIM,3588.74,True,1,0,1715.29,96,3,2,1,0,0.43333342027777777,APPROVE
WRONG_ITEM_CLAIM,2473.45,True,1,0,1238.88,94,7,2,3,1,4.600000914166667,APPROVE
SUBSTITUTED_RETURN_CLAIM,4739.11,True,1,0,2532.09,1239,5,3,2,0,26.73333904861111,APPROVE
SUBSTITUTED_RETURN_CLAIM,3102.23,True,1,0,244.22,139,9,4,5,0,9.083335130833333,APPROVE
SHORTAGE_CLAIM,2666.4,True,1,0,2607.02,36,7,2,4,1,1.5166669697222221,APPROVE
NON_DELIVERY_CLAIM,1668.96,True,1,1,853.31,1067,7,2,5,0,19.200004213333333,APPROVE
NON_DELIVERY_CLAIM,377.5,True,1,1,1650.3,834,7,3,2,1,18.0666706525,APPROVE
SHORTAGE_CLAIM,3612.47,True,1,3,1442.55,1147,5,1,2,0,23.716671791666666,APPROVE
NON_DELIVERY_CLAIM,4165.42,False,0,0,68.24,1301,11,6,3,1,7.816668215,REQUEST_EVIDENCE
SHORTAGE_CLAIM,305.58,False,0,1,1677.34,1230,5,3,2,0,46.066676450277775,REQUEST_EVIDENCE
SUBSTITUTED_RETURN_CLAIM,642.35,True,1,1,897.31,490,5,3,1,0,0.3000000613888889,APPROVE
NON_DELIVERY_CLAIM,1764.0,False,0,2,2123.26,914,5,2,2,1,25.26667209444444,REQUEST_EVIDENCE
SHORTAGE_CLAIM,1134.33,True,1,1,2734.82,1264,5,3,2,0,18.200004012222223,APPROVE
SUBSTITUTED_RETURN_CLAIM,672.85,False,0,0,2065.96,1455,6,1,4,0,8.300001643055555,REQUEST_EVIDENCE
SHORTAGE_CLAIM,1288.65,False,0,0,1973.49,493,12,4,7,0,13.300002645833334,DENY
NON_DELIVERY_CLAIM,183.55,False,0,0,248.01,1180,8,4,4,0,15.033336694722223,REQUEST_EVIDENCE
NON_DELIVERY_CLAIM,4466.45,True,1,3,5874.63,743,6,5,1,0,11.666668979722223,APPROVE
WRONG_ITEM_CLAIM,2123.52,False,0,0,380.46,376,8,1,4,2,26.716672380555554,REQUEST_EVIDENCE
SHORTAGE_CLAIM,981.61,True,1,3,4172.98,324,10,3,5,0,19.33333757388889,DENY
SHORTAGE_CLAIM,3282.91,True,1,1,2871.29,867,7,5,1,0,2.1166670924999997,APPROVE
SHORTAGE_CLAIM,1940.53,False,0,1,1677.34,1230,6,3,3,0,0.1833333688888889,REQUEST_EVIDENCE
SUBSTITUTED_RETURN_CLAIM,3270.58,True,1,0,109.66,1102,8,2,4,0,6.200001229722222,APPROVE
NON_DELIVERY_CLAIM,4888.7,False,0,1,2412.26,850,6,3,2,0,24.533338618055556,REQUEST_EVIDENCE
WRONG_ITEM_CLAIM,2672.02,False,0,1,1939.02,543,11,4,6,0,1.5000002994444446,REQUEST_EVIDENCE
SUBSTITUTED_RETURN_CLAIM,5363.4,True,1,1,464.42,1169,6,0,5,1,35.266674185,ESCALATE
NON_DELIVERY_CLAIM,1341.44,False,0,1,207.06,476,6,3,3,0,12.200002421388888,REQUEST_EVIDENCE
NON_DELIVERY_CLAIM,754.84,True,1,0,939.81,724,12,7,3,0,26.216672284999998,APPROVE
SUBSTITUTED_RETURN_CLAIM,5945.91,True,1,0,202.09,1191,8,4,3,1,8.033334925833334,ESCALATE
WRONG_ITEM_CLAIM,3421.74,False,0,0,1973.49,493,13,4,7,0,0.23333338083333333,REQUEST_EVIDENCE
SUBSTITUTED_RETURN_CLAIM,2613.23,False,0,1,1190.02,1452,11,5,5,0,10.533335417222222,REQUEST_EVIDENCE
WRONG_ITEM_CLAIM,2065.05,True,1,0,2228.78,828,12,4,8,0,2.1833337686111114,APPROVE
NON_DELIVERY_CLAIM,4526.18,True,1,0,1792.18,195,9,3,5,0,9.183335150833335,APPROVE
WRONG_ITEM_CLAIM,2361.92,True,1,0,1565.31,1336,6,4,2,0,0.6333334611111112,APPROVE
WRONG_ITEM_CLAIM,5522.68,True,1,1,2916.22,1316,5,2,1,2,14.083336155277777,ESCALATE
WRONG_ITEM_CLAIM,5331.36,True,1,2,2307.66,1355,13,7,6,0,13.466669345277777,ESCALATE
SHORTAGE_CLAIM,2434.91,True,1,0,1354.61,160,6,3,3,0,5.433334415277778,APPROVE
SUBSTITUTED_RETURN_CLAIM,5527.13,True,1,1,2342.92,672,9,2,6,0,24.35000525027778,ESCALATE
SHORTAGE_CLAIM,1518.01,True,1,0,257.12,867,6,2,4,0,2.9333339219444445,DENY
SUBSTITUTED_RETURN_CLAIM,5406.92,True,1,1,1165.41,663,7,4,3,0,51.43334465638889,ESCALATE
NON_DELIVERY_CLAIM,2747.36,True,1,0,2296.42,718,8,1,6,0,13.283335973611111,APPROVE
SHORTAGE_CLAIM,4945.25,False,0,1,2440.59,1441,7,2,5,0,27.6500059,REQUEST_EVIDENCE
SHORTAGE_CLAIM,500.88,False,0,0,193.42,1435,5,2,2,0,37.78334134694444,REQUEST_EVIDENCE
NON_DELIVERY_CLAIM,2639.86,False,0,0,1681.46,639,10,3,7,0,23.366671721388887,REQUEST_EVIDENCE
WRONG_ITEM_CLAIM,4989.83,False,0,1,4455.06,581,4,2,2,0,27.533339209444446,REQUEST_EVIDENCE
SUBSTITUTED_RETURN_CLAIM,2598.91,True,1,0,2511.24,789,4,0,2,0,53.933345440277776,APPROVE
WRONG_ITEM_CLAIM,1709.03,False,0,1,770.91,880,9,3,5,0,25.166672078055555,REQUEST_EVIDENCE
SHORTAGE_CLAIM,3624.45,True,1,0,2379.17,258,7,3,3,0,54.40001219972222,DENY
SUBSTITUTED_RETURN_CLAIM,2136.82,False,0,1,478.11,179,11,6,5,0,5.1000010144444445,REQUEST_EVIDENCE
SUBSTITUTED_RETURN_CLAIM,405.94,False,0,1,7943.66,290,7,4,1,1,18.033337313333334,REQUEST_EVIDENCE
NON_DELIVERY_CLAIM,1239.13,True,1,0,1734.4,598,6,3,2,1,26.916672421111112,APPROVE
SHORTAGE_CLAIM,5707.47,False,0,1,2282.33,625,3,0,2,1,11.300002239166666,REQUEST_EVIDENCE
SUBSTITUTED_RETURN_CLAIM,3091.95,False,0,0,2307.02,190,10,6,4,0,2.6333338622222224,REQUEST_EVIDENCE
SHORTAGE_CLAIM,1263.46,False,0,0,552.73,985,8,2,3,1,22.683338242222224,REQUEST_EVIDENCE
NON_DELIVERY_CLAIM,1522.44,False,0,1,919.49,1263,6,2,3,0,3.1666673002777777,REQUEST_EVIDENCE
WRONG_ITEM_CLAIM,2152.11,True,1,0,412.7,771,8,4,3,1,14.366669536944444,APPROVE
SUBSTITUTED_RETURN_CLAIM,1122.71,True,1,0,2234.12,962,7,3,3,0,31.2333399325,APPROVE
SUBSTITUTED_RETURN_CLAIM,3199.12,True,1,0,267.01,110,9,3,5,1,17.016670449444444,APPROVE
NON_DELIVERY_CLAIM,3975.83,False,0,1,939.22,1161,8,4,4,0,1.2500002511111112,REQUEST_EVIDENCE
SUBSTITUTED_RETURN_CLAIM,414.31,False,0,2,3034.03,43,11,4,4,2,17.65000390638889,REQUEST_EVIDENCE
NON_DELIVERY_CLAIM,1552.59,True,1,0,2597.86,724,9,4,3,1,47.31667672361112,APPROVE
SHORTAGE_CLAIM,423.72,True,1,0,1390.28,525,14,2,7,2,7.416668141111111,DENY
SUBSTITUTED_RETURN_CLAIM,3944.19,False,0,0,2670.24,118,4,1,1,1,23.000004982222222,REQUEST_EVIDENCE
WRONG_ITEM_CLAIM,2296.69,True,1,0,1381.11,648,6,3,2,0,4.350000867777778,APPROVE
SUBSTITUTED_RETURN_CLAIM,4252.0,True,1,1,1728.85,1442,6,1,4,0,17.350003847222222,APPROVE
NON_DELIVERY_CLAIM,5463.46,True,1,1,758.61,194,6,4,1,0,22.816671602499998,ESCALATE
NON_DELIVERY_CLAIM,1897.29,True,1,0,1859.27,728,4,2,2,0,42.766675651111115,APPROVE
SHORTAGE_CLAIM,1506.32,True,1,0,206.29,871,7,4,2,0,41.466675397500005,APPROVE
SUBSTITUTED_RETURN_CLAIM,683.7,True,1,1,2263.65,1081,12,3,5,1,24.983338709166667,APPROVE
SHORTAGE_CLAIM,1299.91,True,1,1,2670.88,110,10,6,1,2,2.3166671294444443,DENY
NON_DELIVERY_CLAIM,1692.21,False,0,1,2470.02,295,7,5,2,0,18.63333743361111,REQUEST_EVIDENCE
NON_DELIVERY_CLAIM,180.29,False,0,0,15.09,1417,9,5,4,0,11.316668905833334,REQUEST_EVIDENCE
NON_DELIVERY_CLAIM,2410.49,False,0,1,710.25,951,12,2,5,2,10.800002137222222,REQUEST_EVIDENCE
SUBSTITUTED_RETURN_CLAIM,8068.53,True,1,0,1388.73,1387,9,3,5,1,5.216667705833333,ESCALATE
SHORTAGE_CLAIM,1770.83,True,1,0,2025.32,231,6,1,2,1,7.150001418611112,DENY
NON_DELIVERY_CLAIM,3127.61,True,1,0,2198.82,1331,6,4,2,0,29.95000635027778,APPROVE
SUBSTITUTED_RETURN_CLAIM,7622.47,False,0,0,2317.12,50,8,0,5,1,15.983336882777778,REQUEST_EVIDENCE
SHORTAGE_CLAIM,851.87,False,0,0,2065.96,1455,7,1,5,0,1.050000208888889,REQUEST_EVIDENCE
WRONG_ITEM_CLAIM,7204.76,True,1,1,2376.38,298,8,4,4,0,6.033334534166667,ESCALATE
SUBSTITUTED_RETURN_CLAIM,2030.71,True,1,2,1649.74,1130,5,0,4,0,5.800001154444444,APPROVE
WRONG_ITEM_CLAIM,1512.54,False,0,1,1539.71,289,13,5,7,1,9.283335172222221,REQUEST_EVIDENCE
SHORTAGE_CLAIM,9208.84,False,0,0,2701.37,1002,5,1,3,0,21.85000474083333,REQUEST_EVIDENCE
SHORTAGE_CLAIM,2202.95,False,0,0,1235.28,951,6,3,3,0,6.833334690000001,REQUEST_EVIDENCE
WRONG_ITEM_CLAIM,5804.04,True,1,1,2458.81,373,8,3,3,2,15.800003509722222,ESCALATE
WRONG_ITEM_CLAIM,4934.79,True,1,1,207.06,476,7,3,4,0,0.9666668566666667,APPROVE
SHORTAGE_CLAIM,1633.16,False,0,1,1654.78,68,4,2,1,1,56.06667919611111,REQUEST_EVIDENCE
SHORTAGE_CLAIM,1520.78,True,1,0,2817.46,452,7,5,2,0,4.100000818611111,APPROVE
SHORTAGE_CLAIM,6364.55,False,0,0,25.26,1435,4,3,1,0,66.15001453888888,REQUEST_EVIDENCE
SHORTAGE_CLAIM,9078.83,True,1,3,4160.43,672,11,3,5,1,13.666669379722222,DENY
NON_DELIVERY_CLAIM,1862.59,True,1,1,2574.66,861,14,4,7,2,15.950003542222223,APPROVE
SUBSTITUTED_RETURN_CLAIM,5653.73,True,1,1,1181.39,187,13,2,11,0,6.833334690555556,ESCALATE
WRONG_ITEM_CLAIM,3060.15,False,0,1,359.64,525,8,4,4,0,25.000005379999998,REQUEST_EVIDENCE
WRONG_ITEM_CLAIM,2086.19,False,0,2,3613.14,287,7,4,1,0,38.1833414275,REQUEST_EVIDENCE
SHORTAGE_CLAIM,1630.92,False,0,0,1074.86,1227,3,0,3,0,61.13334687361111,DENY
SUBSTITUTED_RETURN_CLAIM,2764.03,True,1,1,96.92,616,5,1,3,0,16.100003571111113,APPROVE
WRONG_ITEM_CLAIM,1380.24,True,1,0,1706.76,1067,3,1,2,0,13.316669307500002,APPROVE
SHORTAGE_CLAIM,1709.26,False,0,0,1758.48,1387,9,3,4,1,5.416667743888889,DENY
NON_DELIVERY_CLAIM,1739.6,True,1,0,1659.93,446,9,2,5,0,11.53333561388889,APPROVE
SUBSTITUTED_RETURN_CLAIM,7624.18,False,0,0,2808.74,1261,9,2,6,1,18.966670830555554,REQUEST_EVIDENCE
WRONG_ITEM_CLAIM,2255.34,False,0,0,1410.41,768,12,3,9,0,7.883334898055556,REQUEST_EVIDENCE
SUBSTITUTED_RETURN_CLAIM,3740.64,False,0,0,1379.26,1054,12,4,7,1,2.6833338675,REQUEST_EVIDENCE
SUBSTITUTED_RETURN_CLAIM,3981.42,True,1,1,2405.98,303,10,3,4,1,10.550002086944444,APPROVE
WRONG_ITEM_CLAIM,3702.6,True,1,1,1190.02,1452,12,5,6,0,1.2000002358333333,APPROVE
SUBSTITUTED_RETURN_CLAIM,304.8,True,1,0,1671.0,692,7,3,1,2,2.900000576388889,APPROVE
NON_DELIVERY_CLAIM,712.71,False,0,3,1116.41,1003,7,4,2,0,6.2833345825,REQUEST_EVIDENCE
SUBSTITUTED_RETURN_CLAIM,385.1,True,1,1,1654.78,68,5,2,2,1,0.3333333977777778,APPROVE
NON_DELIVERY_CLAIM,5425.84,False,0,1,1360.3,934,15,8,3,2,11.933335692777778,REQUEST_EVIDENCE
WRONG_ITEM_CLAIM,1743.47,True,1,0,1858.55,231,8,3,4,0,15.983336878888888,APPROVE
WRONG_ITEM_CLAIM,2571.85,False,0,0,2817.42,535,9,3,5,0,3.7333340777777777,REQUEST_EVIDENCE
NON_DELIVERY_CLAIM,1546.0,False,0,1,237.06,334,11,4,6,1,10.383335386944445,REQUEST_EVIDENCE
SHORTAGE_CLAIM,4411.0,True,1,0,1093.48,426,8,3,3,2,26.65000570222222,APPROVE
SUBSTITUTED_RETURN_CLAIM,4104.4,False,0,1,1876.05,727,6,3,3,0,20.766671190833335,REQUEST_EVIDENCE
SHORTAGE_CLAIM,4912.98,False,0,0,123.45,359,5,3,2,0,42.466675593055555,REQUEST_EVIDENCE
NON_DELIVERY_CLAIM,729.75,True,1,3,2756.82,1053,7,4,3,0,17.316670509722222,APPROVE
WRONG_ITEM_CLAIM,3806.69,True,1,1,622.39,1115,10,3,6,0,3.8000007583333333,APPROVE
WRONG_ITEM_CLAIM,2336.54,True,1,0,2250.51,675,6,3,2,1,4.166667497777778,APPROVE
SHORTAGE_CLAIM,5554.23,False,0,0,674.43,959,10,5,3,2,7.750001536666667,DENY
SHORTAGE_CLAIM,1782.65,False,0,0,2049.67,1299,9,4,2,0,12.000002372500001,DENY
WRONG_ITEM_CLAIM,1387.74,False,0,0,499.09,1021,6,4,1,0,34.416673888333335,REQUEST_EVIDENCE
SHORTAGE_CLAIM,2453.71,True,1,0,2971.85,1093,10,6,2,1,4.3333341975,APPROVE
SHORTAGE_CLAIM,4986.85,False,0,0,1201.75,316,12,3,8,1,2.900000574722222,REQUEST_EVIDENCE
SHORTAGE_CLAIM,5338.43,True,1,2,1028.01,1424,7,1,4,1,3.6500007238888887,DENY
NON_DELIVERY_CLAIM,1408.98,False,0,0,209.52,845,4,2,2,0,5.8666678319444445,REQUEST_EVIDENCE
WRONG_ITEM_CLAIM,5979.3,True,1,0,2770.91,106,6,4,2,0,11.216668884722221,ESCALATE
NON_DELIVERY_CLAIM,2277.62,True,1,0,1619.28,98,6,3,3,0,35.8666741825,APPROVE
WRONG_ITEM_CLAIM,1915.21,False,0,1,1966.2,146,5,1,2,2,27.916672618055554,REQUEST_EVIDENCE
NON_DELIVERY_CLAIM,591.26,True,1,0,770.28,281,7,2,5,0,22.650004896388886,APPROVE
SHORTAGE_CLAIM,4011.57,True,1,0,1777.89,424,7,2,2,0,5.833334491666666,DENY
SHORTAGE_CLAIM,7009.34,True,1,1,4717.96,412,6,2,3,0,19.016670838888892,ESCALATE
SHORTAGE_CLAIM,1622.08,False,0,0,2532.09,1239,6,4,2,0,2.100000415833333,REQUEST_EVIDENCE
NON_DELIVERY_CLAIM,529.58,True,1,1,4742.58,360,7,2,5,0,35.033340675,APPROVE
NON_DELIVERY_CLAIM,723.16,False,0,0,1891.23,1228,9,4,4,0,8.400001665277777,REQUEST_EVIDENCE
SHORTAGE_CLAIM,1688.52,True,1,0,72.62,260,3,1,1,0,21.61667135805556,APPROVE
SUBSTITUTED_RETURN_CLAIM,2789.47,False,0,0,1355.74,935,4,1,2,0,16.216670118611113,REQUEST_EVIDENCE
SUBSTITUTED_RETURN_CLAIM,7963.84,False,0,0,1371.96,93,9,1,7,1,20.516671134166664,REQUEST_EVIDENCE
SUBSTITUTED_RETURN_CLAIM,3513.49,True,1,0,1382.81,1188,4,2,2,0,24.916672024722224,APPROVE
SUBSTITUTED_RETURN_CLAIM,1642.58,False,0,3,4839.82,379,5,2,2,0,57.933346229166666,REQUEST_EVIDENCE
WRONG_ITEM_CLAIM,750.01,True,1,0,1491.82,858,9,3,4,1,23.03333830361111,APPROVE
SUBSTITUTED_RETURN_CLAIM,2821.49,False,0,0,1733.76,1392,10,5,5,0,6.683334658611111,REQUEST_EVIDENCE
WRONG_ITEM_CLAIM,2329.44,False,0,0,1235.28,951,7,3,4,0,0.9500001858333333,REQUEST_EVIDENCE
WRONG_ITEM_CLAIM,7832.78,False,0,1,3068.03,1421,9,2,3,2,11.26666889388889,REQUEST_EVIDENCE
NON_DELIVERY_CLAIM,1928.41,False,0,0,2009.5,1133,7,2,4,0,26.2833389625,REQUEST_EVIDENCE
SUBSTITUTED_RETURN_CLAIM,745.39,False,0,1,710.25,951,13,2,6,2,1.1666668938888891,REQUEST_EVIDENCE
WRONG_ITEM_CLAIM,4080.27,False,0,0,1181.15,292,7,1,4,2,26.95000576055556,REQUEST_EVIDENCE
NON_DELIVERY_CLAIM,3026.37,True,1,0,297.25,1058,6,1,4,1,75.65001641055557,APPROVE
SHORTAGE_CLAIM,1448.98,True,1,1,2834.96,1345,7,0,6,1,37.450007947222225,APPROVE
SUBSTITUTED_RETURN_CLAIM,2630.68,False,0,1,2470.02,295,8,5,3,0,1.266666913611111,REQUEST_EVIDENCE
SUBSTITUTED_RETURN_CLAIM,7139.96,False,0,1,923.32,1177,10,3,5,0,13.983336102222221,REQUEST_EVIDENCE
SHORTAGE_CLAIM,2342.82,True,1,0,2223.89,128,5,2,1,1,6.250001239722223,DENY
WRONG_ITEM_CLAIM,2217.01,False,0,3,1830.43,803,7,2,3,2,8.200001623333334,REQUEST_EVIDENCE
SUBSTITUTED_RETURN_CLAIM,3865.73,True,1,1,643.71,411,10,5,2,1,5.033334332777778,APPROVE
SUBSTITUTED_RETURN_CLAIM,408.44,False,0,0,570.4,130,6,3,2,1,8.15000161361111,REQUEST_EVIDENCE
WRONG_ITEM_CLAIM,5707.45,True,1,0,1556.83,296,8,3,2,0,7.766668205555555,ESCALATE
SUBSTITUTED_RETURN_CLAIM,4077.72,False,0,1,1113.59,190,6,2,2,0,11.683335641666666,REQUEST_EVIDENCE
WRONG_ITEM_CLAIM,5328.14,True,1,0,527.31,1421,3,2,1,0,8.133334946388889,ESCALATE
WRONG_ITEM_CLAIM,7478.48,True,1,0,1211.98,1085,8,2,4,0,6.950001379444444,ESCALATE
WRONG_ITEM_CLAIM,634.63,False,0,3,1312.78,743,9,1,6,1,3.750000744722222,REQUEST_EVIDENCE
SHORTAGE_CLAIM,387.0,False,0,1,1690.25,1351,6,2,4,0,15.850003151944444,DENY
NON_DELIVERY_CLAIM,5348.69,True,1,0,1879.39,512,9,4,3,2,35.416674086111115,ESCALATE
SUBSTITUTED_RETURN_CLAIM,4687.06,True,1,0,2356.6,1100,6,4,2,0,5.466667754166667,APPROVE
SUBSTITUTED_RETURN_CLAIM,2725.23,False,0,1,953.85,325,9,1,6,0,11.400002254444443,REQUEST_EVIDENCE
SHORTAGE_CLAIM,3226.8,True,1,1,927.0,669,11,6,3,1,9.516668551666665,APPROVE
SUBSTITUTED_RETURN_CLAIM,2763.4,False,0,0,1447.5,262,8,2,5,0,10.933335496388889,REQUEST_EVIDENCE
SUBSTITUTED_RETURN_CLAIM,532.68,False,0,1,1392.74,51,8,5,2,1,18.70000411361111,REQUEST_EVIDENCE
NON_DELIVERY_CLAIM,6370.99,False,0,1,478.11,179,12,6,6,0,1.9333337141666667,REQUEST_EVIDENCE
SUBSTITUTED_RETURN_CLAIM,880.19,True,1,0,351.03,564,12,5,6,1,4.400000871944444,APPROVE
SUBSTITUTED_RETURN_CLAIM,288.38,False,0,0,707.99,1080,4,1,3,0,24.7000053075,REQUEST_EVIDENCE
SHORTAGE_CLAIM,1393.11,False,0,1,839.16,1180,1,1,0,0,30.400006441944445,REQUEST_EVIDENCE
NON_DELIVERY_CLAIM,1757.41,True,1,0,1565.31,1336,7,5,2,0,2.2500004444444444,APPROVE
SHORTAGE_CLAIM,2397.38,False,0,2,7632.14,989,8,2,5,0,28.000005967777778,REQUEST_EVIDENCE
SUBSTITUTED_RETURN_CLAIM,2039.19,True,1,0,586.64,643,8,2,4,0,38.96667491722222,APPROVE
SUBSTITUTED_RETURN_CLAIM,995.71,False,0,0,209.52,845,5,2,3,0,0.8166668294444445,REQUEST_EVIDENCE
SUBSTITUTED_RETURN_CLAIM,4666.28,True,1,0,2873.17,114,2,1,1,0,46.500009737499994,APPROVE
NON_DELIVERY_CLAIM,7033.29,True,1,0,2569.87,1248,5,1,1,2,27.850005939166667,ESCALATE
WRONG_ITEM_CLAIM,2702.9,False,0,0,499.09,1021,7,4,2,0,0.9333335180555555,REQUEST_EVIDENCE
SUBSTITUTED_RETURN_CLAIM,970.53,True,1,1,1935.21,993,4,3,1,0,16.93333693111111,APPROVE
SUBSTITUTED_RETURN_CLAIM,720.94,True,1,0,2670.74,834,5,4,1,0,14.100002793333333,APPROVE
SHORTAGE_CLAIM,2286.52,True,1,1,1395.76,1224,10,2,7,0,9.733335262222223,DENY
SHORTAGE_CLAIM,3104.78,True,1,0,123.55,494,7,2,4,0,11.500002275277778,DENY
NON_DELIVERY_CLAIM,998.59,False,0,0,132.89,1129,4,2,2,0,9.266668505833334,REQUEST_EVIDENCE
NON_DELIVERY_CLAIM,8894.13,True,1,1,983.04,909,13,6,4,3,10.483335408333332,ESCALATE
NON_DELIVERY_CLAIM,4410.82,False,0,0,1552.83,550,8,2,3,1,7.766668209444444,REQUEST_EVIDENCE
WRONG_ITEM_CLAIM,1096.55,False,0,0,2976.91,458,5,2,2,0,22.366671508611113,REQUEST_EVIDENCE
SUBSTITUTED_RETURN_CLAIM,2650.65,True,1,1,1477.27,1327,6,4,2,0,24.133338524444444,APPROVE
SUBSTITUTED_RETURN_CLAIM,1103.99,True,1,0,1763.44,1300,4,2,0,0,46.68334310555556,APPROVE
SHORTAGE_CLAIM,1942.22,True,1,1,71.73,430,11,6,5,0,8.883335093888888,DENY
WRONG_ITEM_CLAIM,612.06,True,1,1,1594.29,1062,8,2,2,1,29.116672855555557,APPROVE
SUBSTITUTED_RETURN_CLAIM,728.67,True,1,2,667.66,311,5,1,4,0,30.200006404166665,APPROVE
NON_DELIVERY_CLAIM,4210.81,True,1,1,2764.6,1017,6,2,3,1,8.666668386666666,APPROVE
WRONG_ITEM_CLAIM,691.1,False,0,0,1537.93,1239,13,4,9,0,3.6666673963888887,REQUEST_EVIDENCE
WRONG_ITEM_CLAIM,1009.85,True,1,2,1743.23,372,10,4,5,1,23.100004988055556,APPROVE
SHORTAGE_CLAIM,1560.36,True,1,1,1539.71,289,14,5,8,1,1.850000366111111,DENY
WRONG_ITEM_CLAIM,8012.65,False,0,1,643.71,411,11,6,2,1,0.7000001416666666,REQUEST_EVIDENCE
WRONG_ITEM_CLAIM,1958.87,False,0,0,1388.73,1387,10,3,5,2,2.0000003950000003,REQUEST_EVIDENCE
SUBSTITUTED_RETURN_CLAIM,1350.3,True,1,2,3034.03,43,12,4,5,2,2.2500004438888888,APPROVE
WRONG_ITEM_CLAIM,443.01,True,1,0,2309.9,1081,10,2,6,0,11.300002237222222,APPROVE
WRONG_ITEM_CLAIM,1901.44,True,1,1,1646.41,1474,4,1,1,1,34.65000727027778,APPROVE
NON_DELIVERY_CLAIM,918.18,False,0,1,1507.18,69,7,4,1,2,5.3166677247222225,REQUEST_EVIDENCE
WRONG_ITEM_CLAIM,5192.44,False,0,0,2670.74,834,6,5,1,0,0.3666667397222222,REQUEST_EVIDENCE
SHORTAGE_CLAIM,5107.73,False,0,0,1004.79,1297,10,4,5,1,42.10000885694445,REQUEST_EVIDENCE
SUBSTITUTED_RETURN_CLAIM,2355.35,False,0,1,2405.98,303,11,4,4,1,1.6500003269444445,REQUEST_EVIDENCE
SHORTAGE_CLAIM,2104.87,False,0,1,760.01,1268,5,4,1,0,22.800004927777778,DENY
SHORTAGE_CLAIM,3026.73,True,1,4,4864.35,963,9,4,4,0,20.100004389166667,DENY
NON_DELIVERY_CLAIM,1773.89,True,1,0,2316.43,1143,6,1,4,0,19.500004271944444,APPROVE
SHORTAGE_CLAIM,449.29,True,1,2,7522.46,1124,7,2,4,0,46.33334301972223,APPROVE
WRONG_ITEM_CLAIM,4263.16,False,0,0,1761.01,335,7,4,2,0,13.000002571388888,REQUEST_EVIDENCE
NON_DELIVERY_CLAIM,2535.97,False,0,2,985.37,589,5,1,3,1,44.41667597833334,REQUEST_EVIDENCE
WRONG_ITEM_CLAIM,2545.47,False,0,0,1772.25,371,3,1,1,0,10.850002148611111,REQUEST_EVIDENCE
SUBSTITUTED_RETURN_CLAIM,6004.51,True,1,0,565.44,1145,9,3,5,0,7.100001411388889,ESCALATE
SHORTAGE_CLAIM,3106.3,True,1,0,1570.07,1016,9,2,4,1,22.11667145611111,DENY
SHORTAGE_CLAIM,1960.14,True,1,0,1868.09,894,10,4,6,0,3.8333340944444445,APPROVE
NON_DELIVERY_CLAIM,4757.32,True,1,3,5920.91,866,6,3,2,0,11.216668888333334,APPROVE
WRONG_ITEM_CLAIM,788.3,True,1,0,2974.59,825,7,3,4,0,23.116671659722222,APPROVE
NON_DELIVERY_CLAIM,3658.92,True,1,1,88.07,560,10,3,2,2,15.500003075833334,APPROVE
SHORTAGE_CLAIM,2473.16,True,1,0,2000.03,857,13,3,9,1,6.600001312222222,APPROVE
NON_DELIVERY_CLAIM,500.3,True,1,2,1525.62,1381,5,1,4,0,26.066672255277776,APPROVE
NON_DELIVERY_CLAIM,1808.58,False,0,0,2234.12,962,8,4,3,0,2.666667193611111,REQUEST_EVIDENCE
SUBSTITUTED_RETURN_CLAIM,1859.15,True,1,0,399.61,624,9,6,3,0,4.016667464444444,APPROVE
WRONG_ITEM_CLAIM,1375.61,False,0,1,2822.97,909,6,2,2,2,4.5000008933333335,REQUEST_EVIDENCE
NON_DELIVERY_CLAIM,2113.22,False,0,0,2000.03,857,14,4,9,1,0.08333334944444445,REQUEST_EVIDENCE
SHORTAGE_CLAIM,2056.89,True,1,0,1117.31,43,14,5,6,2,11.700002317222223,APPROVE
SHORTAGE_CLAIM,2015.06,False,0,0,243.19,1425,9,6,3,0,14.966669633055556,REQUEST_EVIDENCE
SUBSTITUTED_RETURN_CLAIM,1794.91,True,1,3,1442.55,1147,6,2,2,0,3.5666673730555556,APPROVE
WRONG_ITEM_CLAIM,3106.27,True,1,0,1456.01,909,6,3,3,0,30.61667315361111,APPROVE
SUBSTITUTED_RETURN_CLAIM,4738.19,True,1,0,403.46,971,12,6,5,0,8.066668268333332,APPROVE
NON_DELIVERY_CLAIM,4107.06,False,0,0,1074.26,830,11,5,3,0,4.300000854444445,REQUEST_EVIDENCE
NON_DELIVERY_CLAIM,734.75,False,0,1,4234.3,642,6,1,2,2,39.71667506666667,REQUEST_EVIDENCE
SHORTAGE_CLAIM,3900.1,True,1,0,2379.17,258,8,3,3,0,3.000000593611111,DENY
SHORTAGE_CLAIM,3022.54,True,1,0,1605.3,651,6,3,3,0,25.900005555,APPROVE
NON_DELIVERY_CLAIM,3159.17,False,0,2,6719.24,1251,9,3,6,0,14.950002962500001,REQUEST_EVIDENCE
SHORTAGE_CLAIM,2004.08,False,0,4,5784.57,267,6,0,4,0,7.1666680905555555,REQUEST_EVIDENCE
WRONG_ITEM_CLAIM,6604.63,True,1,0,2541.52,133,7,2,3,0,20.083337720833335,ESCALATE
SUBSTITUTED_RETURN_CLAIM,4840.81,False,0,1,622.39,1115,11,4,6,0,1.9666670566666666,REQUEST_EVIDENCE
SHORTAGE_CLAIM,2143.25,True,1,0,956.15,1213,7,3,3,0,26.9833391075,DENY
SHORTAGE_CLAIM,2267.02,True,1,1,1424.61,837,8,7,0,1,8.683335058333332,APPROVE
NON_DELIVERY_CLAIM,3808.19,False,0,2,7120.96,933,11,4,6,0,14.150002803055555,REQUEST_EVIDENCE
WRONG_ITEM_CLAIM,1704.58,True,1,2,200.17,1037,4,3,1,0,63.98334743972222,APPROVE
SUBSTITUTED_RETURN_CLAIM,2619.15,False,0,1,604.39,145,12,4,5,1,29.833339666666667,REQUEST_EVIDENCE
WRONG_ITEM_CLAIM,922.9,False,0,0,1201.68,312,7,4,3,0,32.85000692416667,REQUEST_EVIDENCE
NON_DELIVERY_CLAIM,4031.97,True,1,0,2819.73,107,8,2,4,1,16.96667003888889,APPROVE
NON_DELIVERY_CLAIM,2119.38,True,1,0,260.39,1248,3,1,1,1,36.40000761611111,APPROVE
WRONG_ITEM_CLAIM,230.63,False,0,0,341.86,158,10,4,4,2,32.45000684722223,REQUEST_EVIDENCE
WRONG_ITEM_CLAIM,5708.85,False,0,4,7591.04,828,6,3,2,1,19.41667092722222,REQUEST_EVIDENCE
NON_DELIVERY_CLAIM,1762.58,True,1,1,1546.15,967,3,2,1,0,48.916676958611106,APPROVE
SUBSTITUTED_RETURN_CLAIM,5232.7,False,0,0,1822.4,1235,2,0,2,0,74.46668284833332,REQUEST_EVIDENCE
SUBSTITUTED_RETURN_CLAIM,3146.41,False,0,1,478.11,179,13,6,7,0,1.3500002697222224,REQUEST_EVIDENCE
WRONG_ITEM_CLAIM,1106.17,False,0,1,1213.69,332,7,3,4,0,20.56667115,REQUEST_EVIDENCE
WRONG_ITEM_CLAIM,2213.79,False,0,1,375.12,773,12,5,4,2,6.733334673888889,REQUEST_EVIDENCE
NON_DELIVERY_CLAIM,5628.26,True,1,0,1238.88,94,8,3,3,1,4.100000814722222,ESCALATE
SHORTAGE_CLAIM,2238.71,False,0,1,2376.72,43,6,2,4,0,40.16667515527778,REQUEST_EVIDENCE
SUBSTITUTED_RETURN_CLAIM,2371.65,True,1,0,1552.83,550,9,2,4,1,1.1500002288888889,APPROVE
WRONG_ITEM_CLAIM,1214.91,True,1,1,729.14,508,5,0,3,0,11.03333552027778,APPROVE
SUBSTITUTED_RETURN_CLAIM,3132.56,True,1,0,852.3,428,6,2,1,2,8.316668318333333,APPROVE
NON_DELIVERY_CLAIM,2839.86,False,0,0,2356.6,1100,7,5,2,0,1.5666669780555555,REQUEST_EVIDENCE
SUBSTITUTED_RETURN_CLAIM,940.18,False,0,2,910.04,272,6,1,4,0,16.216669884166667,REQUEST_EVIDENCE
SHORTAGE_CLAIM,586.13,True,1,0,1806.06,369,8,4,1,0,6.5833346441666665,APPROVE
NON_DELIVERY_CLAIM,3554.98,True,1,4,2208.59,1283,7,3,3,0,7.750001539444444,APPROVE
SUBSTITUTED_RETURN_CLAIM,666.47,True,1,0,393.83,1371,8,3,4,1,5.7333344722222215,APPROVE
WRONG_ITEM_CLAIM,4787.97,True,1,0,1267.61,782,9,3,6,0,8.950001778055555,APPROVE
SHORTAGE_CLAIM,3076.56,True,1,0,380.46,376,9,1,5,2,4.0166674625,DENY
SHORTAGE_CLAIM,6862.76,False,0,1,59.23,798,4,0,4,0,21.966671425555553,REQUEST_EVIDENCE
SUBSTITUTED_RETURN_CLAIM,2130.45,False,0,0,2857.91,643,8,6,1,1,31.000006563055557,REQUEST_EVIDENCE
SHORTAGE_CLAIM,940.5,True,1,0,505.91,1330,11,4,4,2,19.866671015,DENY
SUBSTITUTED_RETURN_CLAIM,3865.4,True,1,1,2066.55,393,9,4,2,1,4.983334322777778,APPROVE
WRONG_ITEM_CLAIM,1727.3,False,0,0,1058.69,661,8,2,5,0,31.06667324388889,REQUEST_EVIDENCE
SUBSTITUTED_RETURN_CLAIM,4713.34,False,0,1,1190.02,1452,13,6,6,0,2.7166672066666666,REQUEST_EVIDENCE
SUBSTITUTED_RETURN_CLAIM,2503.89,False,0,1,616.48,1442,10,4,3,0,17.333336778333333,REQUEST_EVIDENCE
SUBSTITUTED_RETURN_CLAIM,1422.53,False,0,0,1659.93,446,10,3,5,0,2.8333338958333334,REQUEST_EVIDENCE
NON_DELIVERY_CLAIM,8852.13,False,0,0,82.05,1066,8,3,5,0,4.4666675541666665,REQUEST_EVIDENCE
NON_DELIVERY_CLAIM,4347.76,True,1,2,1440.03,329,5,2,2,0,6.1666678911111115,APPROVE
WRONG_ITEM_CLAIM,4903.66,False,0,1,433.06,644,6,1,3,1,19.250004197777777,REQUEST_EVIDENCE
SUBSTITUTED_RETURN_CLAIM,510.92,False,0,0,286.66,510,5,2,2,0,33.06667363527778,REQUEST_EVIDENCE
NON_DELIVERY_CLAIM,1807.56,True,1,1,1942.11,581,10,2,7,1,9.416668536944446,APPROVE
SUBSTITUTED_RETURN_CLAIM,1529.83,True,1,0,2448.84,940,9,2,6,0,8.116668279444445,APPROVE
WRONG_ITEM_CLAIM,957.06,False,0,0,1588.25,1395,8,5,2,1,10.900002164166668,REQUEST_EVIDENCE
SUBSTITUTED_RETURN_CLAIM,4234.6,True,1,2,2940.14,918,7,6,1,0,16.86667001472222,APPROVE
SUBSTITUTED_RETURN_CLAIM,2376.44,True,1,0,1761.01,335,8,4,3,0,1.1833335691666667,APPROVE
SHORTAGE_CLAIM,1105.6,False,0,1,2292.48,481,12,5,7,0,6.150001221388889,REQUEST_EVIDENCE
SHORTAGE_CLAIM,4731.06,True,1,0,1423.84,898,11,2,8,1,28.950006159444445,APPROVE
SHORTAGE_CLAIM,2333.51,False,0,0,2211.35,1152,14,5,7,1,6.8333346925,REQUEST_EVIDENCE
NON_DELIVERY_CLAIM,6059.57,False,0,0,113.89,1192,8,4,2,2,35.56667412083333,REQUEST_EVIDENCE
SUBSTITUTED_RETURN_CLAIM,6705.67,False,0,2,2200.43,485,11,6,3,1,11.350002250833333,REQUEST_EVIDENCE
NON_DELIVERY_CLAIM,3610.26,False,0,4,4192.47,182,5,1,2,2,27.63333923388889,REQUEST_EVIDENCE
SHORTAGE_CLAIM,521.12,True,1,0,2517.67,1122,7,5,2,0,4.850000962777777,APPROVE
NON_DELIVERY_CLAIM,6104.54,True,1,0,2808.95,588,10,6,2,0,15.16666967138889,ESCALATE
SUBSTITUTED_RETURN_CLAIM,2581.62,True,1,0,1915.56,691,10,4,5,1,21.333337970000002,APPROVE
WRONG_ITEM_CLAIM,607.29,True,1,2,1011.35,518,8,6,2,0,22.61667155472222,APPROVE
SHORTAGE_CLAIM,1688.94,True,1,0,2626.54,485,7,2,4,0,6.3666679325,APPROVE
SHORTAGE_CLAIM,2862.12,False,0,4,4852.42,1328,8,3,5,0,11.733335660555555,REQUEST_EVIDENCE
SUBSTITUTED_RETURN_CLAIM,4545.67,True,1,0,348.2,958,11,5,5,0,36.50000763972222,APPROVE
SUBSTITUTED_RETURN_CLAIM,2754.34,True,1,0,123.45,359,6,3,3,0,2.966667256388889,APPROVE
SUBSTITUTED_RETURN_CLAIM,2490.92,False,0,1,2440.59,1441,8,2,6,0,4.166667493055556,REQUEST_EVIDENCE
NON_DELIVERY_CLAIM,2080.34,False,0,0,2959.92,1196,10,7,3,0,5.1666676930555555,REQUEST_EVIDENCE
SHORTAGE_CLAIM,5417.87,False,0,2,1281.33,1208,11,4,4,3,8.400001669722222,DENY
SUBSTITUTED_RETURN_CLAIM,1822.92,False,0,0,62.57,189,6,2,4,0,13.850002742500001,REQUEST_EVIDENCE
SHORTAGE_CLAIM,1799.75,True,1,0,2990.55,1063,9,1,5,1,10.400002064444443,APPROVE
WRONG_ITEM_CLAIM,5719.79,True,1,0,2777.03,590,8,4,3,0,7.8166682213888885,ESCALATE
SHORTAGE_CLAIM,734.24,True,1,0,925.26,471,5,3,2,0,33.81667378277778,DENY
SUBSTITUTED_RETURN_CLAIM,4738.4,False,0,0,2732.36,324,10,4,4,0,11.316668913333334,REQUEST_EVIDENCE
NON_DELIVERY_CLAIM,6639.82,True,1,1,643.71,411,12,6,3,1,1.7833336877777777,ESCALATE
SUBSTITUTED_RETURN_CLAIM,2115.89,False,0,0,2000.03,857,15,4,10,1,1.3500002683333332,REQUEST_EVIDENCE
WRONG_ITEM_CLAIM,6068.37,False,0,2,2631.28,1030,8,4,3,1,8.516668358611112,REQUEST_EVIDENCE
SUBSTITUTED_RETURN_CLAIM,2119.99,True,1,3,6966.39,1370,4,1,3,0,61.433346925833334,APPROVE
WRONG_ITEM_CLAIM,2277.68,True,1,0,2211.35,1152,15,5,8,1,0.4000000791666667,APPROVE
SUBSTITUTED_RETURN_CLAIM,1642.31,False,0,0,0.51,273,8,4,2,1,25.35000543388889,REQUEST_EVIDENCE
WRONG_ITEM_CLAIM,1693.68,False,0,0,393.83,1371,9,4,4,1,0.8000001588888889,REQUEST_EVIDENCE
SUBSTITUTED_RETURN_CLAIM,4506.97,True,1,0,1570.07,1016,10,2,4,1,1.6166669869444446,APPROVE
NON_DELIVERY_CLAIM,265.73,False,0,1,2992.1,1135,11,5,5,0,28.000005972222223,REQUEST_EVIDENCE
SUBSTITUTED_RETURN_CLAIM,6243.81,False,0,3,6481.9,1496,6,5,0,1,7.566668172222222,REQUEST_EVIDENCE
SUBSTITUTED_RETURN_CLAIM,5738.63,False,0,0,2318.54,332,8,7,1,0,22.20000480611111,REQUEST_EVIDENCE
WRONG_ITEM_CLAIM,980.43,True,1,0,967.81,320,4,3,0,0,79.01668374611111,APPROVE
NON_DELIVERY_CLAIM,2232.36,False,0,0,1314.33,1353,8,2,4,0,26.33333896138889,REQUEST_EVIDENCE
SUBSTITUTED_RETURN_CLAIM,1586.42,True,1,0,277.44,112,5,2,3,0,17.75000352416667,APPROVE
WRONG_ITEM_CLAIM,1019.58,True,1,1,2089.06,889,4,0,1,0,68.01668157555555,APPROVE
WRONG_ITEM_CLAIM,8061.78,False,0,0,1764.93,838,8,1,7,0,6.200001231944444,REQUEST_EVIDENCE
SHORTAGE_CLAIM,453.49,False,0,0,1222.48,265,4,1,2,0,46.16667632555556,REQUEST_EVIDENCE
WRONG_ITEM_CLAIM,6913.94,False,0,1,2600.32,1404,10,4,5,1,8.916668438611111,REQUEST_EVIDENCE
SUBSTITUTED_RETURN_CLAIM,468.41,True,1,0,2595.2,1207,10,5,5,0,8.600001707777778,APPROVE
NON_DELIVERY_CLAIM,1461.58,True,1,3,5658.64,1369,7,2,3,2,5.4666677508333335,APPROVE
SHORTAGE_CLAIM,1598.24,False,0,0,1284.44,155,8,3,4,1,7.9166682425,REQUEST_EVIDENCE
WRONG_ITEM_CLAIM,7363.16,False,0,1,1810.91,604,6,2,4,0,23.350005033333332,REQUEST_EVIDENCE
WRONG_ITEM_CLAIM,5140.8,False,0,0,2817.46,452,8,6,2,0,3.916667443611111,REQUEST_EVIDENCE
SHORTAGE_CLAIM,1980.93,False,0,2,2709.38,89,11,5,4,1,14.550002881388888,REQUEST_EVIDENCE
NON_DELIVERY_CLAIM,884.29,True,1,1,1419.46,284,5,4,1,0,25.433338783055554,APPROVE
SHORTAGE_CLAIM,2436.85,True,1,0,2837.06,1295,9,7,2,0,10.383335395000001,DENY
NON_DELIVERY_CLAIM,2088.95,True,1,2,1133.21,1193,7,2,3,1,51.48334419944444,APPROVE
SUBSTITUTED_RETURN_CLAIM,2829.89,False,0,2,2763.58,167,5,3,1,0,6.8333346908333334,REQUEST_EVIDENCE
WRONG_ITEM_CLAIM,2498.93,False,0,0,942.71,297,10,5,2,1,5.666667791944445,REQUEST_EVIDENCE
SUBSTITUTED_RETURN_CLAIM,3201.1,True,1,1,2691.86,517,8,3,5,0,14.366669510555557,APPROVE
WRONG_ITEM_CLAIM,2498.47,False,0,0,2098.85,248,9,5,2,0,13.883336081944446,REQUEST_EVIDENCE
WRONG_ITEM_CLAIM,1890.95,True,1,2,4337.65,1462,4,0,1,1,46.583343075,APPROVE
NON_DELIVERY_CLAIM,4973.54,True,1,0,1015.64,1316,4,3,1,0,73.81668271777778,APPROVE
NON_DELIVERY_CLAIM,1436.75,True,1,1,237.06,334,12,4,7,1,3.7166674038888887,APPROVE
SHORTAGE_CLAIM,1272.29,True,1,0,1185.43,766,11,2,7,1,44.31667596388889,APPROVE
WRONG_ITEM_CLAIM,1270.11,False,0,0,2579.12,1380,5,0,2,1,7.266668111666667,REQUEST_EVIDENCE
WRONG_ITEM_CLAIM,5950.65,True,1,0,1540.06,1165,13,6,4,2,19.233337191388888,ESCALATE
WRONG_ITEM_CLAIM,3670.8,True,1,2,6272.77,1017,4,3,1,0,6.633334650555556,APPROVE
SUBSTITUTED_RETURN_CLAIM,2476.43,True,1,1,1221.02,1025,8,5,2,0,23.68333843111111,APPROVE
SUBSTITUTED_RETURN_CLAIM,550.44,True,1,0,2025.32,231,7,1,2,1,4.400000870833334,APPROVE
NON_DELIVERY_CLAIM,1686.94,True,1,1,1812.16,572,8,4,1,0,14.23333615,APPROVE
SHORTAGE_CLAIM,3432.24,False,0,0,1168.7,754,4,2,0,1,49.81667709166667,DENY
NON_DELIVERY_CLAIM,1977.29,True,1,0,367.57,737,4,3,0,0,36.716674346944444,APPROVE
NON_DELIVERY_CLAIM,505.21,True,1,1,1250.77,838,6,1,3,0,28.816672803611112,APPROVE
WRONG_ITEM_CLAIM,3588.34,False,0,1,1650.48,344,9,3,5,1,12.733335856388889,REQUEST_EVIDENCE
SUBSTITUTED_RETURN_CLAIM,4647.78,True,1,0,458.25,812,4,0,3,0,12.5000024775,APPROVE
NON_DELIVERY_CLAIM,2955.72,False,0,0,1474.93,811,4,1,3,0,6.116667879166667,REQUEST_EVIDENCE
WRONG_ITEM_CLAIM,2198.67,False,0,3,2118.02,53,3,3,0,0,61.916680354444445,REQUEST_EVIDENCE
NON_DELIVERY_CLAIM,8299.01,True,1,1,1705.43,186,10,2,3,0,23.683338432777777,ESCALATE
WRONG_ITEM_CLAIM,140.0,False,0,0,2471.53,539,5,2,0,2,22.11667145888889,REQUEST_EVIDENCE
NON_DELIVERY_CLAIM,160.35,True,1,0,948.72,467,3,0,2,0,51.5500108625,APPROVE
NON_DELIVERY_CLAIM,315.49,True,1,1,4498.6,91,5,4,0,1,14.100002793888889,APPROVE
NON_DELIVERY_CLAIM,373.16,False,0,0,83.93,112,11,8,3,0,26.516672332777777,REQUEST_EVIDENCE
WRONG_ITEM_CLAIM,2234.67,True,1,0,2118.68,443,9,4,2,3,28.733339453055557,APPROVE
WRONG_ITEM_CLAIM,834.25,True,1,0,1891.23,1228,10,4,5,0,3.7000007377777777,APPROVE
NON_DELIVERY_CLAIM,9161.65,False,0,0,2461.28,974,7,1,5,1,11.20000222472222,REQUEST_EVIDENCE
SHORTAGE_CLAIM,1852.06,False,0,0,1982.17,623,8,3,3,2,28.88333948388889,REQUEST_EVIDENCE
WRONG_ITEM_CLAIM,5322.47,False,0,1,181.47,892,3,1,2,0,44.88334274416667,REQUEST_EVIDENCE
SHORTAGE_CLAIM,2238.79,True,1,0,267.42,924,6,2,4,0,15.61666975888889,DENY
SHORTAGE_CLAIM,1453.38,False,0,1,2779.82,185,7,5,1,1,13.60000269611111,REQUEST_EVIDENCE
SHORTAGE_CLAIM,2493.37,False,0,0,123.45,359,7,4,3,0,1.1500002283333333,REQUEST_EVIDENCE
SUBSTITUTED_RETURN_CLAIM,5208.93,True,1,0,586.22,1376,7,2,5,0,21.000004543611112,ESCALATE
SUBSTITUTED_RETURN_CLAIM,2791.67,False,0,1,2993.99,542,7,4,3,0,13.666669375277777,REQUEST_EVIDENCE
SUBSTITUTED_RETURN_CLAIM,2672.57,True,1,1,1975.22,316,3,2,1,0,46.98334315611111,APPROVE
SHORTAGE_CLAIM,2886.64,False,0,0,2881.03,120,9,4,3,1,7.566668170555555,DENY
SUBSTITUTED_RETURN_CLAIM,1952.9,True,1,1,417.04,186,9,4,5,0,8.450001682222222,APPROVE
SUBSTITUTED_RETURN_CLAIM,5910.67,True,1,1,1714.11,445,9,4,3,1,6.283334581944445,ESCALATE
WRONG_ITEM_CLAIM,2426.76,False,0,1,1493.22,887,7,2,4,0,38.70000807305556,REQUEST_EVIDENCE
WRONG_ITEM_CLAIM,521.03,False,0,1,2939.55,1211,8,4,3,1,24.68333863222222,REQUEST_EVIDENCE
SUBSTITUTED_RETURN_CLAIM,540.7,False,0,0,1382.81,1188,5,3,2,0,3.883334111388889,REQUEST_EVIDENCE
SUBSTITUTED_RETURN_CLAIM,1127.53,False,0,0,1476.17,558,11,2,5,2,14.250002832222224,REQUEST_EVIDENCE
SUBSTITUTED_RETURN_CLAIM,4587.56,True,1,3,4839.82,379,6,2,3,0,3.9000007869444446,APPROVE
WRONG_ITEM_CLAIM,5183.38,True,1,0,1570.07,1016,11,3,4,1,1.0833335897222223,ESCALATE
SUBSTITUTED_RETURN_CLAIM,415.68,False,0,3,4912.45,746,5,1,3,0,12.733335905555554,REQUEST_EVIDENCE
SHORTAGE_CLAIM,5481.73,True,1,1,1810.91,604,7,2,5,0,0.8833335561111111,ESCALATE
WRONG_ITEM_CLAIM,2284.56,True,1,0,2234.12,962,9,4,4,0,2.6333339105555553,APPROVE
SHORTAGE_CLAIM,3735.47,False,0,0,1513.26,277,5,1,2,0,8.316668378888888,DENY
NON_DELIVERY_CLAIM,7488.51,True,1,0,780.02,1457,8,2,3,0,16.416669979722222,ESCALATE
NON_DELIVERY_CLAIM,3464.24,True,1,1,758.61,194,7,4,1,1,5.200001095833334,APPROVE
SHORTAGE_CLAIM,4357.23,False,0,1,220.59,697,7,4,3,0,35.40000749694445,REQUEST_EVIDENCE
SHORTAGE_CLAIM,7420.27,True,1,0,86.98,610,5,2,2,0,49.483343714444445,DENY
SHORTAGE_CLAIM,3782.24,False,0,2,2307.66,1355,14,7,6,1,5.75000121361111,DENY
NON_DELIVERY_CLAIM,1240.32,False,0,0,2883.64,98,3,0,2,1,60.46668014694444,REQUEST_EVIDENCE
SHORTAGE_CLAIM,2660.13,True,1,3,4869.1,661,9,2,6,0,27.983339370833335,APPROVE
NON_DELIVERY_CLAIM,3968.15,True,1,2,667.66,311,6,2,4,0,3.266667397777778,APPROVE
WRONG_ITEM_CLAIM,3890.43,False,0,0,146.85,112,10,6,4,0,8.150001708333333,REQUEST_EVIDENCE
WRONG_ITEM_CLAIM,8265.98,True,1,1,983.04,909,14,6,4,4,3.4166674330555558,ESCALATE
WRONG_ITEM_CLAIM,3348.39,False,0,0,68.24,1301,12,6,4,1,6.2833346683333335,REQUEST_EVIDENCE
SHORTAGE_CLAIM,160.67,True,1,0,1747.11,1494,14,6,5,3,28.750006213055556,APPROVE
WRONG_ITEM_CLAIM,2512.45,True,1,0,1102.69,894,7,1,3,3,15.666669908333333,APPROVE
NON_DELIVERY_CLAIM,2830.48,True,1,0,1570.07,1016,12,3,4,2,0.3000001791666667,APPROVE
SHORTAGE_CLAIM,5083.81,False,0,0,1588.25,1395,9,5,3,1,1.9333338866666667,REQUEST_EVIDENCE
NON_DELIVERY_CLAIM,5172.17,False,0,0,2318.54,332,9,7,2,0,1.366667121388889,REQUEST_EVIDENCE
SHORTAGE_CLAIM,288.96,True,1,1,7706.23,1466,6,1,5,0,9.250002026666667,APPROVE
NON_DELIVERY_CLAIM,4102.3,False,0,0,1826.98,292,6,3,3,0,12.516669341111111,REQUEST_EVIDENCE
SHORTAGE_CLAIM,4783.5,False,0,0,1682.66,447,5,3,2,0,19.150003994444443,DENY
SHORTAGE_CLAIM,1316.51,False,0,3,4839.82,379,7,3,3,0,0.4166669327777778,DENY
SUBSTITUTED_RETURN_CLAIM,2025.88,False,0,4,3427.47,972,2,0,2,0,98.93335601027779,REQUEST_EVIDENCE
NON_DELIVERY_CLAIM,6763.89,False,0,0,315.67,474,6,0,3,0,33.11667385111111,REQUEST_EVIDENCE
SHORTAGE_CLAIM,1616.35,True,1,0,1201.68,312,8,4,4,0,2.6666673969444448,APPROVE
WRONG_ITEM_CLAIM,5367.41,False,0,0,1238.88,94,9,3,3,2,2.5166673694444444,REQUEST_EVIDENCE
WRONG_ITEM_CLAIM,3328.15,False,0,2,1826.62,1154,8,4,4,0,7.516668363611112,REQUEST_EVIDENCE
SHORTAGE_CLAIM,3483.41,False,0,1,3640.09,589,5,3,0,0,33.90000734444445,REQUEST_EVIDENCE
SHORTAGE_CLAIM,3809.13,False,0,0,1852.69,354,14,5,7,0,13.150002817222221,DENY
SHORTAGE_CLAIM,555.85,True,1,3,1830.43,803,8,2,4,2,4.233334385833333,APPROVE
WRONG_ITEM_CLAIM,2038.62,False,0,1,1950.93,1366,11,6,5,0,10.333335659166666,REQUEST_EVIDENCE
NON_DELIVERY_CLAIM,466.27,True,1,2,5852.54,244,10,4,5,0,28.633339697222222,APPROVE
SUBSTITUTED_RETURN_CLAIM,557.48,False,0,0,1078.46,677,12,6,4,0,11.700002654444443,REQUEST_EVIDENCE
SHORTAGE_CLAIM,3088.83,True,1,0,1260.19,1044,8,3,5,0,36.95000806472222,APPROVE
NON_DELIVERY_CLAIM,1548.57,False,0,2,1389.01,1130,11,1,8,0,10.550002430555557,REQUEST_EVIDENCE
NON_DELIVERY_CLAIM,4277.07,False,0,1,1116.93,995,6,4,1,1,12.9000029525,REQUEST_EVIDENCE
SHORTAGE_CLAIM,5260.06,True,1,1,96.92,616,6,2,3,0,5.2666681055555555,ESCALATE
SHORTAGE_CLAIM,1174.39,True,1,3,5731.08,1386,8,3,4,1,62.90001433222222,APPROVE
SUBSTITUTED_RETURN_CLAIM,2274.32,True,1,0,682.94,107,8,3,5,0,12.466669589999999,APPROVE
NON_DELIVERY_CLAIM,1114.01,False,0,2,296.06,58,11,5,4,1,8.966668900555556,REQUEST_EVIDENCE
SUBSTITUTED_RETURN_CLAIM,4348.15,False,0,1,770.91,880,10,3,6,0,6.133335054722222,REQUEST_EVIDENCE
SUBSTITUTED_RETURN_CLAIM,1524.03,False,0,2,2061.2,1237,8,1,4,1,16.066670355555555,REQUEST_EVIDENCE
SUBSTITUTED_RETURN_CLAIM,6547.49,False,0,1,278.85,49,7,3,2,1,11.933336210555556,REQUEST_EVIDENCE
WRONG_ITEM_CLAIM,1867.8,True,1,0,2106.67,138,5,4,1,0,10.533335990555555,APPROVE
WRONG_ITEM_CLAIM,3184.96,True,1,0,1552.83,550,10,3,4,1,2.8000011205555553,APPROVE
SHORTAGE_CLAIM,235.56,True,1,0,219.59,697,6,2,3,1,13.900003321944446,DENY
WRONG_ITEM_CLAIM,6327.78,False,0,1,1116.04,1351,10,5,4,1,26.683339653333334,REQUEST_EVIDENCE
NON_DELIVERY_CLAIM,6226.09,False,0,0,1015.64,1316,5,4,1,0,1.5000009202777778,REQUEST_EVIDENCE
NON_DELIVERY_CLAIM,1343.61,False,0,0,2406.5,1011,7,1,2,1,22.883338905555554,REQUEST_EVIDENCE
NON_DELIVERY_CLAIM,1408.99,True,1,2,981.87,220,6,3,0,2,8.533335656944445,APPROVE
SUBSTITUTED_RETURN_CLAIM,728.67,False,0,2,667.66,311,7,3,4,0,0.6833340183333333,REQUEST_EVIDENCE
SHORTAGE_CLAIM,297.56,False,0,1,919.49,1263,7,2,4,0,6.183335193055555,REQUEST_EVIDENCE
SHORTAGE_CLAIM,545.02,False,0,1,960.7,661,6,3,3,0,20.0166712775,REQUEST_EVIDENCE
SHORTAGE_CLAIM,4323.73,False,0,1,2462.22,1296,7,2,4,1,31.750007349999997,REQUEST_EVIDENCE
NON_DELIVERY_CLAIM,1884.91,True,1,3,6481.9,1496,7,5,1,1,2.000001031111111,APPROVE
SUBSTITUTED_RETURN_CLAIM,671.69,True,1,2,1400.45,357,6,4,2,0,26.033339537222222,APPROVE
NON_DELIVERY_CLAIM,4694.43,True,1,1,2996.46,1183,9,6,2,0,19.933337926944446,APPROVE
WRONG_ITEM_CLAIM,3397.1,True,1,0,1145.31,878,5,2,0,0,37.38334178583334,APPROVE
SUBSTITUTED_RETURN_CLAIM,1924.98,True,1,0,2449.48,683,6,1,3,1,10.550002730833334,APPROVE
SHORTAGE_CLAIM,1446.11,True,1,0,1382.81,1188,6,3,3,0,1.0833341788888888,APPROVE
SHORTAGE_CLAIM,440.52,True,1,1,1714.11,445,10,4,3,2,1.1500008630555556,APPROVE
WRONG_ITEM_CLAIM,1610.03,True,1,2,2281.54,322,7,2,2,0,17.516670773333335,APPROVE
NON_DELIVERY_CLAIM,2832.25,True,1,0,1725.14,1305,4,1,3,0,23.600005721388886,APPROVE
NON_DELIVERY_CLAIM,1717.88,True,1,0,1881.49,123,4,1,2,0,13.933336733055556,APPROVE
NON_DELIVERY_CLAIM,2863.67,False,0,0,2352.92,956,6,4,2,0,15.516670376666667,REQUEST_EVIDENCE
SHORTAGE_CLAIM,2083.13,True,1,0,2233.77,796,4,0,3,0,30.983340535555556,DENY
WRONG_ITEM_CLAIM,1924.73,True,1,0,2625.54,355,8,5,3,0,49.38334426555556,APPROVE
WRONG_ITEM_CLAIM,2454.07,True,1,2,2413.85,590,7,3,2,2,51.550011410277776,APPROVE
SHORTAGE_CLAIM,251.34,False,0,1,2836.1,281,4,3,1,0,11.983336351111111,REQUEST_EVIDENCE
SHORTAGE_CLAIM,541.31,True,1,0,146.85,112,11,6,5,0,0.9833340805555555,DENY
SUBSTITUTED_RETURN_CLAIM,495.38,False,0,0,1734.4,598,7,4,2,1,6.566668605833333,REQUEST_EVIDENCE
SUBSTITUTED_RETURN_CLAIM,1612.35,False,0,0,2022.07,443,10,3,4,1,7.733335505833333,REQUEST_EVIDENCE
SHORTAGE_CLAIM,3647.23,False,0,0,1382.81,1188,7,4,3,0,0.21666671194444445,REQUEST_EVIDENCE
WRONG_ITEM_CLAIM,985.34,False,0,1,303.87,256,8,6,1,1,8.450002316666668,REQUEST_EVIDENCE
WRONG_ITEM_CLAIM,578.59,True,1,0,779.42,664,10,3,7,0,12.366669760277778,APPROVE
SUBSTITUTED_RETURN_CLAIM,1765.9,False,0,1,2602.43,333,5,2,1,1,29.40000687861111,REQUEST_EVIDENCE
WRONG_ITEM_CLAIM,6315.89,True,1,1,1159.93,1372,8,3,4,0,28.400006676388887,ESCALATE
WRONG_ITEM_CLAIM,357.68,False,0,2,1649.74,1130,6,1,4,0,6.200001867499999,REQUEST_EVIDENCE
WRONG_ITEM_CLAIM,4729.68,False,0,1,220.59,697,8,4,4,0,1.233334148888889,REQUEST_EVIDENCE
WRONG_ITEM_CLAIM,2232.7,True,1,0,2595.2,1207,11,6,5,0,2.266667756111111,APPROVE
WRONG_ITEM_CLAIM,3929.06,True,1,1,1116.93,995,7,4,2,1,0.7500003947222222,APPROVE
NON_DELIVERY_CLAIM,1007.3,True,1,0,956.15,1213,8,3,3,0,3.7000013733333335,APPROVE
SUBSTITUTED_RETURN_CLAIM,1435.19,True,1,0,2150.6,1469,5,2,3,0,50.80001121083333,APPROVE
SHORTAGE_CLAIM,556.51,True,1,1,960.7,661,7,3,4,0,0.5166667741666667,APPROVE
SHORTAGE_CLAIM,1747.81,False,0,0,925.26,471,6,3,2,0,2.6833345044444443,DENY
SHORTAGE_CLAIM,2071.75,False,0,1,520.95,129,4,2,2,0,26.450006291388892,DENY
SHORTAGE_CLAIM,806.85,True,1,4,4198.3,1201,4,1,2,0,32.91667425055556,APPROVE
SHORTAGE_CLAIM,1738.42,False,0,0,1580.05,1061,10,1,8,1,33.033340941944445,DENY
WRONG_ITEM_CLAIM,1305.96,True,1,0,2290.71,671,12,4,4,2,11.133336184166666,APPROVE
SHORTAGE_CLAIM,4869.51,False,0,1,2670.88,110,11,6,1,2,6.566668607777778,DENY
SHORTAGE_CLAIM,1685.68,False,0,0,1354.61,160,7,4,3,0,7.133335387222222,REQUEST_EVIDENCE
NON_DELIVERY_CLAIM,4954.66,True,1,0,2448.84,940,10,3,6,0,3.200001275,APPROVE
SHORTAGE_CLAIM,1567.53,False,0,1,444.04,942,8,2,5,1,18.800004367222222,REQUEST_EVIDENCE
NON_DELIVERY_CLAIM,612.56,True,1,0,1456.01,909,7,4,3,0,4.066668114444444,APPROVE
SUBSTITUTED_RETURN_CLAIM,5730.49,False,0,1,2934.07,678,7,4,1,1,10.6500027575,REQUEST_EVIDENCE
SHORTAGE_CLAIM,1709.07,True,1,1,2247.27,588,2,1,1,0,10.583336078333334,APPROVE
SUBSTITUTED_RETURN_CLAIM,1001.75,True,1,1,1123.93,1255,4,2,0,0,22.050005390555558,APPROVE
NON_DELIVERY_CLAIM,2436.21,True,1,2,2061.2,1237,9,1,5,1,0.9333336530555555,APPROVE
SUBSTITUTED_RETURN_CLAIM,1088.56,False,0,0,1715.77,542,9,4,5,0,16.01667048111111,REQUEST_EVIDENCE
WRONG_ITEM_CLAIM,4519.51,True,1,0,1906.06,224,11,2,8,1,16.08333716111111,APPROVE
NON_DELIVERY_CLAIM,4650.66,True,1,0,1976.67,1159,8,1,7,0,10.633336089444443,APPROVE
SUBSTITUTED_RETURN_CLAIM,5646.88,True,1,0,41.63,768,6,1,4,1,15.600003733055557,ESCALATE
WRONG_ITEM_CLAIM,331.73,True,1,1,1413.66,1128,10,5,4,0,12.066669704722221,APPROVE
SUBSTITUTED_RETURN_CLAIM,4381.08,True,1,0,1456.01,909,8,5,3,0,0.16666670194444444,APPROVE
SUBSTITUTED_RETURN_CLAIM,1034.21,False,0,3,6265.87,429,3,1,2,0,27.150006434999998,REQUEST_EVIDENCE
NON_DELIVERY_CLAIM,6309.27,True,1,0,2710.76,1279,6,2,4,0,8.76666905,ESCALATE
SHORTAGE_CLAIM,1562.89,False,0,1,7372.72,761,3,1,2,0,54.400012106944445,REQUEST_EVIDENCE
SHORTAGE_CLAIM,2479.27,False,0,1,2066.55,393,10,5,2,1,3.6333346975,DENY
SUBSTITUTED_RETURN_CLAIM,722.81,True,1,0,1085.35,477,6,1,5,0,10.833336129444445,APPROVE
SHORTAGE_CLAIM,515.66,False,0,1,664.1,251,5,3,1,1,19.65000454,REQUEST_EVIDENCE
WRONG_ITEM_CLAIM,3716.72,False,0,0,1619.28,98,7,4,3,0,6.000001835277778,REQUEST_EVIDENCE
WRONG_ITEM_CLAIM,5054.21,False,0,0,1030.88,326,6,1,4,1,18.183337576666666,REQUEST_EVIDENCE
SHORTAGE_CLAIM,3768.21,False,0,0,204.86,1041,7,3,4,0,47.40001055027778,REQUEST_EVIDENCE
WRONG_ITEM_CLAIM,2359.49,True,1,0,287.75,419,8,2,5,0,10.08333598111111,APPROVE
SUBSTITUTED_RETURN_CLAIM,1502.91,False,0,0,2569.01,446,6,2,4,0,28.76667342111111,REQUEST_EVIDENCE
NON_DELIVERY_CLAIM,3736.76,False,0,1,2456.85,1075,6,1,4,0,25.066672684444445,REQUEST_EVIDENCE
WRONG_ITEM_CLAIM,1961.26,True,1,0,1715.77,542,10,4,6,0,0.3000000611111111,APPROVE
NON_DELIVERY_CLAIM,1621.04,True,1,0,948.72,467,4,1,2,0,2.366667778055555,APPROVE
SUBSTITUTED_RETURN_CLAIM,1952.06,False,0,2,6272.77,1017,5,4,1,0,2.6000011597222223,REQUEST_EVIDENCE
SUBSTITUTED_RETURN_CLAIM,3503.78,False,0,0,504.4,1236,11,6,4,0,10.683336100555554,REQUEST_EVIDENCE
WRONG_ITEM_CLAIM,7277.22,False,0,0,2056.77,322,7,4,2,1,17.766670826944445,REQUEST_EVIDENCE
WRONG_ITEM_CLAIM,1293.52,False,0,0,1630.29,1217,9,5,2,1,10.416669379722222,REQUEST_EVIDENCE
NON_DELIVERY_CLAIM,6750.48,False,0,1,3901.1,1094,7,3,4,0,18.650004339444447,REQUEST_EVIDENCE
SUBSTITUTED_RETURN_CLAIM,2643.5,False,0,0,2056.77,322,8,4,3,1,0.05000001,REQUEST_EVIDENCE
SHORTAGE_CLAIM,4701.83,False,0,0,2736.31,1438,8,2,6,0,11.550002937777778,DENY
NON_DELIVERY_CLAIM,1046.98,False,0,0,1868.09,894,11,5,6,0,4.8166682652777775,REQUEST_EVIDENCE
SUBSTITUTED_RETURN_CLAIM,2389.71,True,1,0,708.46,727,8,4,3,1,14.333336820833333,APPROVE
SHORTAGE_CLAIM,4432.12,True,1,0,443.23,1288,5,2,2,1,56.483346035833335,DENY
SHORTAGE_CLAIM,2063.97,False,0,2,3034.03,43,13,5,5,2,5.133334995833334,REQUEST_EVIDENCE
WRONG_ITEM_CLAIM,9008.59,False,0,0,883.26,130,4,3,1,0,40.96667583194444,REQUEST_EVIDENCE
SHORTAGE_CLAIM,1681.54,False,0,3,1723.01,324,10,1,6,0,13.800003382222222,DENY
NON_DELIVERY_CLAIM,1029.3,False,0,0,2668.27,652,10,2,6,1,12.450003115833333,REQUEST_EVIDENCE
SUBSTITUTED_RETURN_CLAIM,3408.62,False,0,0,1537.93,1239,14,4,10,0,5.283335024722222,REQUEST_EVIDENCE
WRONG_ITEM_CLAIM,4111.64,True,1,0,2127.09,1475,3,2,0,1,48.450010759722225,APPROVE
WRONG_ITEM_CLAIM,2222.48,True,1,2,1151.45,648,11,2,7,0,12.700003165,APPROVE
WRONG_ITEM_CLAIM,3688.07,False,0,2,1187.88,1164,3,1,2,0,50.11667775111111,REQUEST_EVIDENCE
NON_DELIVERY_CLAIM,1133.59,False,0,0,2056.53,1166,11,6,3,1,10.05000263888889,REQUEST_EVIDENCE
SHORTAGE_CLAIM,1368.93,True,1,2,161.41,1455,6,3,3,0,17.733337489444445,APPROVE
SUBSTITUTED_RETURN_CLAIM,3293.15,False,0,0,123.55,494,8,2,4,0,5.5666684152777774,REQUEST_EVIDENCE
SHORTAGE_CLAIM,854.08,True,1,1,263.39,822,10,4,5,1,13.250003275,DENY
WRONG_ITEM_CLAIM,4807.99,False,0,0,1232.3,610,5,1,2,2,52.06667814555556,REQUEST_EVIDENCE
SUBSTITUTED_RETURN_CLAIM,2030.75,False,0,0,95.45,119,3,1,2,0,85.40001909305555,REQUEST_EVIDENCE
SHORTAGE_CLAIM,3237.02,True,1,0,2668.27,652,11,2,7,1,0.18333336944444445,DENY
WRONG_ITEM_CLAIM,1354.79,False,0,0,1552.83,550,11,4,4,1,1.6500004055555557,REQUEST_EVIDENCE
WRONG_ITEM_CLAIM,3676.79,True,1,1,375.12,773,13,5,5,2,4.516668205555556,APPROVE
SHORTAGE_CLAIM,7627.59,False,0,0,2777.07,430,5,2,3,0,55.50001236111111,REQUEST_EVIDENCE
SHORTAGE_CLAIM,1283.33,True,1,0,255.46,1478,8,4,1,1,12.433336446111111,APPROVE
NON_DELIVERY_CLAIM,2517.39,True,1,0,2747.56,102,9,4,5,0,32.71667421861111,APPROVE
WRONG_ITEM_CLAIM,2160.73,False,0,0,1921.01,179,10,2,6,2,20.26667132861111,REQUEST_EVIDENCE
WRONG_ITEM_CLAIM,778.24,True,1,0,796.1,255,9,4,3,0,21.516671583611114,APPROVE
NON_DELIVERY_CLAIM,4969.69,False,0,1,2734.82,1264,6,4,2,0,8.516668999166667,REQUEST_EVIDENCE
SUBSTITUTED_RETURN_CLAIM,5316.36,False,0,2,4337.65,1462,5,1,1,1,3.2500012891666668,REQUEST_EVIDENCE
SUBSTITUTED_RETURN_CLAIM,5120.84,False,0,0,403.46,971,13,7,5,0,5.033334976111111,REQUEST_EVIDENCE
WRONG_ITEM_CLAIM,4380.69,False,0,0,967.81,320,5,4,0,0,3.6166680283333337,REQUEST_EVIDENCE
SUBSTITUTED_RETURN_CLAIM,3254.9,False,0,1,2691.86,517,9,4,5,0,3.333334638611111,REQUEST_EVIDENCE
WRONG_ITEM_CLAIM,5523.48,True,1,0,2057.04,602,6,4,2,0,12.233336406388888,ESCALATE
SUBSTITUTED_RETURN_CLAIM,4357.8,True,1,0,1782.13,980,9,6,3,0,22.666671873333332,APPROVE
SUBSTITUTED_RETURN_CLAIM,1787.61,False,0,0,577.64,241,10,2,3,0,16.38333722333333,REQUEST_EVIDENCE
SUBSTITUTED_RETURN_CLAIM,9416.28,False,0,2,2123.26,914,6,2,3,1,8.66666902888889,REQUEST_EVIDENCE
WRONG_ITEM_CLAIM,8257.8,True,1,3,4869.1,661,10,3,6,0,2.5166677291666666,ESCALATE
WRONG_ITEM_CLAIM,6763.52,False,0,1,6121.48,623,7,4,3,0,12.700003166944445,REQUEST_EVIDENCE
SUBSTITUTED_RETURN_CLAIM,1574.45,True,1,0,2794.19,49,5,1,1,0,26.916673052222222,APPROVE
NON_DELIVERY_CLAIM,2125.87,True,1,0,2991.05,1017,11,3,7,0,24.666672611666666,APPROVE
WRONG_ITEM_CLAIM,2856.13,True,1,0,2056.77,322,9,4,4,1,0.6666668011111111,APPROVE
NON_DELIVERY_CLAIM,1721.43,True,1,0,1827.09,216,2,2,0,0,19.03333774722222,APPROVE
SUBSTITUTED_RETURN_CLAIM,2852.89,False,0,0,2211.35,1152,16,6,8,1,3.9333347591666667,REQUEST_EVIDENCE
NON_DELIVERY_CLAIM,2005.1,True,1,1,1873.72,184,9,2,7,0,17.55000412111111,APPROVE
WRONG_ITEM_CLAIM,3310.34,False,0,0,1990.84,546,6,2,4,0,51.58334470805555,REQUEST_EVIDENCE
SHORTAGE_CLAIM,1630.53,True,1,0,2353.32,1166,7,4,1,2,37.23334177416667,APPROVE
WRONG_ITEM_CLAIM,1425.57,True,1,0,12.37,438,6,2,3,1,44.066676575,APPROVE
SHORTAGE_CLAIM,3519.05,True,1,0,2976.91,458,6,2,3,0,6.033335177222222,DENY
WRONG_ITEM_CLAIM,2864.69,False,0,0,2237.92,1041,8,4,4,0,25.86667284638889,REQUEST_EVIDENCE
SHORTAGE_CLAIM,3406.58,True,1,1,2257.39,648,9,3,5,0,17.416670763333332,DENY
WRONG_ITEM_CLAIM,754.84,False,0,0,939.81,724,13,8,3,0,8.66666903,REQUEST_EVIDENCE
SHORTAGE_CLAIM,1713.87,True,1,1,2028.7,1373,7,3,2,0,13.483336655833332,DENY
SUBSTITUTED_RETURN_CLAIM,2332.02,False,0,0,1410.41,768,13,3,10,0,7.500002133888889,REQUEST_EVIDENCE
NON_DELIVERY_CLAIM,2358.58,False,0,1,2600.32,1404,11,4,6,1,3.90000142,REQUEST_EVIDENCE
SHORTAGE_CLAIM,8202.43,True,1,0,238.21,41,6,4,1,1,14.7333369025,DENY
SUBSTITUTED_RETURN_CLAIM,226.39,False,0,0,330.71,411,10,3,6,1,10.516669401388889,REQUEST_EVIDENCE
WRONG_ITEM_CLAIM,3132.55,False,0,0,1129.01,1137,7,5,1,1,20.150004640555554,REQUEST_EVIDENCE
SUBSTITUTED_RETURN_CLAIM,2088.05,False,0,0,2608.42,1264,10,3,6,1,12.216669739166665,REQUEST_EVIDENCE
SHORTAGE_CLAIM,5817.46,True,1,0,1872.5,1079,7,3,4,0,15.516670391666667,ESCALATE
SUBSTITUTED_RETURN_CLAIM,1860.31,False,0,2,161.41,1455,7,4,3,0,0.7500001511111111,REQUEST_EVIDENCE
SHORTAGE_CLAIM,3458.88,True,1,0,780.02,1457,9,2,3,1,3.016667847222222,APPROVE
SHORTAGE_CLAIM,1894.29,True,1,4,3034.13,818,11,4,7,0,16.850003984722225,DENY
WRONG_ITEM_CLAIM,4518.98,True,1,1,1966.2,146,6,1,3,2,7.233335415833333,APPROVE
SUBSTITUTED_RETURN_CLAIM,1364.03,True,1,0,2065.84,623,8,4,4,0,11.983336361944446,APPROVE
SHORTAGE_CLAIM,3629.53,False,0,0,1453.61,767,6,3,1,2,32.20000745222222,REQUEST_EVIDENCE
WRONG_ITEM_CLAIM,2258.48,True,1,1,355.79,935,10,4,4,0,25.51667278,APPROVE
NON_DELIVERY_CLAIM,1737.31,True,1,2,2709.38,89,12,5,5,1,4.016668110277778,APPROVE
SHORTAGE_CLAIM,490.83,False,0,0,2397.53,229,6,4,0,1,20.983338141388888,REQUEST_EVIDENCE
SUBSTITUTED_RETURN_CLAIM,6072.61,True,1,0,916.53,591,4,3,1,0,10.550002741944445,ESCALATE
NON_DELIVERY_CLAIM,809.03,False,0,0,2687.1,194,10,5,4,0,9.500002533055556,REQUEST_EVIDENCE
WRONG_ITEM_CLAIM,2274.82,False,0,0,2012.93,1079,11,4,5,0,22.416671766944443,REQUEST_EVIDENCE
NON_DELIVERY_CLAIM,1483.91,False,0,4,4072.8,817,4,2,1,1,31.250007254722224,REQUEST_EVIDENCE
SUBSTITUTED_RETURN_CLAIM,4028.78,False,0,1,7943.66,290,8,4,2,1,8.666669031944444,REQUEST_EVIDENCE
SUBSTITUTED_RETURN_CLAIM,1593.68,False,0,0,2829.83,1305,5,1,4,0,17.383337425,REQUEST_EVIDENCE
NON_DELIVERY_CLAIM,595.35,False,0,0,2471.69,834,6,1,4,1,36.88334171138889,REQUEST_EVIDENCE
SUBSTITUTED_RETURN_CLAIM,1833.64,False,0,3,7678.48,1242,4,2,2,0,23.20000529472222,REQUEST_EVIDENCE
SHORTAGE_CLAIM,4451.88,True,1,1,2996.46,1183,10,7,2,0,2.3833338183333335,DENY
WRONG_ITEM_CLAIM,3035.14,False,0,2,6452.83,511,6,3,2,1,53.416678436388885,REQUEST_EVIDENCE
NON_DELIVERY_CLAIM,1715.45,False,0,0,143.27,473,4,2,1,0,18.866671050833332,REQUEST_EVIDENCE
SHORTAGE_CLAIM,4175.97,True,1,0,2434.37,829,7,1,5,1,14.733336904444444,APPROVE
SHORTAGE_CLAIM,592.8,True,1,1,616.48,1442,11,4,4,0,5.183335008055556,APPROVE
SUBSTITUTED_RETURN_CLAIM,2184.39,False,0,1,1437.06,272,10,5,3,2,12.316669761666667,REQUEST_EVIDENCE
SUBSTITUTED_RETURN_CLAIM,1062.02,False,0,2,432.23,1000,10,3,5,0,17.100004036111113,REQUEST_EVIDENCE
NON_DELIVERY_CLAIM,4828.08,False,0,0,1030.88,326,7,1,5,1,1.5833336511111111,REQUEST_EVIDENCE
WRONG_ITEM_CLAIM,2513.63,True,1,0,956.15,1213,9,4,3,0,2.1000004247222224,APPROVE
SUBSTITUTED_RETURN_CLAIM,495.19,False,0,1,1950.93,1366,12,6,6,0,2.9666676305555555,REQUEST_EVIDENCE
WRONG_ITEM_CLAIM,2072.57,True,1,0,2921.77,1446,5,1,3,0,40.1166756725,APPROVE
SUBSTITUTED_RETURN_CLAIM,2987.83,True,1,0,2990.55,1063,10,2,5,1,4.816668268888889,APPROVE
SUBSTITUTED_RETURN_CLAIM,5818.93,False,0,0,2296.42,718,9,2,6,0,9.08333578138889,REQUEST_EVIDENCE
NON_DELIVERY_CLAIM,1763.97,False,0,1,770.91,880,11,3,7,0,2.866667376944444,REQUEST_EVIDENCE
NON_DELIVERY_CLAIM,765.33,False,0,0,1011.09,44,8,5,3,0,15.983337152499999,REQUEST_EVIDENCE
SUBSTITUTED_RETURN_CLAIM,1228.77,False,0,0,682.94,107,9,4,5,0,2.933334112777778,REQUEST_EVIDENCE
SUBSTITUTED_RETURN_CLAIM,3292.53,True,1,2,943.51,207,8,2,4,0,13.350003298333334,APPROVE
SUBSTITUTED_RETURN_CLAIM,7819.02,True,1,0,244.22,139,10,5,5,0,9.76666925111111,ESCALATE
WRONG_ITEM_CLAIM,8282.31,True,1,0,2689.85,1455,4,3,0,1,11.9000030125,ESCALATE
WRONG_ITEM_CLAIM,1871.81,True,1,0,153.47,912,4,1,3,0,27.66667320361111,APPROVE
NON_DELIVERY_CLAIM,1760.41,True,1,0,2010.43,456,6,2,2,2,38.016675265555556,APPROVE
SHORTAGE_CLAIM,4047.19,True,1,0,1067.43,1249,11,4,4,0,17.183337387222224,DENY
WRONG_ITEM_CLAIM,7753.89,False,0,1,1055.05,385,6,2,4,0,14.333336826111111,REQUEST_EVIDENCE
NON_DELIVERY_CLAIM,8534.71,False,0,0,1379.26,1054,13,4,8,1,8.266668954444444,REQUEST_EVIDENCE
NON_DELIVERY_CLAIM,2336.23,False,0,1,2012.61,1319,6,2,3,0,15.6333370825,REQUEST_EVIDENCE
WRONG_ITEM_CLAIM,527.45,True,1,0,315.67,474,7,0,4,0,3.3500011122222224,APPROVE
WRONG_ITEM_CLAIM,1811.97,False,0,2,432.23,1000,11,3,6,0,0.33333340027777775,REQUEST_EVIDENCE
SUBSTITUTED_RETURN_CLAIM,6826.15,False,0,0,2572.95,733,6,2,4,0,32.050007423055554,REQUEST_EVIDENCE
NON_DELIVERY_CLAIM,512.09,True,1,1,1559.85,813,6,2,3,1,28.266673321944445,APPROVE
NON_DELIVERY_CLAIM,620.93,False,0,3,5920.91,866,7,4,2,0,6.516668607222222,REQUEST_EVIDENCE
NON_DELIVERY_CLAIM,6106.14,True,1,1,196.13,964,3,0,2,1,35.750008155833335,ESCALATE
SUBSTITUTED_RETURN_CLAIM,2273.2,True,1,0,630.71,566,5,3,2,0,13.016669900277776,APPROVE
SHORTAGE_CLAIM,7865.84,False,0,0,1554.89,1408,10,3,4,2,32.80000757277778,DENY
WRONG_ITEM_CLAIM,6556.7,True,1,0,2118.68,443,10,5,2,3,4.233334819722222,ESCALATE
SHORTAGE_CLAIM,2189.26,False,0,0,1267.61,782,10,4,6,0,5.816668469444444,REQUEST_EVIDENCE
SUBSTITUTED_RETURN_CLAIM,2626.64,False,0,1,1327.74,908,8,3,3,1,15.150003655555556,REQUEST_EVIDENCE
WRONG_ITEM_CLAIM,2767.33,True,1,0,929.72,1056,8,3,3,0,17.13333737888889,APPROVE
SUBSTITUTED_RETURN_CLAIM,1527.23,True,1,0,2042.18,1214,4,1,3,0,23.966672131944446,APPROVE
NON_DELIVERY_CLAIM,719.01,True,1,1,2183.92,1202,10,3,6,0,20.900004791666667,APPROVE
WRONG_ITEM_CLAIM,2386.75,False,0,2,422.27,1016,6,0,5,0,22.300005073333335,REQUEST_EVIDENCE
NON_DELIVERY_CLAIM,1603.19,False,0,2,676.88,949,7,3,4,0,64.96668160972223,REQUEST_EVIDENCE
SUBSTITUTED_RETURN_CLAIM,4854.81,False,0,3,2143.16,65,7,2,3,0,16.6166706125,REQUEST_EVIDENCE
WRONG_ITEM_CLAIM,3924.98,True,1,0,796.87,782,2,2,0,0,18.7666710325,APPROVE
WRONG_ITEM_CLAIM,143.1,False,0,0,330.71,411,11,3,7,1,1.0666668808333333,REQUEST_EVIDENCE
WRONG_ITEM_CLAIM,1841.22,True,1,2,2717.01,68,8,5,3,0,24.400005864166666,APPROVE
NON_DELIVERY_CLAIM,1899.39,True,1,0,2959.92,1196,11,7,4,0,5.433335058611111,APPROVE
SHORTAGE_CLAIM,910.75,False,0,0,1302.75,473,3,1,2,0,75.11668363222222,REQUEST_EVIDENCE
WRONG_ITEM_CLAIM,3949.61,True,1,0,2461.28,974,8,1,6,1,4.433334859722222,APPROVE
SHORTAGE_CLAIM,1025.42,False,0,0,895.5,1424,7,2,3,0,18.600004333333334,DENY
SUBSTITUTED_RETURN_CLAIM,2014.03,True,1,0,1453.61,767,7,3,2,2,1.0166668697222223,APPROVE
SUBSTITUTED_RETURN_CLAIM,7107.48,False,0,0,449.89,576,11,4,4,0,18.233337595,REQUEST_EVIDENCE
SUBSTITUTED_RETURN_CLAIM,1292.12,False,0,0,2198.87,770,8,2,2,2,14.616670216944444,REQUEST_EVIDENCE
WRONG_ITEM_CLAIM,2513.11,True,1,2,985.37,589,6,1,4,1,6.983335367777777,APPROVE
WRONG_ITEM_CLAIM,559.03,True,1,1,2939.55,1211,9,4,4,1,4.31666817,APPROVE
SUBSTITUTED_RETURN_CLAIM,6071.03,False,0,0,1183.05,1094,6,2,3,1,13.666670029166667,REQUEST_EVIDENCE
WRONG_ITEM_CLAIM,836.45,True,1,0,1201.68,312,9,5,4,0,3.8333345397222223,APPROVE
SUBSTITUTED_RETURN_CLAIM,1565.33,False,0,0,1973.49,493,14,4,8,0,10.000002629722223,REQUEST_EVIDENCE
NON_DELIVERY_CLAIM,786.1,True,1,1,2629.18,188,10,6,2,0,13.46666998888889,APPROVE
WRONG_ITEM_CLAIM,2627.47,False,0,2,2763.58,167,6,3,2,0,5.083334989444444,REQUEST_EVIDENCE
SUBSTITUTED_RETURN_CLAIM,794.88,True,1,0,1269.12,269,5,1,4,0,32.900007592222224,APPROVE
SHORTAGE_CLAIM,2545.38,False,0,0,629.05,373,6,5,1,0,14.600003546388889,REQUEST_EVIDENCE
NON_DELIVERY_CLAIM,3473.99,False,0,1,2440.59,1441,9,2,7,0,5.716668447222223,REQUEST_EVIDENCE
NON_DELIVERY_CLAIM,225.57,False,0,1,529.82,1167,8,5,3,0,16.61667061111111,REQUEST_EVIDENCE
NON_DELIVERY_CLAIM,2517.94,False,0,0,2670.74,834,7,5,2,0,7.300002096388889,REQUEST_EVIDENCE
WRONG_ITEM_CLAIM,1975.17,True,1,1,1946.54,731,8,0,7,1,27.483339834722223,APPROVE
SUBSTITUTED_RETURN_CLAIM,2532.88,False,0,1,2411.9,437,8,2,6,0,14.083336777222222,REQUEST_EVIDENCE
NON_DELIVERY_CLAIM,3864.64,False,0,0,852.3,428,7,3,1,2,6.450001927222222,REQUEST_EVIDENCE
SHORTAGE_CLAIM,2247.64,False,0,2,1569.02,389,9,2,4,0,31.383340610555557,DENY
SHORTAGE_CLAIM,854.08,False,0,1,263.39,822,11,4,5,1,2.133333760277778,DENY
SHORTAGE_CLAIM,2171.62,True,1,4,3034.13,818,12,4,7,0,1.4000002791666666,DENY
SUBSTITUTED_RETURN_CLAIM,1578.08,False,0,0,2662.74,46,7,3,3,1,20.933338128888888,REQUEST_EVIDENCE
SUBSTITUTED_RETURN_CLAIM,139.37,True,1,0,1537.93,1239,15,4,11,0,2.3000004594444445,APPROVE
WRONG_ITEM_CLAIM,2368.1,False,0,2,1649.74,1130,7,1,5,0,3.2333339830555556,REQUEST_EVIDENCE
WRONG_ITEM_CLAIM,770.5,True,1,1,4440.31,1475,6,2,4,0,56.20001241333333,APPROVE
WRONG_ITEM_CLAIM,6340.8,True,1,0,354.92,559,8,4,4,0,20.30000466638889,ESCALATE
SHORTAGE_CLAIM,1754.18,False,0,1,1419.46,284,6,5,1,0,5.4166683877777775,REQUEST_EVIDENCE
WRONG_ITEM_CLAIM,2917.46,False,0,0,1379.26,1054,14,4,9,1,0.8833335075,REQUEST_EVIDENCE
SUBSTITUTED_RETURN_CLAIM,3488.54,True,1,0,247.91,593,4,2,2,0,28.183339972499997,APPROVE
SHORTAGE_CLAIM,898.63,True,1,0,2590.11,164,12,3,5,2,11.41666958,DENY
WRONG_ITEM_CLAIM,2761.97,False,0,0,780.02,1457,10,3,3,1,1.5833336483333333,REQUEST_EVIDENCE
WRONG_ITEM_CLAIM,4478.67,True,1,1,1331.96,1330,2,1,1,0,47.18334386055556,APPROVE
NON_DELIVERY_CLAIM,2439.35,True,1,0,2662.74,46,8,3,4,1,0.18333336916666668,APPROVE
NON_DELIVERY_CLAIM,3927.03,True,1,0,1420.73,228,9,4,4,1,29.50000690027778,APPROVE
SUBSTITUTED_RETURN_CLAIM,1345.3,False,0,0,1222.48,265,5,1,3,0,5.683335108055555,REQUEST_EVIDENCE
NON_DELIVERY_CLAIM,532.59,True,1,0,529.85,1355,9,3,2,0,16.216670531944445,APPROVE
SUBSTITUTED_RETURN_CLAIM,4277.77,False,0,0,928.4,1415,3,1,0,2,85.98335243972222,REQUEST_EVIDENCE
NON_DELIVERY_CLAIM,3519.59,False,0,0,2700.73,951,8,3,3,1,16.416670571111112,REQUEST_EVIDENCE
WRONG_ITEM_CLAIM,3241.09,False,0,0,2777.03,590,9,4,3,1,6.066668516388889,REQUEST_EVIDENCE
SUBSTITUTED_RETURN_CLAIM,2131.16,True,1,1,2745.35,1213,10,3,7,0,19.18333778111111,APPROVE
SUBSTITUTED_RETURN_CLAIM,1841.47,True,1,0,1232.3,610,6,1,3,2,2.4666671591666667,APPROVE
NON_DELIVERY_CLAIM,3576.44,False,0,0,565.44,1145,10,3,5,1,7.583335485555556,REQUEST_EVIDENCE
WRONG_ITEM_CLAIM,2420.75,True,1,2,5256.44,731,8,2,4,1,12.150003061388889,APPROVE
NON_DELIVERY_CLAIM,3280.5,False,0,0,1826.98,292,7,3,4,0,4.533334692222223,REQUEST_EVIDENCE
SHORTAGE_CLAIM,2716.07,False,0,0,1734.4,598,8,4,3,1,3.700000745833333,REQUEST_EVIDENCE
SUBSTITUTED_RETURN_CLAIM,7047.65,True,1,1,1330.69,93,6,2,3,0,31.7166740125,ESCALATE
SHORTAGE_CLAIM,702.1,True,1,0,287.75,419,9,3,5,0,3.016667271388889,APPROVE
WRONG_ITEM_CLAIM,362.32,False,0,0,1650.72,791,8,5,3,0,23.300005273055557,REQUEST_EVIDENCE
NON_DELIVERY_CLAIM,2837.99,False,0,1,3901.1,1094,8,3,5,0,2.9000005816666667,REQUEST_EVIDENCE
SUBSTITUTED_RETURN_CLAIM,3901.33,False,0,0,499.09,1021,8,4,3,0,8.283335626944444,REQUEST_EVIDENCE
WRONG_ITEM_CLAIM,3301.75,True,1,0,1058.69,661,9,2,6,0,6.800001997777778,APPROVE
SHORTAGE_CLAIM,6011.6,True,1,1,444.04,942,9,2,6,1,3.450000693333333,ESCALATE
SUBSTITUTED_RETURN_CLAIM,3475.78,True,1,0,1453.61,767,8,4,2,2,0.8666668399999999,APPROVE
NON_DELIVERY_CLAIM,1734.91,False,0,0,1907.63,723,8,5,2,1,43.233342955000005,REQUEST_EVIDENCE
NON_DELIVERY_CLAIM,3671.1,True,1,1,444.04,942,10,2,6,2,0.050000009722222225,APPROVE
SHORTAGE_CLAIM,2265.71,False,0,0,1285.52,632,4,1,3,0,44.65000989972223,REQUEST_EVIDENCE
SHORTAGE_CLAIM,3708.9,False,0,0,1447.5,262,9,2,6,0,8.600002356944444,REQUEST_EVIDENCE
WRONG_ITEM_CLAIM,2278.98,False,0,0,499.09,1021,9,4,4,0,0.13333335999999998,REQUEST_EVIDENCE
SHORTAGE_CLAIM,1669.59,True,1,1,339.49,1057,5,2,3,0,12.266669751944445,APPROVE
NON_DELIVERY_CLAIM,2044.94,True,1,0,2461.28,974,9,2,6,1,1.0166668694444445,APPROVE
NON_DELIVERY_CLAIM,3331.34,False,0,0,1272.93,619,8,0,7,0,21.350004877499998,REQUEST_EVIDENCE
SUBSTITUTED_RETURN_CLAIM,4363.22,True,1,1,1159.93,1372,9,3,4,1,3.8833341144444447,APPROVE
NON_DELIVERY_CLAIM,2692.69,True,1,0,15.09,1417,10,5,5,0,10.21666934111111,APPROVE
SHORTAGE_CLAIM,6873.18,False,0,0,1995.32,497,5,3,1,0,17.983337549722222,REQUEST_EVIDENCE
WRONG_ITEM_CLAIM,1352.62,False,0,1,1728.05,1291,5,2,2,1,12.700003171666667,REQUEST_EVIDENCE
SUBSTITUTED_RETURN_CLAIM,2581.04,False,0,1,730.71,217,7,3,2,1,29.8833403125,REQUEST_EVIDENCE
SUBSTITUTED_RETURN_CLAIM,710.77,False,0,1,263.39,822,12,4,5,1,0.7833334902777778,REQUEST_EVIDENCE
SHORTAGE_CLAIM,5180.46,True,1,0,611.2,1023,4,2,2,0,88.66668643499999,ESCALATE
NON_DELIVERY_CLAIM,5506.53,True,1,2,2940.14,918,8,7,1,0,6.916668687222222,ESCALATE
NON_DELIVERY_CLAIM,6025.86,True,1,1,1388.64,548,8,3,3,2,17.366670759722222,ESCALATE
WRONG_ITEM_CLAIM,3804.6,True,1,0,2862.47,1034,11,4,6,0,18.483337646944445,APPROVE
NON_DELIVERY_CLAIM,8312.75,False,0,0,2837.06,1295,10,7,2,0,6.1500018686111115,REQUEST_EVIDENCE
WRONG_ITEM_CLAIM,2925.69,True,1,0,552.73,985,9,2,4,1,10.683336100555554,APPROVE
WRONG_ITEM_CLAIM,2736.43,True,1,1,1966.2,146,7,2,3,2,2.2666671191666667,APPROVE
WRONG_ITEM_CLAIM,2376.98,False,0,0,2140.11,635,11,2,7,2,12.283336421666668,REQUEST_EVIDENCE
WRONG_ITEM_CLAIM,1407.27,False,0,0,193.42,1435,6,2,3,0,10.916669480555557,REQUEST_EVIDENCE
WRONG_ITEM_CLAIM,8958.05,True,1,0,1406.09,335,10,6,4,0,13.483336663055555,ESCALATE
NON_DELIVERY_CLAIM,3149.11,True,1,1,1368.62,216,6,2,3,0,12.450003120277778,APPROVE
SHORTAGE_CLAIM,5814.0,False,0,1,5708.94,1446,8,2,5,1,20.783338100277778,REQUEST_EVIDENCE
SHORTAGE_CLAIM,2861.25,False,0,1,2639.85,1195,9,1,7,0,15.366670368055555,REQUEST_EVIDENCE
SHORTAGE_CLAIM,2471.94,True,1,1,1876.05,727,7,3,4,0,9.850002603333333,DENY
SHORTAGE_CLAIM,8136.74,False,0,2,910.04,272,7,1,5,0,7.4833354675,DENY
WRONG_ITEM_CLAIM,2766.01,False,0,0,1078.46,677,13,6,5,0,4.966667969722222,REQUEST_EVIDENCE
SHORTAGE_CLAIM,1545.13,True,1,2,2281.54,322,8,3,2,0,4.500000905555555,APPROVE
SHORTAGE_CLAIM,2684.68,False,0,1,1331.96,1330,3,2,1,0,0.8833335108333333,REQUEST_EVIDENCE
WRONG_ITEM_CLAIM,660.51,True,1,0,1474.86,1003,10,5,2,2,48.050010701666665,APPROVE
SUBSTITUTED_RETURN_CLAIM,4721.73,False,0,1,853.31,1067,8,3,5,0,11.700002970000002,REQUEST_EVIDENCE
SUBSTITUTED_RETURN_CLAIM,156.73,False,0,0,286.66,510,6,2,3,0,7.3000020972222215,REQUEST_EVIDENCE
SUBSTITUTED_RETURN_CLAIM,6229.51,True,1,1,1334.76,1377,8,4,3,0,28.316673337777775,ESCALATE
NON_DELIVERY_CLAIM,1721.25,True,1,0,1966.77,708,11,6,5,0,18.983337746944446,APPROVE
SUBSTITUTED_RETURN_CLAIM,387.56,True,1,1,1690.25,1351,7,2,4,0,9.250002485833335,APPROVE
SUBSTITUTED_RETURN_CLAIM,1353.16,True,1,1,1327.74,908,9,3,4,1,1.750000348611111,APPROVE
NON_DELIVERY_CLAIM,1525.04,False,0,0,113.89,1192,9,4,3,2,7.233335418333334,REQUEST_EVIDENCE
NON_DELIVERY_CLAIM,5550.99,True,1,0,1859.27,728,5,3,2,0,10.816669460555556,ESCALATE
NON_DELIVERY_CLAIM,2561.44,True,1,0,827.89,809,8,4,1,0,14.500003529722223,APPROVE
SUBSTITUTED_RETURN_CLAIM,4452.17,True,1,4,2730.14,542,10,2,6,1,18.433337639999998,APPROVE
WRONG_ITEM_CLAIM,322.16,True,1,0,399.61,624,10,7,3,0,8.350002305833334,APPROVE
SHORTAGE_CLAIM,2824.57,False,0,0,1004.79,1297,11,4,6,1,8.666669036666667,REQUEST_EVIDENCE
SHORTAGE_CLAIM,1347.92,False,0,0,2732.36,324,11,4,5,0,7.033335377777778,REQUEST_EVIDENCE
SHORTAGE_CLAIM,2464.03,False,0,2,1011.35,518,9,7,2,0,7.250002086666667,REQUEST_EVIDENCE
SUBSTITUTED_RETURN_CLAIM,3407.71,False,0,0,1065.42,998,8,4,4,0,38.55000871166667,REQUEST_EVIDENCE
SUBSTITUTED_RETURN_CLAIM,1897.24,True,1,2,200.17,1037,5,4,1,0,8.11666892611111,APPROVE
NON_DELIVERY_CLAIM,9452.47,True,1,0,1270.22,1347,4,0,4,0,63.23334767944445,ESCALATE
WRONG_ITEM_CLAIM,4867.97,False,0,0,2542.0,1396,9,4,4,1,24.316672141944444,REQUEST_EVIDENCE
SHORTAGE_CLAIM,5066.44,False,0,1,2543.95,625,6,1,0,2,18.40000430166667,DENY
SUBSTITUTED_RETURN_CLAIM,1994.86,False,0,2,1028.01,1424,8,1,4,1,10.100002654722221,REQUEST_EVIDENCE
NON_DELIVERY_CLAIM,3031.2,False,0,0,570.4,130,7,3,3,1,9.616669228055555,REQUEST_EVIDENCE
NON_DELIVERY_CLAIM,1979.11,False,0,0,1201.75,316,13,3,9,1,10.150002664722223,REQUEST_EVIDENCE
SHORTAGE_CLAIM,405.55,False,0,0,2959.92,1196,12,8,4,0,1.8666670388888889,REQUEST_EVIDENCE
WRONG_ITEM_CLAIM,1007.3,True,1,0,956.15,1213,10,5,3,0,2.500000498888889,APPROVE
SUBSTITUTED_RETURN_CLAIM,5688.09,True,1,1,1546.15,967,4,3,1,0,8.150002266388888,ESCALATE
WRONG_ITEM_CLAIM,3124.45,True,1,0,435.46,259,11,3,8,0,39.666675599166666,APPROVE
WRONG_ITEM_CLAIM,4713.8,False,0,2,1525.62,1381,6,2,4,0,8.650002365833332,REQUEST_EVIDENCE
WRONG_ITEM_CLAIM,2022.49,False,0,1,1654.78,68,6,3,2,1,10.50000273388889,REQUEST_EVIDENCE
NON_DELIVERY_CLAIM,1153.84,False,0,0,2777.03,590,10,4,4,1,1.266666921388889,REQUEST_EVIDENCE
SHORTAGE_CLAIM,2634.58,True,1,0,1169.95,1219,8,3,5,0,12.633336490277777,APPROVE
SUBSTITUTED_RETURN_CLAIM,3685.77,False,0,1,147.09,1367,14,5,8,1,18.16667092,REQUEST_EVIDENCE
WRONG_ITEM_CLAIM,1670.65,False,0,1,2028.7,1373,8,3,2,0,3.183333968888889,REQUEST_EVIDENCE
SUBSTITUTED_RETURN_CLAIM,5739.24,False,0,0,2022.48,906,4,3,1,0,17.366670763333335,REQUEST_EVIDENCE
SUBSTITUTED_RETURN_CLAIM,1761.24,True,1,0,1183.05,1094,7,2,4,1,1.9000003788888888,APPROVE
WRONG_ITEM_CLAIM,4089.95,True,1,2,1549.51,813,9,2,5,0,26.216672585277777,APPROVE
SHORTAGE_CLAIM,904.05,False,0,0,883.26,130,5,3,2,0,4.000000799722222,REQUEST_EVIDENCE
SHORTAGE_CLAIM,3957.8,True,1,1,2298.85,1107,8,2,3,1,13.46666999,APPROVE
WRONG_ITEM_CLAIM,2114.54,True,1,1,1873.72,184,10,3,7,0,3.416667348888889,APPROVE
SHORTAGE_CLAIM,1507.11,False,0,0,1615.24,142,10,5,3,1,19.61667120611111,REQUEST_EVIDENCE
NON_DELIVERY_CLAIM,2209.23,False,0,0,1899.72,471,8,4,4,0,28.900006786111113,REQUEST_EVIDENCE
SUBSTITUTED_RETURN_CLAIM,2034.68,True,1,1,1728.85,1442,7,2,4,0,11.400002909444446,APPROVE
WRONG_ITEM_CLAIM,976.12,True,1,0,1881.49,123,5,2,2,0,5.2000010450000005,APPROVE
WRONG_ITEM_CLAIM,3949.56,True,1,0,1792.18,195,10,4,5,0,11.966669688888889,APPROVE
WRONG_ITEM_CLAIM,1862.31,True,1,1,3619.51,516,6,3,2,0,13.93333674888889,APPROVE
SUBSTITUTED_RETURN_CLAIM,3350.46,True,1,0,768.86,251,3,2,1,0,49.83334438361111,APPROVE
NON_DELIVERY_CLAIM,1051.5,True,1,0,2438.34,188,8,6,2,0,24.333338810555553,APPROVE
SHORTAGE_CLAIM,1598.71,False,0,0,1129.43,1261,9,3,3,2,25.73333909638889,REQUEST_EVIDENCE
NON_DELIVERY_CLAIM,4768.62,False,0,1,2820.88,58,11,4,5,0,17.950004212222222,REQUEST_EVIDENCE
WRONG_ITEM_CLAIM,2019.78,True,1,1,2836.1,281,5,3,2,0,5.233334384166667,APPROVE
SHORTAGE_CLAIM,759.88,True,1,0,1169.95,1219,9,4,5,0,0.33333339944444446,APPROVE
SUBSTITUTED_RETURN_CLAIM,6626.53,True,1,0,1990.84,546,7,2,5,0,3.6166673888888887,ESCALATE
NON_DELIVERY_CLAIM,2517.25,False,0,0,202.09,1191,9,4,3,2,12.183336398611113,REQUEST_EVIDENCE
SUBSTITUTED_RETURN_CLAIM,1771.41,True,1,0,552.73,985,10,3,4,1,1.1000002197222223,APPROVE
WRONG_ITEM_CLAIM,3987.33,False,0,0,1630.29,1217,10,5,3,1,4.43333422,REQUEST_EVIDENCE
SHORTAGE_CLAIM,2286.75,False,0,0,2608.42,1264,11,3,7,1,3.4666673586111107,REQUEST_EVIDENCE
NON_DELIVERY_CLAIM,720.26,False,0,0,1460.9,113,12,4,4,2,31.850007372777778,REQUEST_EVIDENCE
WRONG_ITEM_CLAIM,5466.34,True,1,2,1147.44,996,9,2,7,0,18.750004370555555,ESCALATE
NON_DELIVERY_CLAIM,3702.2,False,0,0,2971.85,1093,11,7,2,1,10.766669453333332,REQUEST_EVIDENCE
WRONG_ITEM_CLAIM,3349.59,True,1,0,444.77,1259,3,0,2,0,63.000014220555556,APPROVE
WRONG_ITEM_CLAIM,1717.93,False,0,1,1501.43,1229,7,3,2,1,19.533337858333333,REQUEST_EVIDENCE
NON_DELIVERY_CLAIM,3358.65,False,0,0,212.77,290,7,4,0,3,20.733338093055558,REQUEST_EVIDENCE
SHORTAGE_CLAIM,1771.3,False,0,2,2631.28,1030,9,4,4,1,7.800002197777778,REQUEST_EVIDENCE
WRONG_ITEM_CLAIM,3224.79,True,1,3,5920.91,866,8,4,3,0,2.8000005577777776,APPROVE
WRONG_ITEM_CLAIM,2050.34,False,0,0,2817.46,452,9,6,3,0,7.5000021375,REQUEST_EVIDENCE
SHORTAGE_CLAIM,3342.17,False,0,0,2524.22,520,5,3,2,0,59.11667970805556,REQUEST_EVIDENCE
SUBSTITUTED_RETURN_CLAIM,1844.39,False,0,0,1344.81,531,8,2,4,2,35.016674682777776,REQUEST_EVIDENCE
SUBSTITUTED_RETURN_CLAIM,4728.08,True,1,1,1563.34,205,9,4,4,1,61.58334714694444,APPROVE
NON_DELIVERY_CLAIM,898.17,False,0,1,1507.18,69,8,4,2,2,9.633335895555556,REQUEST_EVIDENCE
WRONG_ITEM_CLAIM,4730.3,False,0,0,465.82,999,1,0,1,0,31.533340640555554,REQUEST_EVIDENCE
NON_DELIVERY_CLAIM,3013.39,True,1,4,3300.33,987,8,3,5,0,16.066670508333335,APPROVE
WRONG_ITEM_CLAIM,1320.59,True,1,0,1371.96,93,10,1,8,1,10.733336115555556,APPROVE
NON_DELIVERY_CLAIM,903.2,False,0,0,132.89,1129,5,2,3,0,10.000002635277779,REQUEST_EVIDENCE
WRONG_ITEM_CLAIM,805.3,True,1,0,1973.49,493,15,4,9,0,2.5166671686111113,APPROVE
NON_DELIVERY_CLAIM,972.92,False,0,1,96.92,616,7,2,3,1,6.183334816388888,REQUEST_EVIDENCE
WRONG_ITEM_CLAIM,1900.0,False,0,1,1419.46,284,7,5,2,0,2.233333780833333,REQUEST_EVIDENCE
SHORTAGE_CLAIM,1296.44,False,0,0,1145.31,878,6,3,0,0,5.866667846666667,DENY
SUBSTITUTED_RETURN_CLAIM,1707.96,False,0,0,1859.27,728,6,3,2,1,1.1500002291666667,REQUEST_EVIDENCE
SHORTAGE_CLAIM,2219.58,False,0,0,2987.88,692,4,2,2,0,15.56667041,REQUEST_EVIDENCE
NON_DELIVERY_CLAIM,2200.12,True,1,2,2717.01,68,9,6,3,0,2.816667227777778,APPROVE
SHORTAGE_CLAIM,3607.4,False,0,0,2693.8,1135,6,2,4,0,36.61667500138889,REQUEST_EVIDENCE
NON_DELIVERY_CLAIM,689.57,False,0,1,604.39,145,13,4,6,1,9.183335805277778,REQUEST_EVIDENCE
SHORTAGE_CLAIM,4819.48,True,1,0,2703.23,212,9,4,4,1,24.900005589444444,DENY
NON_DELIVERY_CLAIM,4720.17,True,1,1,2670.88,110,12,6,1,2,5.450001091944444,APPROVE
SHORTAGE_CLAIM,2923.95,False,0,1,2002.74,986,7,3,3,0,38.06667528472222,DENY
SUBSTITUTED_RETURN_CLAIM,1582.13,False,0,1,1677.34,1230,7,3,4,0,12.8500032,REQUEST_EVIDENCE
WRONG_ITEM_CLAIM,4158.34,False,0,1,362.41,1313,5,2,3,0,48.566677471944445,REQUEST_EVIDENCE
SHORTAGE_CLAIM,2040.74,True,1,1,520.95,129,5,2,2,0,5.5833344525,DENY
NON_DELIVERY_CLAIM,5403.17,False,0,0,2955.83,244,5,2,1,2,65.00001474666666,REQUEST_EVIDENCE
NON_DELIVERY_CLAIM,2465.62,True,1,4,4223.44,239,10,5,5,0,18.4500043125,APPROVE
SUBSTITUTED_RETURN_CLAIM,324.17,True,1,0,219.59,697,7,2,3,1,6.300001334722222,APPROVE
SHORTAGE_CLAIM,609.31,False,0,1,2804.74,725,6,3,2,0,45.08334332472222,DENY
SUBSTITUTED_RETURN_CLAIM,3641.28,False,0,0,49.91,642,9,2,6,1,21.316671542222224,REQUEST_EVIDENCE
NON_DELIVERY_CLAIM,1838.09,False,0,2,2061.2,1237,10,2,5,1,5.48333443,REQUEST_EVIDENCE
SHORTAGE_CLAIM,3458.58,True,1,2,2413.85,590,8,4,2,2,6.000001203055556,DENY
WRONG_ITEM_CLAIM,2194.41,True,1,2,5256.44,731,9,3,4,1,2.3000004569444443,APPROVE
NON_DELIVERY_CLAIM,3832.42,False,0,1,3875.66,793,15,5,6,0,15.000003627222222,REQUEST_EVIDENCE
SUBSTITUTED_RETURN_CLAIM,5940.0,True,1,0,630.71,566,6,4,2,0,3.333333996111111,ESCALATE
WRONG_ITEM_CLAIM,1939.47,False,0,1,2189.88,1077,13,8,5,0,37.366675148055556,REQUEST_EVIDENCE
SHORTAGE_CLAIM,160.06,True,1,1,897.31,490,6,4,1,0,13.250003277777777,DENY
SUBSTITUTED_RETURN_CLAIM,2030.04,False,0,0,2747.56,102,10,5,5,0,4.766667618888889,REQUEST_EVIDENCE
NON_DELIVERY_CLAIM,4863.32,False,0,1,927.0,669,12,7,3,1,10.783336123611113,REQUEST_EVIDENCE
SHORTAGE_CLAIM,2280.99,True,1,2,1389.01,1130,12,1,9,0,6.683334974444445,APPROVE
SUBSTITUTED_RETURN_CLAIM,1380.93,True,1,1,1392.74,51,9,5,3,1,10.78333612388889,APPROVE
SUBSTITUTED_RETURN_CLAIM,3698.04,True,1,2,1151.45,648,12,3,7,0,5.050001008333333,APPROVE
NON_DELIVERY_CLAIM,4004.41,True,1,1,2282.33,625,4,0,3,1,12.683336498611112,APPROVE
SUBSTITUTED_RETURN_CLAIM,1203.13,True,1,0,1388.73,1387,11,3,6,2,10.333336033333334,APPROVE
NON_DELIVERY_CLAIM,2936.37,False,0,2,2307.66,1355,15,7,6,1,7.233335343333334,REQUEST_EVIDENCE
NON_DELIVERY_CLAIM,2195.52,False,0,4,4223.44,239,11,6,5,0,0.3166667283333333,REQUEST_EVIDENCE
SHORTAGE_CLAIM,3734.28,True,1,1,1330.69,93,7,2,3,1,2.483333826111111,APPROVE
NON_DELIVERY_CLAIM,2348.51,False,0,0,2056.77,322,10,5,4,1,4.666667596666667,REQUEST_EVIDENCE
NON_DELIVERY_CLAIM,3245.1,True,1,0,2955.83,244,6,2,2,2,0.38333340805555555,APPROVE
SHORTAGE_CLAIM,2318.26,True,1,0,287.75,419,10,4,5,0,2.516667166111111,APPROVE
NON_DELIVERY_CLAIM,1400.17,False,0,3,4119.67,1296,6,1,3,1,31.10000722138889,REQUEST_EVIDENCE
SUBSTITUTED_RETURN_CLAIM,4812.11,False,0,0,1381.11,648,7,4,2,0,12.633336487222223,REQUEST_EVIDENCE
SHORTAGE_CLAIM,1885.64,False,0,1,2967.82,857,10,5,5,0,65.15001474833333,REQUEST_EVIDENCE
SUBSTITUTED_RETURN_CLAIM,2154.96,True,1,1,417.54,975,7,2,1,4,29.883340315555554,APPROVE
NON_DELIVERY_CLAIM,4465.51,False,0,0,2471.53,539,6,2,1,2,7.933335555555556,REQUEST_EVIDENCE
WRONG_ITEM_CLAIM,4133.57,True,1,2,296.06,58,12,5,5,1,6.866668227777778,APPROVE
SHORTAGE_CLAIM,2647.03,False,0,0,1297.52,1225,11,5,5,0,14.716670238611112,DENY
SUBSTITUTED_RETURN_CLAIM,5434.88,False,0,1,7706.23,1466,7,2,5,0,7.250001901111111,REQUEST_EVIDENCE
NON_DELIVERY_CLAIM,749.6,False,0,0,1508.51,42,6,3,3,0,44.31667650805556,REQUEST_EVIDENCE
WRONG_ITEM_CLAIM,1960.13,True,1,0,2817.46,452,10,6,4,0,0.9666668580555555,APPROVE
SUBSTITUTED_RETURN_CLAIM,2370.43,True,1,1,2028.7,1373,9,3,3,0,1.5166669672222222,APPROVE
WRONG_ITEM_CLAIM,2275.55,True,1,0,2915.57,785,7,2,4,0,18.16667092222222,APPROVE
WRONG_ITEM_CLAIM,1553.29,True,1,1,7746.51,356,9,5,4,0,13.966670088333334,APPROVE
SUBSTITUTED_RETURN_CLAIM,1126.68,True,1,0,66.11,1138,9,3,6,0,16.100003847500002,APPROVE
NON_DELIVERY_CLAIM,2920.67,True,1,0,238.21,41,7,4,1,1,4.716667606388889,APPROVE
WRONG_ITEM_CLAIM,2564.66,True,1,0,780.02,1457,11,3,4,1,3.050000608055556,APPROVE
SHORTAGE_CLAIM,4311.75,False,0,0,630.71,566,7,4,2,1,0.5333334391666666,DENY
WRONG_ITEM_CLAIM,5052.02,True,1,1,2018.9,283,8,4,4,0,15.666670428333333,ESCALATE
NON_DELIVERY_CLAIM,785.71,True,1,1,7746.51,356,10,6,4,0,0.10000001944444445,APPROVE
NON_DELIVERY_CLAIM,3157.45,True,1,0,2058.55,602,9,0,7,2,77.25001738916667,APPROVE
NON_DELIVERY_CLAIM,2047.86,False,0,0,2309.9,1081,11,3,6,0,10.750002782777779,REQUEST_EVIDENCE
SUBSTITUTED_RETURN_CLAIM,829.55,False,0,1,6121.48,623,8,4,4,0,5.1166676863888885,REQUEST_EVIDENCE
WRONG_ITEM_CLAIM,4037.58,False,0,0,68.24,1301,13,6,5,1,7.600002067499999,REQUEST_EVIDENCE
NON_DELIVERY_CLAIM,627.4,False,0,0,83.93,112,12,8,4,0,8.200002274166666,REQUEST_EVIDENCE
WRONG_ITEM_CLAIM,1827.78,False,0,4,4988.53,1226,4,1,3,0,31.216673910277777,REQUEST_EVIDENCE
NON_DELIVERY_CLAIM,134.78,False,0,1,1690.25,1351,8,3,4,0,2.2166671058333334,REQUEST_EVIDENCE
NON_DELIVERY_CLAIM,5068.22,False,0,0,2471.69,834,7,1,5,1,4.583334244444445,REQUEST_EVIDENCE
WRONG_ITEM_CLAIM,2407.2,False,0,0,2317.12,50,9,0,6,1,12.850003196944446,REQUEST_EVIDENCE
NON_DELIVERY_CLAIM,831.43,True,1,1,1493.22,887,8,2,5,0,8.033335575,APPROVE
SUBSTITUTED_RETURN_CLAIM,238.26,False,0,0,132.89,1129,6,2,4,0,1.1666668961111113,REQUEST_EVIDENCE
SHORTAGE_CLAIM,3426.01,False,0,2,4499.43,1444,7,4,2,1,27.3166727425,DENY
SHORTAGE_CLAIM,1213.87,True,1,4,5503.38,253,6,4,2,0,67.7833488375,DENY
WRONG_ITEM_CLAIM,2179.72,False,0,0,113.89,1192,10,4,4,2,2.30000046,REQUEST_EVIDENCE
WRONG_ITEM_CLAIM,2826.32,True,1,0,2703.82,918,9,3,4,1,23.30000527138889,APPROVE
SUBSTITUTED_RETURN_CLAIM,3222.74,True,1,0,2906.23,352,6,2,2,0,22.583338463055554,APPROVE
NON_DELIVERY_CLAIM,2497.81,False,0,0,2057.04,602,7,4,2,1,5.433334422222222,REQUEST_EVIDENCE
NON_DELIVERY_CLAIM,2426.75,False,0,1,1507.18,69,9,4,3,2,1.3500002722222222,REQUEST_EVIDENCE
NON_DELIVERY_CLAIM,1389.87,True,1,0,1481.14,1094,1,0,0,1,66.18334833333333,APPROVE
WRONG_ITEM_CLAIM,3314.53,False,0,1,1936.96,89,8,2,4,0,19.116671116666666,REQUEST_EVIDENCE
WRONG_ITEM_CLAIM,1657.68,True,1,0,1295.52,163,5,2,2,1,91.45002032361111,APPROVE
NON_DELIVERY_CLAIM,1206.85,True,1,1,207.06,476,8,4,4,0,12.933336553611111,APPROVE
SHORTAGE_CLAIM,9079.0,False,0,2,2123.26,914,7,2,4,1,5.483334432222223,DENY
SHORTAGE_CLAIM,1865.57,False,0,1,1193.15,35,5,2,2,1,81.38335154472223,REQUEST_EVIDENCE
WRONG_ITEM_CLAIM,1634.11,True,1,0,1817.86,1344,6,6,0,0,29.033340125,APPROVE
SUBSTITUTED_RETURN_CLAIM,1122.01,False,0,0,2848.14,653,6,3,2,1,31.53334064638889,REQUEST_EVIDENCE
NON_DELIVERY_CLAIM,1306.01,True,1,0,2212.84,568,9,4,5,0,15.666670431944445,APPROVE
SHORTAGE_CLAIM,2615.13,True,1,0,1921.01,179,11,2,7,2,5.733334482777778,APPROVE
SUBSTITUTED_RETURN_CLAIM,2029.87,True,1,1,2491.35,423,17,8,5,1,20.883338133055556,APPROVE
SHORTAGE_CLAIM,4383.73,True,1,0,947.07,828,8,0,6,2,25.13333897277778,APPROVE
WRONG_ITEM_CLAIM,121.51,False,0,1,444.04,942,11,3,6,2,3.216667312222222,REQUEST_EVIDENCE
SUBSTITUTED_RETURN_CLAIM,1896.64,True,1,0,1568.13,958,10,6,4,0,22.866671854722224,APPROVE
NON_DELIVERY_CLAIM,3391.39,True,1,0,2524.22,520,6,3,3,0,1.650000333611111,APPROVE
SUBSTITUTED_RETURN_CLAIM,1510.9,True,1,0,2595.2,1207,12,7,5,0,6.983334736388889,APPROVE
NON_DELIVERY_CLAIM,2015.82,False,0,0,403.46,971,14,7,6,0,5.783334493333333,REQUEST_EVIDENCE
NON_DELIVERY_CLAIM,1304.71,True,1,0,1423.84,898,12,3,8,1,9.933335960833334,APPROVE
WRONG_ITEM_CLAIM,3456.29,False,0,0,2817.46,452,11,7,4,0,0.7666668255555555,REQUEST_EVIDENCE
WRONG_ITEM_CLAIM,400.17,False,0,0,796.1,255,10,5,3,0,5.883334513888889,REQUEST_EVIDENCE
SHORTAGE_CLAIM,566.26,True,1,0,1619.84,904,12,5,7,0,19.733337906666666,APPROVE
WRONG_ITEM_CLAIM,6348.6,True,1,1,196.13,964,4,0,2,2,4.583334251666666,ESCALATE
SHORTAGE_CLAIM,2482.04,False,0,0,2819.73,107,9,3,4,1,10.666669457500001,DENY
WRONG_ITEM_CLAIM,1224.33,False,0,0,552.73,985,11,4,4,1,2.0000004247222223,REQUEST_EVIDENCE
WRONG_ITEM_CLAIM,3338.68,False,0,0,1260.19,1044,9,4,5,0,7.900001912777777,REQUEST_EVIDENCE
WRONG_ITEM_CLAIM,784.62,True,1,0,2974.59,825,8,4,4,0,11.166669560555555,APPROVE
NON_DELIVERY_CLAIM,1458.04,True,1,4,2497.91,624,11,2,4,3,26.23333921444444,APPROVE
WRONG_ITEM_CLAIM,2925.96,False,0,2,2311.1,300,6,3,2,0,22.15000507027778,REQUEST_EVIDENCE
SHORTAGE_CLAIM,4611.76,False,0,0,2234.12,962,10,5,4,0,8.516668980555556,REQUEST_EVIDENCE
NON_DELIVERY_CLAIM,943.97,True,1,0,577.64,241,11,2,4,0,5.916667876388889,APPROVE
WRONG_ITEM_CLAIM,1730.25,False,0,4,4864.35,963,10,4,4,0,11.416669613055555,REQUEST_EVIDENCE
SUBSTITUTED_RETURN_CLAIM,1722.62,True,1,0,2777.03,590,11,4,5,1,2.5333338694444447,APPROVE
NON_DELIVERY_CLAIM,752.69,True,1,1,3625.21,1143,9,3,6,0,29.433340233611112,APPROVE
NON_DELIVERY_CLAIM,3156.69,True,1,0,752.67,1301,7,3,4,0,32.33334083416666,APPROVE
NON_DELIVERY_CLAIM,3146.72,True,1,0,2687.1,194,11,5,5,0,5.416667778333334,APPROVE
SHORTAGE_CLAIM,5135.18,False,0,0,2668.27,652,12,2,7,1,6.266667951111112,REQUEST_EVIDENCE
WRONG_ITEM_CLAIM,2105.27,True,1,0,2316.43,1143,7,2,4,0,11.500002966944445,APPROVE
SHORTAGE_CLAIM,1923.07,False,0,0,1325.65,1218,11,4,5,2,25.800005799999997,REQUEST_EVIDENCE
SUBSTITUTED_RETURN_CLAIM,2618.84,False,0,1,1724.72,1223,6,3,3,0,31.61667402638889,REQUEST_EVIDENCE
SUBSTITUTED_RETURN_CLAIM,6977.29,False,0,0,2511.24,789,5,1,2,0,14.183336832222222,REQUEST_EVIDENCE
NON_DELIVERY_CLAIM,2160.97,False,0,0,2667.56,823,7,4,3,0,29.933340334166665,REQUEST_EVIDENCE
SUBSTITUTED_RETURN_CLAIM,3217.98,False,0,0,504.4,1236,12,6,5,0,6.750001381944444,REQUEST_EVIDENCE
WRONG_ITEM_CLAIM,3433.87,False,0,0,1067.43,1249,12,4,4,0,5.083334380555556,REQUEST_EVIDENCE
NON_DELIVERY_CLAIM,2834.39,False,0,1,1650.3,834,8,4,2,1,14.88333697138889,REQUEST_EVIDENCE
SHORTAGE_CLAIM,5195.81,False,0,1,2670.88,110,13,7,1,2,1.8500004025,DENY
SHORTAGE_CLAIM,2365.09,True,1,2,1649.74,1130,8,1,6,0,4.2833342227777775,APPROVE
NON_DELIVERY_CLAIM,1667.24,False,0,3,4912.45,746,6,1,4,0,8.85000239611111,REQUEST_EVIDENCE
NON_DELIVERY_CLAIM,1887.87,False,0,0,1921.01,179,12,3,7,2,0.6333334902777777,REQUEST_EVIDENCE
WRONG_ITEM_CLAIM,1509.74,True,1,0,352.66,1488,3,0,3,0,44.21667653138889,APPROVE
WRONG_ITEM_CLAIM,1381.93,True,1,1,2779.56,743,3,0,2,1,20.75000480388889,APPROVE
NON_DELIVERY_CLAIM,2422.8,False,0,0,2065.5,1450,7,3,3,1,33.38334104305556,REQUEST_EVIDENCE
SUBSTITUTED_RETURN_CLAIM,5874.34,True,1,4,3769.08,707,10,3,6,1,19.116671149444446,ESCALATE
SHORTAGE_CLAIM,1742.31,False,0,0,255.46,1478,9,5,1,1,6.483334663888889,REQUEST_EVIDENCE
NON_DELIVERY_CLAIM,2917.15,True,1,0,947.07,828,9,1,6,2,0.7000001699999999,APPROVE
WRONG_ITEM_CLAIM,2308.62,True,1,1,2292.48,481,13,5,8,0,10.566669450833334,APPROVE
WRONG_ITEM_CLAIM,4957.97,True,1,0,2042.18,1214,5,2,3,0,5.033334371111111,APPROVE
SUBSTITUTED_RETURN_CLAIM,2832.01,True,1,0,2289.33,690,11,7,2,1,24.666672241666667,APPROVE
SUBSTITUTED_RETURN_CLAIM,854.08,True,1,1,263.39,822,13,4,6,1,3.7666674533333335,APPROVE
NON_DELIVERY_CLAIM,1406.24,True,1,0,1946.16,1471,10,3,6,0,41.20000927583333,APPROVE
SUBSTITUTED_RETURN_CLAIM,1541.34,True,1,1,1950.93,1366,13,6,7,0,5.566667812222222,APPROVE
WRONG_ITEM_CLAIM,5479.42,False,0,4,3470.4,1125,11,7,2,1,38.983342173888886,REQUEST_EVIDENCE
NON_DELIVERY_CLAIM,2967.54,True,1,0,1390.28,525,15,2,7,2,14.283336853055555,APPROVE
SHORTAGE_CLAIM,3225.28,False,0,2,2123.26,914,8,2,4,1,0.9666668947222222,REQUEST_EVIDENCE
NON_DELIVERY_CLAIM,5695.33,True,1,1,1419.46,284,8,5,3,0,2.3000004966666667,ESCALATE
SUBSTITUTED_RETURN_CLAIM,7134.95,False,0,0,1015.1,929,8,2,5,1,16.16667056611111,REQUEST_EVIDENCE
SHORTAGE_CLAIM,2068.42,True,1,0,2700.73,951,9,3,4,1,4.3833342477777775,DENY
WRONG_ITEM_CLAIM,3727.11,True,1,0,2477.12,848,8,3,3,0,22.06667173527778,APPROVE
NON_DELIVERY_CLAIM,2064.76,False,0,0,1659.93,446,11,3,6,0,10.950002863611111,REQUEST_EVIDENCE
NON_DELIVERY_CLAIM,2350.35,False,0,0,1272.93,619,9,0,8,0,4.050000845833333,REQUEST_EVIDENCE
SHORTAGE_CLAIM,2488.54,True,1,1,525.19,618,11,3,6,2,29.733340298333335,APPROVE
WRONG_ITEM_CLAIM,1065.89,False,0,4,3427.47,972,3,0,3,0,8.85000225,REQUEST_EVIDENCE
WRONG_ITEM_CLAIM,310.75,False,0,0,1906.06,224,12,3,8,1,7.583334887777777,REQUEST_EVIDENCE
SUBSTITUTED_RETURN_CLAIM,1154.91,False,0,1,303.87,256,9,6,2,1,8.03333498111111,REQUEST_EVIDENCE
WRONG_ITEM_CLAIM,2256.16,False,0,0,1302.75,473,4,1,3,0,5.183334405555556,REQUEST_EVIDENCE
WRONG_ITEM_CLAIM,5131.41,True,1,1,433.06,644,7,1,4,1,11.016669545000001,ESCALATE
SUBSTITUTED_RETURN_CLAIM,2230.84,True,1,0,629.05,373,7,5,2,0,4.983334367777777,APPROVE
WRONG_ITEM_CLAIM,2670.23,False,0,0,1162.58,266,11,3,7,0,20.316671393611113,REQUEST_EVIDENCE
SHORTAGE_CLAIM,4861.71,False,0,4,5309.57,1456,9,2,6,1,19.73333794388889,DENY
SHORTAGE_CLAIM,762.51,True,1,4,2786.15,609,9,4,5,0,18.666671067777777,APPROVE
NON_DELIVERY_CLAIM,2920.67,True,1,0,238.21,41,8,5,1,1,1.700000381111111,APPROVE
SHORTAGE_CLAIM,2561.92,True,1,0,2112.42,282,8,3,5,0,19.083337815277776,DENY
SHORTAGE_CLAIM,1756.18,False,0,0,1782.13,980,10,7,3,0,6.800001399166667,REQUEST_EVIDENCE
SHORTAGE_CLAIM,5176.07,False,0,1,181.47,892,4,1,3,0,9.716669286944445,REQUEST_EVIDENCE
NON_DELIVERY_CLAIM,696.27,False,0,1,1873.72,184,11,4,7,0,3.2500006891666664,REQUEST_EVIDENCE
WRONG_ITEM_CLAIM,1169.68,True,1,0,1438.47,889,6,3,3,0,47.58334386305555,APPROVE
NON_DELIVERY_CLAIM,654.94,False,0,2,1420.71,1310,6,2,3,0,52.733345005277776,REQUEST_EVIDENCE
NON_DELIVERY_CLAIM,4774.88,True,1,0,2687.1,194,12,6,5,0,0.8666668483333333,APPROVE
WRONG_ITEM_CLAIM,958.93,True,1,0,880.72,1142,3,2,1,0,33.433341061111115,APPROVE
SHORTAGE_CLAIM,6979.08,True,1,1,2012.61,1319,7,2,4,0,5.800001196944445,DENY
SHORTAGE_CLAIM,1584.82,False,0,0,286.66,510,7,2,4,0,3.950000828611111,REQUEST_EVIDENCE
NON_DELIVERY_CLAIM,4038.84,True,1,1,2608.25,1173,8,3,4,0,20.8833381725,APPROVE
WRONG_ITEM_CLAIM,4007.32,False,0,0,1058.69,661,10,3,6,0,4.6000009575,REQUEST_EVIDENCE
WRONG_ITEM_CLAIM,2359.22,False,0,1,2456.85,1075,7,1,5,0,7.666668238333333,REQUEST_EVIDENCE
SHORTAGE_CLAIM,488.44,True,1,1,1334.76,1377,9,4,3,1,4.000000838333333,APPROVE
SUBSTITUTED_RETURN_CLAIM,551.45,True,1,0,2527.63,1344,8,2,4,0,30.633340482777776,APPROVE
NON_DELIVERY_CLAIM,275.23,False,0,1,1810.91,604,8,2,5,1,9.650002560277777,REQUEST_EVIDENCE
SUBSTITUTED_RETURN_CLAIM,1506.78,True,1,0,2743.23,1105,7,2,1,2,49.533344246388886,APPROVE
SUBSTITUTED_RETURN_CLAIM,2077.49,True,1,1,2863.67,99,9,4,4,0,34.750007993055554,APPROVE
SHORTAGE_CLAIM,2235.44,False,0,0,248.01,1180,9,4,5,0,15.650003798333334,DENY
SHORTAGE_CLAIM,591.63,False,0,1,2139.33,798,8,1,4,0,23.016671925277777,DENY
NON_DELIVERY_CLAIM,4098.08,False,0,0,343.38,596,9,2,5,2,56.28334569583333,REQUEST_EVIDENCE
SHORTAGE_CLAIM,2693.63,False,0,1,2673.83,1413,8,6,1,0,33.68334111083333,REQUEST_EVIDENCE
WRONG_ITEM_CLAIM,3704.48,False,0,1,2698.77,1173,4,1,3,0,61.05001340333334,REQUEST_EVIDENCE
WRONG_ITEM_CLAIM,4182.44,False,0,0,1011.09,44,9,5,4,0,6.216667946944444,REQUEST_EVIDENCE
SHORTAGE_CLAIM,4075.55,False,0,1,2803.3,801,10,6,3,0,27.716672858611112,REQUEST_EVIDENCE
SHORTAGE_CLAIM,1314.97,False,0,0,764.99,978,6,3,3,0,21.083338211944444,DENY
NON_DELIVERY_CLAIM,369.7,True,1,0,883.26,130,6,3,3,0,3.6666674386111113,APPROVE
NON_DELIVERY_CLAIM,2009.45,True,1,2,1391.28,215,6,2,3,1,43.31667636888889,APPROVE
SHORTAGE_CLAIM,3784.48,True,1,1,2095.45,1036,1,1,0,0,37.00000843944444,APPROVE
SUBSTITUTED_RETURN_CLAIM,3402.36,True,1,4,3020.44,736,9,3,5,0,31.933340768888886,APPROVE
SUBSTITUTED_RETURN_CLAIM,2048.7,False,0,0,1096.77,717,4,4,0,0,89.76668657416667,REQUEST_EVIDENCE
SHORTAGE_CLAIM,3303.42,False,0,0,2057.04,602,8,4,3,1,1.8833337469444444,DENY
WRONG_ITEM_CLAIM,1689.03,True,1,1,4996.81,774,5,3,2,0,62.133347002777775,APPROVE
SUBSTITUTED_RETURN_CLAIM,3971.24,True,1,0,72.62,260,4,2,1,0,13.966670134444444,APPROVE
SHORTAGE_CLAIM,1253.94,False,0,0,306.82,1305,4,1,3,0,23.30000531583333,REQUEST_EVIDENCE
WRONG_ITEM_CLAIM,1583.24,False,0,0,1370.24,124,8,3,3,1,36.41667499138889,REQUEST_EVIDENCE
SHORTAGE_CLAIM,1954.41,False,0,0,508.75,818,7,2,2,1,45.500010126666666,DENY
WRONG_ITEM_CLAIM,2625.64,True,1,1,645.4,323,6,2,3,1,17.11667075777778,APPROVE
WRONG_ITEM_CLAIM,385.46,False,0,4,1372.8,925,10,4,5,0,19.266671186944446,REQUEST_EVIDENCE
SHORTAGE_CLAIM,3248.62,True,1,3,1723.01,324,11,1,6,0,7.866668278888889,APPROVE
SUBSTITUTED_RETURN_CLAIM,3992.99,False,0,0,925.26,471,7,3,2,0,8.650001771666666,REQUEST_EVIDENCE
SHORTAGE_CLAIM,759.51,False,0,0,1259.48,1276,9,4,4,0,29.633339917222223,REQUEST_EVIDENCE
WRONG_ITEM_CLAIM,2198.31,True,1,1,242.88,1444,6,2,3,1,17.300004129722222,APPROVE
SHORTAGE_CLAIM,4218.66,False,0,0,1371.96,93,11,2,8,1,3.3666673794444444,REQUEST_EVIDENCE
SHORTAGE_CLAIM,4360.72,True,1,1,96.69,933,6,3,3,0,31.95000744,APPROVE
SUBSTITUTED_RETURN_CLAIM,3981.02,True,1,0,1534.67,942,5,3,1,1,33.43334106333334,APPROVE
SHORTAGE_CLAIM,978.34,False,0,0,1899.72,471,9,4,5,0,3.933334159166667,REQUEST_EVIDENCE
WRONG_ITEM_CLAIM,1458.03,False,0,0,403.46,971,15,7,7,0,1.8500004055555557,REQUEST_EVIDENCE
SHORTAGE_CLAIM,2483.54,True,1,4,6658.13,1181,9,3,5,0,31.716674063055557,DENY
NON_DELIVERY_CLAIM,567.57,True,1,0,1849.05,949,6,1,5,0,24.883338959166664,APPROVE
WRONG_ITEM_CLAIM,1711.18,False,0,0,853.61,40,9,2,4,2,21.76667168111111,REQUEST_EVIDENCE
NON_DELIVERY_CLAIM,3525.91,False,0,0,2316.43,1143,8,3,4,0,1.5833336577777777,REQUEST_EVIDENCE
SHORTAGE_CLAIM,617.92,False,0,2,853.83,749,5,0,3,0,17.833337568333334,REQUEST_EVIDENCE
WRONG_ITEM_CLAIM,1686.94,True,1,1,1812.16,572,9,5,1,0,10.850002848611112,APPROVE
WRONG_ITEM_CLAIM,2487.24,False,0,0,2010.43,456,7,3,2,2,6.633334696388888,REQUEST_EVIDENCE
NON_DELIVERY_CLAIM,498.92,False,0,0,779.42,664,11,4,7,0,9.066668521944443,REQUEST_EVIDENCE
SUBSTITUTED_RETURN_CLAIM,2510.41,True,1,0,2626.54,485,8,3,4,0,11.766669694166668,APPROVE
SHORTAGE_CLAIM,1688.28,True,1,1,1395.76,1224,11,2,7,0,13.61667006361111,APPROVE
SHORTAGE_CLAIM,2318.52,True,1,1,1946.54,731,9,1,7,1,5.966667897500001,APPROVE
WRONG_ITEM_CLAIM,3137.62,False,0,4,3020.44,736,10,4,5,0,0.5000000991666667,REQUEST_EVIDENCE
WRONG_ITEM_CLAIM,3301.37,False,0,0,437.83,1258,6,3,1,1,65.11668120638889,REQUEST_EVIDENCE
SHORTAGE_CLAIM,3726.5,True,1,3,5874.63,743,7,6,1,0,16.350003937222223,APPROVE
SUBSTITUTED_RETURN_CLAIM,2382.49,True,1,2,1151.45,648,13,4,7,0,3.1333339994444445,APPROVE
WRONG_ITEM_CLAIM,2442.5,True,1,1,352.04,374,10,4,4,0,17.583337517222223,APPROVE
SUBSTITUTED_RETURN_CLAIM,1701.94,False,0,0,2881.03,120,10,4,3,1,10.633336136111112,REQUEST_EVIDENCE
SHORTAGE_CLAIM,4139.4,False,0,0,2976.91,458,7,2,3,0,7.633334896388888,DENY
WRONG_ITEM_CLAIM,4263.57,False,0,2,2307.66,1355,16,7,7,1,3.150000669722222,REQUEST_EVIDENCE
WRONG_ITEM_CLAIM,1723.03,False,0,0,2065.84,623,9,5,4,0,7.400001515555555,REQUEST_EVIDENCE
WRONG_ITEM_CLAIM,2406.63,True,1,1,1877.38,740,10,2,6,1,18.750004418055553,APPROVE
SUBSTITUTED_RETURN_CLAIM,1855.37,True,1,2,1826.62,1154,9,4,5,0,10.100002492777778,APPROVE
SUBSTITUTED_RETURN_CLAIM,1453.79,True,1,1,85.12,1219,6,2,3,0,20.150004694444444,APPROVE
NON_DELIVERY_CLAIM,1765.86,False,0,1,1331.96,1330,4,2,2,0,5.0333343775,REQUEST_EVIDENCE
NON_DELIVERY_CLAIM,7282.35,True,1,0,2947.14,1282,11,6,3,1,44.133343196666665,ESCALATE
WRONG_ITEM_CLAIM,2044.43,True,1,0,2141.3,1469,11,4,6,1,18.33333766638889,APPROVE
SHORTAGE_CLAIM,1206.75,False,0,3,5731.08,1386,9,4,4,1,10.000002229166668,REQUEST_EVIDENCE
SUBSTITUTED_RETURN_CLAIM,3344.34,False,0,1,960.7,661,8,4,4,0,9.250001890277778,REQUEST_EVIDENCE
SUBSTITUTED_RETURN_CLAIM,2221.03,False,0,1,1630.5,299,7,1,3,1,21.516671632500003,REQUEST_EVIDENCE
NON_DELIVERY_CLAIM,1928.43,True,1,1,2764.6,1017,7,3,3,1,13.766670091111111,APPROVE
WRONG_ITEM_CLAIM,2993.97,True,1,1,2764.6,1017,8,4,3,1,0.016666669999999998,APPROVE
WRONG_ITEM_CLAIM,7122.79,False,0,1,604.39,145,14,4,7,1,3.8000007972222223,REQUEST_EVIDENCE
NON_DELIVERY_CLAIM,2994.12,False,0,0,1588.25,1395,10,5,4,1,10.450002596666666,REQUEST_EVIDENCE
NON_DELIVERY_CLAIM,1755.02,False,0,0,1382.81,1188,8,4,4,0,9.533335280555557,REQUEST_EVIDENCE
SUBSTITUTED_RETURN_CLAIM,3866.77,False,0,4,3034.13,818,13,4,7,0,6.283334626388889,REQUEST_EVIDENCE
NON_DELIVERY_CLAIM,6160.77,True,1,4,2683.58,1062,5,2,3,0,25.433339067222224,ESCALATE
SUBSTITUTED_RETURN_CLAIM,4816.51,False,0,3,1442.55,1147,7,3,2,0,13.316670002499999,REQUEST_EVIDENCE
NON_DELIVERY_CLAIM,2868.56,False,0,0,1573.94,162,5,3,2,0,34.06667452083333,REQUEST_EVIDENCE
NON_DELIVERY_CLAIM,238.28,True,1,1,2512.43,879,3,0,3,0,20.150004695,APPROVE
WRONG_ITEM_CLAIM,4113.79,False,0,0,995.16,643,4,1,3,0,39.86667568666667,REQUEST_EVIDENCE
WRONG_ITEM_CLAIM,3384.93,True,1,1,2521.92,1435,17,5,10,0,19.983337994722223,APPROVE
SHORTAGE_CLAIM,7517.54,True,1,1,1728.05,1291,6,2,3,1,5.666667835277778,ESCALATE
SHORTAGE_CLAIM,3853.59,True,1,4,5503.38,253,7,4,2,0,2.9333339580555555,DENY
SUBSTITUTED_RETURN_CLAIM,6284.55,True,1,0,219.59,697,8,3,3,1,3.8500008061111113,ESCALATE
NON_DELIVERY_CLAIM,6671.33,False,0,0,2042.18,1214,6,3,3,0,1.9500003919444444,REQUEST_EVIDENCE
NON_DELIVERY_CLAIM,819.63,False,0,1,2829.16,206,6,5,1,0,36.433341660555556,REQUEST_EVIDENCE
NON_DELIVERY_CLAIM,2126.01,False,0,0,1580.05,1061,11,1,8,1,9.500001938055554,REQUEST_EVIDENCE
SUBSTITUTED_RETURN_CLAIM,3418.98,False,0,0,1593.19,218,7,2,4,0,19.0333378075,REQUEST_EVIDENCE
SUBSTITUTED_RETURN_CLAIM,7128.08,False,0,0,1390.28,525,16,3,7,2,1.9166670516666666,REQUEST_EVIDENCE
NON_DELIVERY_CLAIM,2107.16,True,1,1,1630.5,299,8,1,4,1,0.35000006805555556,APPROVE
SUBSTITUTED_RETURN_CLAIM,2488.21,False,0,1,1539.71,289,15,5,8,1,14.06667015,REQUEST_EVIDENCE
WRONG_ITEM_CLAIM,1788.31,False,0,0,2542.0,1396,10,4,5,1,5.183334404722222,REQUEST_EVIDENCE
SHORTAGE_CLAIM,1031.97,False,0,0,722.49,873,7,3,3,0,26.200005884722223,REQUEST_EVIDENCE
NON_DELIVERY_CLAIM,1731.22,True,1,0,1565.31,1336,8,6,2,0,14.500003570277778,APPROVE
SHORTAGE_CLAIM,1504.0,False,0,1,2803.3,801,11,6,4,0,1.3000002563888888,DENY
NON_DELIVERY_CLAIM,1570.44,False,0,0,1758.48,1387,10,3,4,1,15.733337147777778,REQUEST_EVIDENCE
NON_DELIVERY_CLAIM,2253.57,False,0,3,1442.55,1147,8,3,3,0,0.3333333986111111,REQUEST_EVIDENCE
SHORTAGE_CLAIM,2150.6,True,1,3,5911.44,1222,8,2,4,0,29.033339784722223,DENY
SHORTAGE_CLAIM,8887.02,True,1,2,1432.36,860,3,1,2,0,50.333344405,ESCALATE
WRONG_ITEM_CLAIM,4121.82,True,1,1,2977.46,1202,7,4,1,1,54.26667864277778,APPROVE
SHORTAGE_CLAIM,6407.06,True,1,0,768.86,251,4,3,1,0,4.883334345,DENY
NON_DELIVERY_CLAIM,269.38,True,1,0,393.83,1371,10,4,5,1,12.350003143055556,APPROVE
SUBSTITUTED_RETURN_CLAIM,8410.25,False,0,0,2353.32,1166,8,5,1,2,8.41666838361111,REQUEST_EVIDENCE
SUBSTITUTED_RETURN_CLAIM,4348.17,True,1,0,2316.43,1143,9,3,5,0,1.0000001961111111,APPROVE
WRONG_ITEM_CLAIM,1971.76,False,0,0,1355.74,935,5,1,3,0,15.266670390555555,REQUEST_EVIDENCE
SUBSTITUTED_RETURN_CLAIM,4550.51,True,1,1,520.95,129,6,2,2,0,4.266667554444444,APPROVE
SHORTAGE_CLAIM,1881.36,False,0,3,2756.82,1053,8,5,3,0,15.633337128055555,DENY
WRONG_ITEM_CLAIM,6228.43,True,1,1,622.39,1115,12,4,7,0,13.66667007138889,ESCALATE
WRONG_ITEM_CLAIM,4716.18,True,1,3,4912.45,746,7,1,5,0,2.5000005022222225,APPROVE
SHORTAGE_CLAIM,5333.69,True,1,1,182.1,175,12,5,6,0,38.86667547416666,DENY
SUBSTITUTED_RETURN_CLAIM,2265.89,True,1,1,770.91,880,12,3,8,0,7.816668262777777,APPROVE
SHORTAGE_CLAIM,3583.07,False,0,3,3578.46,441,6,4,1,1,17.866670904444444,REQUEST_EVIDENCE
WRONG_ITEM_CLAIM,1667.89,True,1,2,2570.25,731,11,7,4,0,24.23333883333333,APPROVE
SUBSTITUTED_RETURN_CLAIM,753.02,True,1,1,4623.76,328,8,4,3,0,21.73333833972222,APPROVE
SUBSTITUTED_RETURN_CLAIM,1760.71,False,0,1,1649.9,1210,12,6,6,0,20.783338153333332,REQUEST_EVIDENCE
SUBSTITUTED_RETURN_CLAIM,977.61,False,0,0,2383.8,1032,6,4,2,0,43.85000980666666,REQUEST_EVIDENCE
SUBSTITUTED_RETURN_CLAIM,2158.69,False,0,0,948.72,467,5,2,2,0,9.500001934166667,REQUEST_EVIDENCE
WRONG_ITEM_CLAIM,5552.7,True,1,2,4188.03,363,7,4,3,0,37.800008596944444,ESCALATE
WRONG_ITEM_CLAIM,2080.35,True,1,1,1334.76,1377,10,5,3,1,1.8833337055555555,APPROVE
SUBSTITUTED_RETURN_CLAIM,3637.17,True,1,0,2990.55,1063,11,3,5,1,8.0000016325,APPROVE
NON_DELIVERY_CLAIM,1248.39,True,1,1,2639.85,1195,10,1,8,0,6.066667913611111,APPROVE
SUBSTITUTED_RETURN_CLAIM,2120.17,True,1,1,359.93,425,7,4,3,0,43.91667648666667,APPROVE
NON_DELIVERY_CLAIM,4456.39,False,0,1,1975.22,316,4,3,1,0,11.750003023055557,REQUEST_EVIDENCE
SUBSTITUTED_RETURN_CLAIM,1725.3,True,1,4,6970.61,414,8,2,5,0,17.950004255277776,APPROVE
NON_DELIVERY_CLAIM,1077.02,False,0,1,729.14,508,6,1,3,0,13.633336731388889,REQUEST_EVIDENCE
SHORTAGE_CLAIM,4729.85,True,1,0,2010.43,456,8,3,3,2,1.3166669258333334,APPROVE
WRONG_ITEM_CLAIM,4112.53,False,0,0,202.09,1191,10,4,4,2,5.200001074444445,REQUEST_EVIDENCE
NON_DELIVERY_CLAIM,2401.55,True,1,2,667.66,311,8,3,5,0,10.8000022025,APPROVE
WRONG_ITEM_CLAIM,2151.44,True,1,1,729.95,695,12,3,8,1,21.150004891666665,APPROVE
WRONG_ITEM_CLAIM,5811.89,True,1,2,981.87,220,7,4,0,2,10.850002216111111,ESCALATE
NON_DELIVERY_CLAIM,1770.32,False,0,0,2165.02,448,7,4,2,0,21.983338389166665,REQUEST_EVIDENCE
SHORTAGE_CLAIM,3154.13,True,1,2,2123.26,914,9,2,5,1,2.6166671872222222,APPROVE
NON_DELIVERY_CLAIM,2117.05,True,1,1,1876.05,727,8,3,4,0,6.250001283055555,APPROVE
SUBSTITUTED_RETURN_CLAIM,2121.77,True,1,0,2147.01,261,6,2,3,0,34.91667468722222,APPROVE
WRONG_ITEM_CLAIM,5280.16,True,1,3,7678.48,1242,5,2,3,0,8.450001721666666,ESCALATE
SHORTAGE_CLAIM,1819.67,True,1,1,5708.94,1446,9,2,6,1,6.333334632500001,DENY
SHORTAGE_CLAIM,2389.24,False,0,0,1291.85,249,4,1,2,1,44.416676583888886,REQUEST_EVIDENCE
WRONG_ITEM_CLAIM,3728.72,False,0,1,953.85,325,10,1,7,0,15.36667040861111,REQUEST_EVIDENCE
SHORTAGE_CLAIM,1588.08,True,1,0,354.92,559,9,4,4,1,7.266668153888889,APPROVE
NON_DELIVERY_CLAIM,2111.82,False,0,1,417.54,975,8,3,1,4,4.350000905277778,REQUEST_EVIDENCE
SHORTAGE_CLAIM,2376.04,False,0,0,2777.07,430,6,2,4,0,9.43333525361111,REQUEST_EVIDENCE
NON_DELIVERY_CLAIM,7721.05,True,1,1,2804.74,725,7,3,2,0,4.8000009936111105,ESCALATE
WRONG_ITEM_CLAIM,885.34,False,0,0,1650.72,791,9,5,4,0,6.966668091111111,REQUEST_EVIDENCE
WRONG_ITEM_CLAIM,4227.1,True,1,0,22.04,744,7,2,5,0,44.33334323472222,APPROVE
SUBSTITUTED_RETURN_CLAIM,4935.82,True,1,0,2198.87,770,9,2,3,2,7.750001580833333,APPROVE
SUBSTITUTED_RETURN_CLAIM,3225.54,True,1,1,1116.04,1351,11,5,5,1,11.166668953333334,APPROVE
WRONG_ITEM_CLAIM,1956.1,True,1,0,2883.64,98,4,0,3,1,11.833336296111112,APPROVE
WRONG_ITEM_CLAIM,2496.59,False,0,1,1598.16,1087,13,8,5,0,22.083338409444444,REQUEST_EVIDENCE
WRONG_ITEM_CLAIM,2258.47,False,0,0,2595.2,1207,13,8,5,0,3.6833340999999997,REQUEST_EVIDENCE
WRONG_ITEM_CLAIM,1651.28,False,0,0,1274.66,769,7,4,2,0,18.76667111833333,REQUEST_EVIDENCE
SHORTAGE_CLAIM,1794.72,True,1,0,2955.83,244,7,3,2,2,4.616667659722222,APPROVE
WRONG_ITEM_CLAIM,2739.02,True,1,0,2689.85,1455,5,3,0,2,8.416668415555556,APPROVE
SHORTAGE_CLAIM,9123.66,True,1,0,297.25,1058,7,2,4,1,15.883337214166668,DENY
SUBSTITUTED_RETURN_CLAIM,4919.83,True,1,0,2255.89,238,8,1,2,1,19.86667133583333,APPROVE
SHORTAGE_CLAIM,4708.43,True,1,0,1822.4,1235,3,0,3,0,14.250003553055556,APPROVE
NON_DELIVERY_CLAIM,3339.39,False,0,1,2458.81,373,9,3,3,3,16.95000408888889,REQUEST_EVIDENCE
WRONG_ITEM_CLAIM,1822.39,False,0,0,1806.06,369,9,5,1,0,14.100003524166667,REQUEST_EVIDENCE
NON_DELIVERY_CLAIM,4270.78,False,0,1,939.22,1161,9,4,5,0,17.40000417611111,REQUEST_EVIDENCE
SHORTAGE_CLAIM,597.63,True,1,0,1554.89,1408,11,3,4,2,8.300001725,DENY
SUBSTITUTED_RETURN_CLAIM,2269.27,False,0,1,1221.02,1025,9,6,2,0,12.783336596944444,REQUEST_EVIDENCE
SUBSTITUTED_RETURN_CLAIM,2424.88,False,0,1,1241.96,1185,6,3,1,1,22.91667194277778,REQUEST_EVIDENCE
SHORTAGE_CLAIM,1928.6,False,0,0,2147.01,261,7,3,3,0,0.46666679333333333,DENY
WRONG_ITEM_CLAIM,4876.66,True,1,1,478.11,179,14,6,8,0,14.366670243055555,APPROVE
NON_DELIVERY_CLAIM,1870.9,False,0,0,2217.55,1422,8,3,5,0,35.73334155027778,REQUEST_EVIDENCE
SUBSTITUTED_RETURN_CLAIM,3082.6,False,0,0,2700.73,951,10,3,4,1,3.116667319722222,REQUEST_EVIDENCE
SUBSTITUTED_RETURN_CLAIM,3651.96,True,1,3,2756.82,1053,9,5,3,0,0.9833335616666666,APPROVE
NON_DELIVERY_CLAIM,4310.73,False,0,4,3034.13,818,14,4,8,0,1.53333367,REQUEST_EVIDENCE
WRONG_ITEM_CLAIM,2648.05,True,1,2,422.27,1016,7,0,6,0,8.333335064166667,APPROVE
WRONG_ITEM_CLAIM,541.68,False,0,1,297.88,271,6,5,1,0,54.38334537,REQUEST_EVIDENCE
NON_DELIVERY_CLAIM,696.74,False,0,1,604.39,145,15,4,8,1,1.6333336894444446,REQUEST_EVIDENCE
SHORTAGE_CLAIM,6138.63,True,1,1,1071.13,1041,5,3,2,0,94.96668771444445,ESCALATE
WRONG_ITEM_CLAIM,1509.71,True,1,0,393.83,1371,11,5,5,1,1.1666669313888889,APPROVE
SHORTAGE_CLAIM,704.85,False,0,0,2770.91,106,7,4,2,1,16.566670681111113,REQUEST_EVIDENCE
WRONG_ITEM_CLAIM,182.51,False,0,1,1877.38,740,11,3,6,1,1.883333738888889,REQUEST_EVIDENCE
WRONG_ITEM_CLAIM,3522.36,False,0,0,248.01,1180,10,4,5,0,2.733333907222222,REQUEST_EVIDENCE
SHORTAGE_CLAIM,2388.77,True,1,0,2987.88,692,5,2,3,0,5.583334515833333,DENY
NON_DELIVERY_CLAIM,4530.79,False,0,0,717.19,1173,10,3,5,1,26.416672629166666,REQUEST_EVIDENCE
SHORTAGE_CLAIM,5766.58,False,0,1,2412.26,850,7,3,3,0,18.316671025555557,REQUEST_EVIDENCE
SHORTAGE_CLAIM,4335.72,True,1,1,2472.57,1145,4,1,2,1,50.48334447111112,DENY
NON_DELIVERY_CLAIM,5694.79,False,0,0,1284.44,155,9,3,5,1,13.416670053055556,REQUEST_EVIDENCE
WRONG_ITEM_CLAIM,4118.53,True,1,2,985.37,589,7,2,4,1,8.333335063611111,APPROVE
SUBSTITUTED_RETURN_CLAIM,4136.68,True,1,0,715.72,1294,17,8,8,0,25.916672531666666,APPROVE
WRONG_ITEM_CLAIM,3703.3,False,0,1,4234.3,642,7,1,3,2,15.016670371388887,REQUEST_EVIDENCE
NON_DELIVERY_CLAIM,3169.06,False,0,2,1400.45,357,7,5,2,0,11.650002401944445,REQUEST_EVIDENCE
SUBSTITUTED_RETURN_CLAIM,6465.74,False,0,0,793.19,814,6,3,3,0,33.7833411375,REQUEST_EVIDENCE
SHORTAGE_CLAIM,2645.99,False,0,0,2378.22,926,3,1,2,0,53.80001191916667,REQUEST_EVIDENCE
SHORTAGE_CLAIM,4620.48,True,1,0,1508.51,42,7,3,4,0,5.0500010769444446,DENY
WRONG_ITEM_CLAIM,3737.09,True,1,1,1950.93,1366,14,7,7,0,3.6000007505555556,APPROVE
WRONG_ITEM_CLAIM,3464.19,False,0,0,380.46,376,10,1,5,2,14.566670281666665,REQUEST_EVIDENCE
SUBSTITUTED_RETURN_CLAIM,154.69,False,0,0,2736.31,1438,9,2,6,0,10.600002184166666,REQUEST_EVIDENCE
SUBSTITUTED_RETURN_CLAIM,3157.93,True,1,0,1772.25,371,4,1,2,0,15.46667046027778,APPROVE
NON_DELIVERY_CLAIM,654.09,True,1,0,2536.55,1403,9,3,6,0,18.95000448472222,APPROVE
SHORTAGE_CLAIM,4266.24,True,1,4,3769.08,707,11,3,6,2,3.8166674605555557,APPROVE
NON_DELIVERY_CLAIM,1577.11,False,0,1,664.1,251,6,3,2,1,10.916668913333334,REQUEST_EVIDENCE
WRONG_ITEM_CLAIM,2465.23,False,0,0,1872.5,1079,8,3,4,1,9.733335342499998,REQUEST_EVIDENCE
SHORTAGE_CLAIM,2494.34,True,1,3,1116.41,1003,8,4,3,0,17.266670816666668,DENY
SUBSTITUTED_RETURN_CLAIM,1610.13,True,1,1,1539.71,289,16,5,9,1,1.7666670483333335,APPROVE
SHORTAGE_CLAIM,5808.28,False,0,0,2290.71,671,13,5,4,2,11.333335665833333,REQUEST_EVIDENCE
NON_DELIVERY_CLAIM,4232.63,True,1,1,1224.78,1045,9,4,4,1,39.98334239361111,APPROVE
SHORTAGE_CLAIM,4567.13,False,0,1,1071.13,1041,6,3,2,1,0.4833334269444444,REQUEST_EVIDENCE
SHORTAGE_CLAIM,1248.78,False,0,1,478.11,179,15,7,8,0,0.6333334561111111,REQUEST_EVIDENCE
SUBSTITUTED_RETURN_CLAIM,6721.88,False,0,0,2537.9,338,11,5,4,1,25.25000573388889,REQUEST_EVIDENCE
WRONG_ITEM_CLAIM,4913.21,True,1,1,242.88,1444,7,3,3,1,2.800000583888889,APPROVE
SUBSTITUTED_RETURN_CLAIM,8757.29,False,0,1,1559.85,813,7,3,3,1,9.116668551111111,REQUEST_EVIDENCE
WRONG_ITEM_CLAIM,767.22,False,0,0,146.85,112,12,6,5,0,11.766669086666667,REQUEST_EVIDENCE
NON_DELIVERY_CLAIM,6300.23,True,1,1,2820.88,58,12,4,6,0,6.583334712777778,ESCALATE
SHORTAGE_CLAIM,3565.23,False,0,0,2477.12,848,9,4,3,0,3.8000007855555555,DENY
WRONG_ITEM_CLAIM,851.68,True,1,0,2211.35,1152,17,6,9,1,10.216668771111111,APPROVE
SUBSTITUTED_RETURN_CLAIM,1007.72,True,1,0,1866.94,304,5,3,2,0,38.73334214722222,APPROVE
WRONG_ITEM_CLAIM,2338.87,True,1,0,2118.68,443,11,5,2,4,9.13333522,APPROVE
SHORTAGE_CLAIM,2621.79,False,0,3,6265.87,429,4,1,3,0,11.283335651666667,REQUEST_EVIDENCE
SHORTAGE_CLAIM,986.64,False,0,0,2768.56,570,9,2,7,0,21.71667170222222,REQUEST_EVIDENCE
SHORTAGE_CLAIM,2868.75,True,1,0,2921.77,1446,6,2,3,0,9.566668640277777,APPROVE
SHORTAGE_CLAIM,271.74,True,1,3,4912.45,746,8,2,5,0,1.7500003772222223,APPROVE
NON_DELIVERY_CLAIM,1365.24,False,0,0,1891.95,116,6,3,2,0,24.766672303333333,REQUEST_EVIDENCE
NON_DELIVERY_CLAIM,4604.68,False,0,0,1284.44,155,10,3,6,1,0.6000001163888888,REQUEST_EVIDENCE
NON_DELIVERY_CLAIM,1665.41,True,1,1,1190.02,1452,14,6,7,0,14.933337018055555,APPROVE
SUBSTITUTED_RETURN_CLAIM,4030.43,True,1,1,968.04,373,6,2,2,2,53.150011666666664,APPROVE
NON_DELIVERY_CLAIM,1505.19,False,0,0,1181.15,292,8,1,5,2,17.000004098055555,REQUEST_EVIDENCE
SUBSTITUTED_RETURN_CLAIM,407.05,False,0,1,2018.9,283,9,4,4,1,5.450001154166666,REQUEST_EVIDENCE
WRONG_ITEM_CLAIM,1057.21,True,1,0,348.2,958,12,6,5,0,14.6000036175,APPROVE
SUBSTITUTED_RETURN_CLAIM,642.35,True,1,0,2949.04,441,6,3,2,0,26.16667257972222,APPROVE
WRONG_ITEM_CLAIM,2250.13,False,0,0,1891.95,116,7,3,3,0,0.1333333597222222,REQUEST_EVIDENCE
NON_DELIVERY_CLAIM,1307.52,True,1,1,1413.66,1128,11,6,4,0,11.533335701666665,APPROVE
WRONG_ITEM_CLAIM,1473.98,True,1,1,7943.66,290,9,4,3,1,10.00000206,APPROVE
NON_DELIVERY_CLAIM,527.25,False,0,1,2571.39,378,4,3,1,0,57.9666793975,REQUEST_EVIDENCE
SHORTAGE_CLAIM,2871.18,False,0,0,674.43,959,11,5,3,2,17.583337545000003,REQUEST_EVIDENCE
SHORTAGE_CLAIM,4866.21,True,1,0,111.01,86,8,2,6,0,55.750012303055556,DENY
SUBSTITUTED_RETURN_CLAIM,7381.52,False,0,1,2670.88,110,14,7,1,2,4.5333342694444445,REQUEST_EVIDENCE
WRONG_ITEM_CLAIM,2442.41,False,0,2,877.9,151,6,2,4,0,27.900006253055555,REQUEST_EVIDENCE
NON_DELIVERY_CLAIM,1893.08,False,0,2,2061.2,1237,11,2,6,1,6.250001315,REQUEST_EVIDENCE
SUBSTITUTED_RETURN_CLAIM,2162.46,False,0,1,5324.85,503,10,5,3,1,51.88334474611111,REQUEST_EVIDENCE
SHORTAGE_CLAIM,2230.12,True,1,0,2296.42,718,10,2,7,0,9.866668701944445,APPROVE
NON_DELIVERY_CLAIM,3425.87,False,0,1,5603.62,1156,10,6,2,1,35.28334146583333,REQUEST_EVIDENCE
WRONG_ITEM_CLAIM,3105.46,True,1,1,529.82,1167,9,5,4,0,9.066668543333334,APPROVE
SHORTAGE_CLAIM,3530.71,True,1,1,1728.05,1291,7,2,3,2,2.5666672075,APPROVE
NON_DELIVERY_CLAIM,765.54,True,1,0,2307.02,190,11,6,5,0,18.816671124166668,APPROVE
NON_DELIVERY_CLAIM,3222.88,False,0,0,2018.41,1406,11,5,4,2,27.666672876944443,REQUEST_EVIDENCE
NON_DELIVERY_CLAIM,2146.1,True,1,0,1526.21,820,9,2,7,0,37.91667531388889,APPROVE
WRONG_ITEM_CLAIM,2582.17,False,0,0,1671.0,692,8,4,1,2,18.016670966944446,REQUEST_EVIDENCE
WRONG_ITEM_CLAIM,4711.92,False,0,0,1004.79,1297,12,4,7,1,7.766668283055556,REQUEST_EVIDENCE
NON_DELIVERY_CLAIM,4206.53,True,1,0,1966.77,708,12,7,5,0,7.916668313055555,APPROVE
SHORTAGE_CLAIM,4932.52,False,0,0,2058.55,602,10,1,7,2,5.800001226666667,REQUEST_EVIDENCE
SUBSTITUTED_RETURN_CLAIM,2443.63,False,0,0,1565.31,1336,9,7,2,0,2.500000528888889,REQUEST_EVIDENCE
WRONG_ITEM_CLAIM,1645.61,True,1,0,2808.95,588,11,6,2,1,15.083337051944444,APPROVE
SUBSTITUTED_RETURN_CLAIM,6896.87,False,0,0,1096.77,717,5,4,1,0,3.7166674349999997,REQUEST_EVIDENCE
NON_DELIVERY_CLAIM,2233.76,True,1,0,364.09,624,11,2,4,1,41.83334277583333,APPROVE
WRONG_ITEM_CLAIM,3883.24,True,1,0,1456.01,909,9,6,3,0,11.91666911361111,APPROVE
WRONG_ITEM_CLAIM,139.76,False,0,0,2025.32,231,8,2,2,1,14.250003553611112,REQUEST_EVIDENCE
NON_DELIVERY_CLAIM,6270.1,True,1,0,2536.55,1403,10,4,6,0,0.96666686,ESCALATE
NON_DELIVERY_CLAIM,3091.95,True,1,0,2307.02,190,12,7,5,0,0.23333337972222223,APPROVE
SHORTAGE_CLAIM,1593.17,False,0,1,1877.38,740,12,3,7,1,1.3000002575,DENY
SUBSTITUTED_RETURN_CLAIM,5098.09,False,0,1,1705.43,186,11,2,3,1,14.166670202777778,REQUEST_EVIDENCE
NON_DELIVERY_CLAIM,2526.92,True,1,0,599.0,1005,9,5,4,0,39.35000893722222,APPROVE
WRONG_ITEM_CLAIM,1902.85,True,1,2,6452.83,511,7,3,3,1,10.416668811666668,APPROVE
SHORTAGE_CLAIM,1137.29,False,0,0,1145.31,878,7,3,0,0,6.950001453055555,DENY
SUBSTITUTED_RETURN_CLAIM,2118.13,True,1,0,1761.01,335,9,5,3,0,15.41667045,APPROVE
SUBSTITUTED_RETURN_CLAIM,2752.73,True,1,0,2390.3,1438,6,2,2,2,22.550005202777776,APPROVE
SHORTAGE_CLAIM,1238.81,False,0,0,1672.02,1474,3,1,2,0,23.233338671388886,REQUEST_EVIDENCE
SUBSTITUTED_RETURN_CLAIM,1547.72,True,1,0,1706.0,967,7,4,2,0,71.93334954027777,APPROVE
WRONG_ITEM_CLAIM,507.92,False,0,0,499.09,1021,10,4,5,0,8.766668481388889,REQUEST_EVIDENCE
SHORTAGE_CLAIM,1582.29,True,1,1,968.04,373,7,3,2,2,0.7333334816666666,APPROVE
WRONG_ITEM_CLAIM,3053.16,False,0,2,6272.77,1017,6,4,2,0,11.9166691125,REQUEST_EVIDENCE
NON_DELIVERY_CLAIM,4363.41,True,1,0,2536.55,1403,11,4,6,1,0.23333337861111111,APPROVE
SUBSTITUTED_RETURN_CLAIM,6221.23,True,1,0,2198.62,111,7,1,4,0,34.783341335277775,ESCALATE
SUBSTITUTED_RETURN_CLAIM,4373.8,True,1,0,1782.13,980,11,7,4,0,4.533334263333334,APPROVE
NON_DELIVERY_CLAIM,3619.0,False,0,0,1881.49,123,6,3,2,0,7.7000016024999995,REQUEST_EVIDENCE
SUBSTITUTED_RETURN_CLAIM,4280.37,False,0,1,478.11,179,16,7,9,0,1.1166668891666667,REQUEST_EVIDENCE
SUBSTITUTED_RETURN_CLAIM,1677.63,True,1,1,2257.39,648,10,3,5,0,11.116668950277777,APPROVE
SUBSTITUTED_RETURN_CLAIM,381.64,True,1,1,2355.25,1260,4,1,3,0,37.633341925833335,APPROVE
SUBSTITUTED_RETURN_CLAIM,2828.29,True,1,0,1238.88,94,10,3,4,2,13.60000321861111,APPROVE
SUBSTITUTED_RETURN_CLAIM,1932.98,True,1,1,1946.54,731,10,2,7,1,3.6833340938888885,APPROVE
SUBSTITUTED_RETURN_CLAIM,4420.7,False,0,0,1662.95,146,9,5,3,0,42.43334289444445,REQUEST_EVIDENCE
NON_DELIVERY_CLAIM,6002.24,False,0,0,2118.68,443,12,6,2,4,1.0666668794444445,REQUEST_EVIDENCE
NON_DELIVERY_CLAIM,1779.09,False,0,0,1906.06,224,13,3,9,1,4.850000994166667,REQUEST_EVIDENCE
NON_DELIVERY_CLAIM,4752.0,False,0,3,1830.43,803,9,3,4,2,13.6166698825,REQUEST_EVIDENCE
WRONG_ITEM_CLAIM,4084.08,False,0,0,1759.83,297,8,5,1,2,29.116673160555553,REQUEST_EVIDENCE
SUBSTITUTED_RETURN_CLAIM,874.76,True,1,0,1568.13,958,11,7,4,0,5.8666678975,APPROVE
SHORTAGE_CLAIM,2738.97,False,0,0,2700.73,951,11,3,5,1,1.9000003738888889,DENY
WRONG_ITEM_CLAIM,5355.08,False,0,1,1594.29,1062,9,3,2,1,17.30000415638889,REQUEST_EVIDENCE
SUBSTITUTED_RETURN_CLAIM,2088.12,True,1,1,501.49,1200,8,3,3,0,21.133338250833333,APPROVE
NON_DELIVERY_CLAIM,2200.26,True,1,0,1000.55,1430,8,3,4,1,30.2833400575,APPROVE
WRONG_ITEM_CLAIM,1586.64,False,0,2,5256.44,731,10,4,4,1,7.083334811944445,REQUEST_EVIDENCE
SUBSTITUTED_RETURN_CLAIM,2354.96,False,0,1,2698.77,1173,5,1,4,0,4.483334251666667,REQUEST_EVIDENCE
NON_DELIVERY_CLAIM,2127.87,True,1,1,1876.05,727,9,4,4,0,2.5333338666666667,APPROVE
SUBSTITUTED_RETURN_CLAIM,3647.01,False,0,0,2064.72,1472,9,4,4,0,28.68333974222222,REQUEST_EVIDENCE
SHORTAGE_CLAIM,2130.91,True,1,4,2326.22,652,8,3,4,1,22.75000524138889,APPROVE
SHORTAGE_CLAIM,399.6,False,0,1,2670.88,110,15,7,2,2,0.9833335286111111,REQUEST_EVIDENCE
SHORTAGE_CLAIM,3587.73,True,1,1,643.71,411,13,6,3,2,15.566670478055556,APPROVE
SHORTAGE_CLAIM,1341.8,True,1,0,2987.88,692,6,2,3,0,1.9000003744444445,APPROVE
WRONG_ITEM_CLAIM,1351.76,True,1,0,15.09,1417,11,6,5,0,9.183335229166666,APPROVE
NON_DELIVERY_CLAIM,2540.53,True,1,0,942.71,297,11,5,3,1,15.150003728888889,APPROVE
NON_DELIVERY_CLAIM,1399.31,True,1,0,780.02,1457,12,4,4,1,6.7000014025,APPROVE
NON_DELIVERY_CLAIM,2479.27,False,0,1,2066.55,393,11,5,2,1,12.616669249444444,REQUEST_EVIDENCE
WRONG_ITEM_CLAIM,3226.8,False,0,1,927.0,669,13,7,4,1,7.183334831111111,REQUEST_EVIDENCE
SHORTAGE_CLAIM,1238.64,True,1,0,1733.76,1392,11,5,6,0,18.366671035,APPROVE
WRONG_ITEM_CLAIM,6151.96,False,0,3,6589.6,332,7,5,2,0,29.98333999888889,REQUEST_EVIDENCE
SHORTAGE_CLAIM,1040.26,True,1,1,2863.67,99,10,5,4,0,4.800000980555556,APPROVE
SUBSTITUTED_RETURN_CLAIM,1004.81,True,1,4,4160.88,633,7,4,3,0,85.36668574000001,APPROVE
SHORTAGE_CLAIM,1880.79,False,0,0,1659.93,446,12,3,7,0,5.333334422222222,DENY
NON_DELIVERY_CLAIM,2510.41,False,0,0,2626.54,485,9,4,4,0,4.200000860833333,REQUEST_EVIDENCE
SHORTAGE_CLAIM,2232.47,True,1,2,2717.01,68,10,7,3,0,7.666668259166667,DENY
SHORTAGE_CLAIM,5653.35,True,1,3,1181.74,1107,8,3,4,1,39.81667569194444,DENY
NON_DELIVERY_CLAIM,3730.56,True,1,0,1735.03,565,6,1,5,0,45.90001024166667,APPROVE
WRONG_ITEM_CLAIM,3809.24,True,1,4,3034.13,818,15,4,9,0,2.3000004519444444,APPROVE
SHORTAGE_CLAIM,3994.33,False,0,0,1015.1,929,9,2,6,1,5.483334451666666,DENY
SUBSTITUTED_RETURN_CLAIM,7450.04,True,1,1,2820.88,58,13,4,6,1,1.6833336658333333,ESCALATE
WRONG_ITEM_CLAIM,734.24,False,0,0,925.26,471,8,3,3,0,4.583334269722222,REQUEST_EVIDENCE
SHORTAGE_CLAIM,5470.78,True,1,0,64.48,478,10,5,4,1,23.28333867916667,ESCALATE
WRONG_ITEM_CLAIM,2090.16,True,1,0,1817.86,1344,7,7,0,0,6.5166680263888885,APPROVE
NON_DELIVERY_CLAIM,4035.6,True,1,1,1630.5,299,9,2,4,1,3.683334093611111,APPROVE
NON_DELIVERY_CLAIM,890.83,True,1,0,403.46,971,16,7,8,0,4.53333426,APPROVE
NON_DELIVERY_CLAIM,4763.99,False,0,1,181.47,892,5,1,4,0,5.300001079722222,REQUEST_EVIDENCE
SUBSTITUTED_RETURN_CLAIM,4502.09,True,1,2,6272.77,1017,7,4,3,0,0.8500001655555555,APPROVE
NON_DELIVERY_CLAIM,2511.15,True,1,1,71.73,430,12,6,5,0,17.900004274444445,APPROVE
WRONG_ITEM_CLAIM,6761.47,False,0,0,123.55,494,9,2,5,0,12.466669218333335,REQUEST_EVIDENCE
SUBSTITUTED_RETURN_CLAIM,6270.01,True,1,0,1540.06,1165,14,6,4,3,15.433337117777777,ESCALATE
SHORTAGE_CLAIM,608.77,False,0,0,247.91,593,5,3,2,0,10.200002098888888,DENY
WRONG_ITEM_CLAIM,1322.83,False,0,1,2820.88,58,14,4,6,2,0.20000003944444444,REQUEST_EVIDENCE
NON_DELIVERY_CLAIM,824.1,True,1,0,2065.96,1455,8,1,6,0,19.783337978333332,APPROVE
SHORTAGE_CLAIM,1786.52,False,0,0,2772.64,654,6,3,2,0,39.61667564888889,DENY
WRONG_ITEM_CLAIM,1139.28,True,1,0,2721.73,1144,5,3,2,0,23.08333863888889,APPROVE
SUBSTITUTED_RETURN_CLAIM,996.9,False,0,1,2012.61,1319,8,2,4,0,5.366667758888889,REQUEST_EVIDENCE
SUBSTITUTED_RETURN_CLAIM,2040.48,True,1,0,2058.55,602,11,1,8,2,1.3500002638888888,APPROVE
WRONG_ITEM_CLAIM,2677.3,False,0,0,12.37,438,7,3,3,1,12.10000247638889,REQUEST_EVIDENCE
SUBSTITUTED_RETURN_CLAIM,748.15,True,1,1,417.04,186,10,5,5,0,15.100003715833335,APPROVE
SHORTAGE_CLAIM,1386.07,False,0,0,2022.48,906,5,3,2,0,8.850001826944444,REQUEST_EVIDENCE
SUBSTITUTED_RETURN_CLAIM,347.24,True,1,0,22.04,744,8,3,5,0,3.0666673044444446,APPROVE
NON_DELIVERY_CLAIM,1582.54,False,0,0,2379.17,258,9,3,3,0,17.43333751361111,REQUEST_EVIDENCE
WRONG_ITEM_CLAIM,6115.65,False,0,0,1852.69,354,15,5,7,0,14.533336729722222,REQUEST_EVIDENCE
SUBSTITUTED_RETURN_CLAIM,2286.75,False,0,0,2608.42,1264,12,3,8,1,8.550001766944444,REQUEST_EVIDENCE
WRONG_ITEM_CLAIM,1913.55,False,0,1,616.48,1442,12,5,4,0,11.650002385277777,REQUEST_EVIDENCE
WRONG_ITEM_CLAIM,1896.99,True,1,0,2351.4,647,12,5,4,2,23.41667203722222,APPROVE
SUBSTITUTED_RETURN_CLAIM,1388.31,True,1,1,1619.8,1160,13,8,4,1,22.516671856666665,APPROVE
SHORTAGE_CLAIM,4968.49,True,1,0,315.67,474,8,1,4,0,11.350002324722222,DENY
WRONG_ITEM_CLAIM,1717.93,True,1,1,1501.43,1229,8,3,3,1,8.550001766666666,APPROVE
SHORTAGE_CLAIM,3088.61,True,1,1,1728.85,1442,8,3,4,0,8.883335166666667,APPROVE
NON_DELIVERY_CLAIM,5948.44,True,1,1,85.12,1219,7,3,3,0,4.58333426888889,ESCALATE
SHORTAGE_CLAIM,2456.19,False,0,1,237.06,334,13,5,7,1,15.850003865555557,DENY
WRONG_ITEM_CLAIM,1233.47,True,1,0,1117.31,43,15,6,6,2,17.733337572222222,APPROVE
NON_DELIVERY_CLAIM,1439.85,True,1,0,1080.37,909,2,2,0,0,29.916673316944447,APPROVE
SUBSTITUTED_RETURN_CLAIM,623.43,True,1,1,4440.31,1475,7,3,4,0,10.666668856944444,APPROVE
WRONG_ITEM_CLAIM,2990.33,True,1,0,403.46,971,17,8,8,0,0.5166667672222223,APPROVE
WRONG_ITEM_CLAIM,6234.49,True,1,1,983.04,909,15,6,4,5,15.050003618611111,ESCALATE
WRONG_ITEM_CLAIM,2008.76,True,1,1,760.01,1268,6,4,1,0,18.133337651944444,APPROVE
WRONG_ITEM_CLAIM,1004.81,False,0,4,4160.88,633,8,5,3,0,0.7833334863888889,REQUEST_EVIDENCE
SHORTAGE_CLAIM,2333.2,False,0,0,2316.43,1143,10,4,5,0,4.050000831111111,REQUEST_EVIDENCE
SUBSTITUTED_RETURN_CLAIM,1686.94,False,0,3,6481.9,1496,8,6,1,1,14.4000029425,REQUEST_EVIDENCE
SUBSTITUTED_RETURN_CLAIM,1791.16,True,1,0,109.66,1102,9,3,4,0,21.183338255555558,APPROVE
SHORTAGE_CLAIM,1013.44,False,0,2,2801.77,520,7,2,4,1,31.366673601944445,REQUEST_EVIDENCE
SHORTAGE_CLAIM,526.12,True,1,1,1728.85,1442,9,4,4,0,0.2333333788888889,DENY
NON_DELIVERY_CLAIM,2154.1,False,0,1,417.04,186,11,6,5,0,0.43333341777777773,REQUEST_EVIDENCE
WRONG_ITEM_CLAIM,3642.19,False,0,0,1169.95,1219,10,5,5,0,9.000001855277777,REQUEST_EVIDENCE
SHORTAGE_CLAIM,1101.05,True,1,0,1382.98,1352,8,3,2,1,25.816672510555556,DENY
WRONG_ITEM_CLAIM,7212.21,False,0,0,779.42,664,12,4,8,0,5.116667706666667,REQUEST_EVIDENCE
WRONG_ITEM_CLAIM,2004.08,True,1,4,5784.57,267,7,0,5,0,17.83333759111111,APPROVE
NON_DELIVERY_CLAIM,1657.8,True,1,1,1190.02,1452,15,7,7,0,2.3333337930555555,APPROVE
WRONG_ITEM_CLAIM,2180.33,False,0,1,1812.16,572,10,6,1,0,5.200001056111111,REQUEST_EVIDENCE
SHORTAGE_CLAIM,5422.74,False,0,1,1064.87,390,10,4,3,1,35.183341051944446,DENY
SHORTAGE_CLAIM,1590.82,False,0,0,83.93,112,13,8,5,0,7.683334927777778,REQUEST_EVIDENCE
SHORTAGE_CLAIM,1510.38,False,0,3,1723.01,324,12,2,6,0,5.483334445000001,DENY
WRONG_ITEM_CLAIM,5037.92,True,1,2,4337.65,1462,6,1,2,1,13.016669324166667,ESCALATE
NON_DELIVERY_CLAIM,4442.96,True,1,0,1556.83,296,9,3,2,1,19.25000454138889,APPROVE
WRONG_ITEM_CLAIM,5024.26,False,0,0,2052.27,481,2,1,1,0,106.46669072583335,REQUEST_EVIDENCE
SUBSTITUTED_RETURN_CLAIM,4443.89,False,0,0,1619.84,904,13,6,7,0,7.200001490277778,REQUEST_EVIDENCE
NON_DELIVERY_CLAIM,4541.35,False,0,1,1116.04,1351,12,6,5,1,3.6666674213888886,REQUEST_EVIDENCE
SUBSTITUTED_RETURN_CLAIM,5326.37,False,0,0,1274.66,769,8,4,3,0,3.616667376111111,REQUEST_EVIDENCE
WRONG_ITEM_CLAIM,3342.7,True,1,0,1274.66,769,9,4,4,0,0.01666666972222222,APPROVE
SHORTAGE_CLAIM,3552.65,True,1,1,71.73,430,13,7,5,0,0.9000001747222223,APPROVE
SUBSTITUTED_RETURN_CLAIM,2778.57,False,0,1,278.85,49,8,3,3,1,14.96666984611111,REQUEST_EVIDENCE
NON_DELIVERY_CLAIM,1201.22,True,1,0,853.61,40,10,2,5,2,5.4666677747222225,APPROVE
NON_DELIVERY_CLAIM,3698.28,False,0,0,2794.19,49,6,2,1,0,13.0166693225,REQUEST_EVIDENCE
SUBSTITUTED_RETURN_CLAIM,7818.91,True,1,0,277.44,112,6,3,3,0,16.750004041944443,ESCALATE
SHORTAGE_CLAIM,2262.3,False,0,0,2318.54,332,10,7,3,0,15.4500036,REQUEST_EVIDENCE
SUBSTITUTED_RETURN_CLAIM,2154.1,False,0,1,417.04,186,12,6,6,0,0.38333340749999995,REQUEST_EVIDENCE
NON_DELIVERY_CLAIM,3222.88,True,1,0,2018.41,1406,12,5,5,2,2.3000004486111107,APPROVE
SUBSTITUTED_RETURN_CLAIM,3702.11,True,1,0,1354.61,160,8,4,4,0,14.283336244444444,APPROVE
SUBSTITUTED_RETURN_CLAIM,2376.04,True,1,0,2777.07,430,7,2,5,0,3.9500008094444445,APPROVE
NON_DELIVERY_CLAIM,1776.8,False,0,2,1187.88,1164,4,1,3,0,13.566669432222223,REQUEST_EVIDENCE
SUBSTITUTED_RETURN_CLAIM,682.1,False,0,0,2971.01,1261,8,3,4,1,22.500005183333332,REQUEST_EVIDENCE
WRONG_ITEM_CLAIM,1860.87,True,1,1,1349.84,403,3,1,2,0,53.450011718055556,APPROVE
NON_DELIVERY_CLAIM,4252.98,False,0,4,3470.4,1125,12,7,3,1,6.816668048333333,REQUEST_EVIDENCE
NON_DELIVERY_CLAIM,2337.89,True,1,0,1605.3,651,7,4,3,0,18.316671018333334,APPROVE
NON_DELIVERY_CLAIM,410.19,True,1,0,2626.54,485,10,4,5,0,1.3833336027777778,APPROVE
WRONG_ITEM_CLAIM,1832.56,True,1,3,1830.43,803,10,3,5,2,1.8166670202777777,APPROVE
NON_DELIVERY_CLAIM,4456.68,False,0,1,413.98,879,5,1,3,1,27.416672824444444,REQUEST_EVIDENCE
NON_DELIVERY_CLAIM,2098.81,False,0,1,2071.56,1379,7,6,1,0,40.566675833611114,REQUEST_EVIDENCE
SUBSTITUTED_RETURN_CLAIM,2080.14,False,0,1,2965.29,1310,9,4,3,0,29.000006468888888,REQUEST_EVIDENCE
SHORTAGE_CLAIM,4227.88,False,0,0,1481.14,1094,2,1,0,1,7.933334969444444,REQUEST_EVIDENCE
NON_DELIVERY_CLAIM,253.15,False,0,1,643.71,411,14,7,3,2,1.6833336605555558,REQUEST_EVIDENCE
WRONG_ITEM_CLAIM,3088.37,False,0,0,2819.73,107,10,3,4,1,7.600001549444444,REQUEST_EVIDENCE
SUBSTITUTED_RETURN_CLAIM,219.54,True,1,4,7019.74,1279,8,1,7,0,35.4666744275,APPROVE
NON_DELIVERY_CLAIM,4829.81,True,1,4,3769.08,707,12,4,6,2,3.3333339866666667,APPROVE
WRONG_ITEM_CLAIM,2496.23,False,0,3,3920.1,35,10,5,1,0,23.76667209972222,REQUEST_EVIDENCE
SHORTAGE_CLAIM,4460.12,False,0,1,7746.51,356,11,7,4,0,8.350001723333333,REQUEST_EVIDENCE
WRONG_ITEM_CLAIM,2720.9,True,1,0,1930.81,1254,10,0,8,0,22.56667186083333,APPROVE
SHORTAGE_CLAIM,2371.63,False,0,0,465.82,999,2,0,2,0,9.416668600833333,REQUEST_EVIDENCE
WRONG_ITEM_CLAIM,1802.69,True,1,1,2189.88,1077,14,8,6,0,8.950001841944445,APPROVE
WRONG_ITEM_CLAIM,4902.18,False,0,0,2217.55,1422,9,3,6,0,3.916667433611111,REQUEST_EVIDENCE
NON_DELIVERY_CLAIM,2272.5,False,0,0,1570.07,1016,13,4,4,2,15.916670379722222,REQUEST_EVIDENCE
NON_DELIVERY_CLAIM,1159.14,True,1,0,2668.09,1034,11,5,4,1,25.650005808611112,APPROVE
SHORTAGE_CLAIM,4769.55,False,0,0,1419.48,633,11,4,7,0,48.86667749083333,DENY
WRONG_ITEM_CLAIM,2441.43,False,0,0,599.0,1005,10,6,4,0,2.4833338169444445,REQUEST_EVIDENCE
NON_DELIVERY_CLAIM,2233.76,True,1,0,364.09,624,12,3,4,1,2.6166671758333333,APPROVE
WRONG_ITEM_CLAIM,9004.78,False,0,1,1218.63,1289,15,12,3,0,22.983338610833336,REQUEST_EVIDENCE
SUBSTITUTED_RETURN_CLAIM,2823.15,True,1,0,2597.86,724,10,5,3,1,21.500004978611113,APPROVE
SHORTAGE_CLAIM,2085.89,True,1,0,2622.35,887,5,1,4,0,36.666675031388884,APPROVE
WRONG_ITEM_CLAIM,2740.12,True,1,1,1055.05,385,7,2,5,0,12.6166692375,APPROVE
SUBSTITUTED_RETURN_CLAIM,5222.03,True,1,0,1314.33,1353,9,2,5,0,17.366670828055554,ESCALATE
SUBSTITUTED_RETURN_CLAIM,1920.7,True,1,1,654.03,1258,7,4,3,0,34.583340910555556,APPROVE
SHORTAGE_CLAIM,4675.95,True,1,2,514.81,101,8,2,2,2,42.183342824166665,DENY
SUBSTITUTED_RETURN_CLAIM,1524.32,False,0,4,6970.61,414,9,3,5,0,4.800000974722222,REQUEST_EVIDENCE
SUBSTITUTED_RETURN_CLAIM,2437.86,True,1,0,529.85,1355,10,4,2,0,11.666669050000001,APPROVE
SUBSTITUTED_RETURN_CLAIM,3161.43,False,0,1,256.84,324,5,3,1,1,23.28333867111111,REQUEST_EVIDENCE
SUBSTITUTED_RETURN_CLAIM,3267.41,True,1,0,1706.0,967,8,5,2,0,2.583333838611111,APPROVE
SUBSTITUTED_RETURN_CLAIM,1654.11,True,1,0,2296.42,718,11,3,7,0,3.0500005977777773,APPROVE
WRONG_ITEM_CLAIM,1844.52,False,0,0,1630.29,1217,11,5,4,1,10.000002051666666,REQUEST_EVIDENCE
NON_DELIVERY_CLAIM,1376.43,False,0,0,2211.35,1152,18,7,9,1,3.5000006891666664,REQUEST_EVIDENCE
NON_DELIVERY_CLAIM,3375.49,True,1,1,1116.93,995,8,5,2,1,15.150003084444444,APPROVE
SUBSTITUTED_RETURN_CLAIM,2083.13,True,1,0,2233.77,796,5,0,3,0,15.416669805833333,APPROVE
NON_DELIVERY_CLAIM,1147.42,False,0,0,524.11,554,6,3,2,0,47.60001057638888,REQUEST_EVIDENCE
SHORTAGE_CLAIM,1629.53,False,0,1,2247.27,588,3,2,1,0,14.950003042222221,REQUEST_EVIDENCE
SUBSTITUTED_RETURN_CLAIM,3773.94,False,0,1,1810.91,604,9,2,6,1,6.916668062222222,REQUEST_EVIDENCE
NON_DELIVERY_CLAIM,1660.46,False,0,1,96.69,933,7,4,3,0,6.450001301666667,REQUEST_EVIDENCE
WRONG_ITEM_CLAIM,1114.21,True,1,0,2353.32,1166,9,5,2,2,5.366667756111111,APPROVE
WRONG_ITEM_CLAIM,1657.72,True,1,1,361.62,190,8,2,6,0,36.13334122861111,APPROVE
SHORTAGE_CLAIM,1589.1,True,1,1,1936.96,89,9,2,5,0,8.55000175888889,APPROVE
NON_DELIVERY_CLAIM,2145.74,False,0,3,5188.05,1456,6,0,5,0,85.63335245555557,REQUEST_EVIDENCE
NON_DELIVERY_CLAIM,3536.78,True,1,1,402.6,1193,9,4,5,0,56.450012308333335,APPROVE
SUBSTITUTED_RETURN_CLAIM,3492.23,False,0,0,2449.48,683,7,2,3,1,15.700003196944445,REQUEST_EVIDENCE
SHORTAGE_CLAIM,5637.49,False,0,0,412.7,771,9,5,3,1,22.00000507972222,REQUEST_EVIDENCE
NON_DELIVERY_CLAIM,6118.53,True,1,2,5815.51,1211,5,0,4,1,30.316673395555554,ESCALATE
NON_DELIVERY_CLAIM,1763.87,True,1,0,2893.72,1363,2,2,0,0,93.9500207625,APPROVE
WRONG_ITEM_CLAIM,542.29,True,1,1,1877.38,740,13,3,7,1,3.033333926944444,APPROVE
SUBSTITUTED_RETURN_CLAIM,3438.47,True,1,2,943.51,207,9,3,4,0,13.166669348611112,APPROVE
NON_DELIVERY_CLAIM,1508.61,False,0,0,449.89,576,12,4,5,0,12.616669238611111,REQUEST_EVIDENCE
NON_DELIVERY_CLAIM,4744.55,False,0,1,654.03,1258,8,5,3,0,0.4500000908333333,REQUEST_EVIDENCE
SHORTAGE_CLAIM,1752.43,False,0,0,1201.75,316,14,3,10,1,10.883335559166666,REQUEST_EVIDENCE
SUBSTITUTED_RETURN_CLAIM,5299.86,False,0,0,947.07,828,10,2,6,2,7.883334926388889,REQUEST_EVIDENCE
SUBSTITUTED_RETURN_CLAIM,1532.99,False,0,1,2759.07,1122,14,7,5,2,26.266672598055557,REQUEST_EVIDENCE
WRONG_ITEM_CLAIM,6231.66,True,1,0,1325.65,1218,12,4,6,2,8.18333498861111,ESCALATE
WRONG_ITEM_CLAIM,1751.49,True,1,0,1453.61,767,9,5,2,2,11.866669088888889,APPROVE
WRONG_ITEM_CLAIM,3452.32,True,1,0,1181.15,292,9,1,6,2,3.7333340691666668,APPROVE
NON_DELIVERY_CLAIM,3368.8,False,0,0,2710.76,1279,7,2,4,1,15.150003080277777,REQUEST_EVIDENCE
SUBSTITUTED_RETURN_CLAIM,2266.55,False,0,0,2018.41,1406,13,6,5,2,1.1500002280555555,REQUEST_EVIDENCE
SHORTAGE_CLAIM,4641.35,False,0,0,717.19,1173,11,3,6,1,4.483334214722222,REQUEST_EVIDENCE
SHORTAGE_CLAIM,2226.39,True,1,0,2947.14,1282,12,6,3,2,6.366667953055556,APPROVE
SUBSTITUTED_RETURN_CLAIM,2615.53,False,0,0,2595.92,950,4,2,1,1,32.26667378,REQUEST_EVIDENCE
WRONG_ITEM_CLAIM,1548.19,False,0,1,2267.73,40,5,1,4,0,33.08334060694445,REQUEST_EVIDENCE
SHORTAGE_CLAIM,728.25,True,1,0,1302.75,473,5,1,4,0,7.733334892777778,APPROVE
SHORTAGE_CLAIM,1941.21,True,1,4,5503.38,253,8,4,2,0,6.133334574166667,DENY
NON_DELIVERY_CLAIM,1822.0,False,0,0,1588.25,1395,11,5,5,1,6.316667943333333,REQUEST_EVIDENCE
WRONG_ITEM_CLAIM,375.57,True,1,0,1381.11,648,8,4,3,0,9.600001972222223,APPROVE
NON_DELIVERY_CLAIM,1876.74,True,1,1,2608.25,1173,9,4,4,0,7.5166681805555555,APPROVE
SUBSTITUTED_RETURN_CLAIM,4413.26,False,0,0,1438.47,889,7,4,3,0,7.633334870833333,REQUEST_EVIDENCE
NON_DELIVERY_CLAIM,3578.01,False,0,0,1274.66,769,10,5,4,0,1.466666956111111,REQUEST_EVIDENCE
NON_DELIVERY_CLAIM,1891.94,False,0,4,3769.08,707,13,5,6,2,1.066666878611111,REQUEST_EVIDENCE
NON_DELIVERY_CLAIM,598.83,False,0,2,6719.24,1251,10,3,7,0,19.550004595555556,REQUEST_EVIDENCE
SUBSTITUTED_RETURN_CLAIM,2161.48,True,1,0,351.03,564,13,6,6,1,20.633338144444444,APPROVE
SHORTAGE_CLAIM,3901.58,False,0,2,985.37,589,8,3,4,1,4.650000913055555,REQUEST_EVIDENCE
SHORTAGE_CLAIM,2613.23,False,0,1,1190.02,1452,16,8,7,0,1.7333336736111111,REQUEST_EVIDENCE
WRONG_ITEM_CLAIM,4789.87,True,1,1,3068.03,1421,10,2,4,2,21.100004903888887,APPROVE
SHORTAGE_CLAIM,412.54,True,1,1,1554.31,1159,6,4,2,0,35.88334117,APPROVE
SUBSTITUTED_RETURN_CLAIM,3293.07,False,0,0,2022.48,906,6,3,3,0,2.2833337825,REQUEST_EVIDENCE
SUBSTITUTED_RETURN_CLAIM,692.68,False,0,0,204.86,1041,8,3,5,0,15.383336459444443,REQUEST_EVIDENCE
SHORTAGE_CLAIM,2223.68,False,0,0,2379.17,258,10,3,4,0,2.2833337825,DENY
WRONG_ITEM_CLAIM,1905.1,True,1,1,575.65,1191,6,3,3,0,24.850005649444444,APPROVE
WRONG_ITEM_CLAIM,1949.73,True,1,1,1936.0,535,5,2,2,0,27.26667279638889,APPROVE
SUBSTITUTED_RETURN_CLAIM,1770.43,False,0,2,2311.1,300,7,3,3,0,8.816668453611111,REQUEST_EVIDENCE
WRONG_ITEM_CLAIM,1791.98,True,1,0,917.54,1248,4,0,2,2,43.33334305305555,APPROVE
SUBSTITUTED_RETURN_CLAIM,2595.3,True,1,0,2537.9,338,12,5,5,1,4.483334216111111,APPROVE
SHORTAGE_CLAIM,4305.37,True,1,1,1224.78,1045,10,5,4,1,4.550000895833334,APPROVE
WRONG_ITEM_CLAIM,953.56,True,1,4,4192.47,182,6,1,3,2,18.916671136944444,APPROVE
SHORTAGE_CLAIM,734.96,False,0,4,5153.5,505,6,2,2,2,64.95001410222221,REQUEST_EVIDENCE
WRONG_ITEM_CLAIM,2441.88,True,1,0,2397.53,229,7,4,1,1,14.250002896944444,APPROVE
SUBSTITUTED_RETURN_CLAIM,1215.28,True,1,0,2312.3,1117,10,6,4,0,34.416674209444444,APPROVE
SHORTAGE_CLAIM,4450.1,True,1,2,943.51,207,10,4,4,0,0.7000001383333333,APPROVE
WRONG_ITEM_CLAIM,591.8,True,1,1,1193.15,35,6,2,3,1,9.333335246944443,APPROVE
WRONG_ITEM_CLAIM,1751.67,False,0,0,460.47,1326,12,5,7,0,34.550007568333335,REQUEST_EVIDENCE
NON_DELIVERY_CLAIM,1598.1,False,0,0,2857.91,643,9,6,2,1,19.38333789611111,REQUEST_EVIDENCE
NON_DELIVERY_CLAIM,2239.08,False,0,2,943.51,207,11,5,4,0,0.06666667972222222,REQUEST_EVIDENCE
SHORTAGE_CLAIM,2178.55,True,1,0,1990.84,546,8,2,5,1,11.133335608888888,APPROVE
NON_DELIVERY_CLAIM,6777.8,False,0,3,5007.05,561,8,3,5,0,73.06668287583332,REQUEST_EVIDENCE
SHORTAGE_CLAIM,1520.31,True,1,0,393.83,1371,12,6,5,1,5.2000010224999995,DENY
WRONG_ITEM_CLAIM,1511.21,True,1,0,1630.29,1217,12,5,5,1,1.1333335594444445,APPROVE
SHORTAGE_CLAIM,3966.81,True,1,1,4455.06,581,5,2,3,0,23.100005300833335,APPROVE
WRONG_ITEM_CLAIM,633.23,False,0,0,1891.23,1228,11,5,5,0,17.96667094888889,REQUEST_EVIDENCE
NON_DELIVERY_CLAIM,3643.22,False,0,0,1588.25,1395,12,5,6,1,0.6000001208333333,REQUEST_EVIDENCE
WRONG_ITEM_CLAIM,7361.13,False,0,1,6121.48,623,9,4,5,0,9.86666869361111,REQUEST_EVIDENCE
WRONG_ITEM_CLAIM,2577.96,True,1,0,1085.35,477,7,2,5,0,15.866669890555556,APPROVE
SHORTAGE_CLAIM,1047.02,True,1,1,2986.42,640,7,3,2,0,41.23334263388889,APPROVE
SUBSTITUTED_RETURN_CLAIM,2145.05,False,0,1,2089.06,889,5,1,1,0,18.716671099444447,REQUEST_EVIDENCE
SHORTAGE_CLAIM,4524.92,False,0,4,3769.08,707,14,5,7,2,0.6000001216666667,REQUEST_EVIDENCE
SUBSTITUTED_RETURN_CLAIM,4245.29,False,0,4,2328.43,803,6,2,3,0,39.96667571944444,REQUEST_EVIDENCE
SUBSTITUTED_RETURN_CLAIM,1227.09,False,0,0,367.57,737,5,4,0,0,18.300004351944445,REQUEST_EVIDENCE
WRONG_ITEM_CLAIM,1864.42,True,1,1,2967.82,857,11,5,6,0,10.300002113888889,APPROVE
NON_DELIVERY_CLAIM,2759.06,True,1,0,2703.23,212,10,4,4,1,10.866668891944444,APPROVE
WRONG_ITEM_CLAIM,8005.59,True,1,0,1619.28,98,8,4,4,0,15.966669911111111,ESCALATE
NON_DELIVERY_CLAIM,1575.09,True,1,1,1714.11,445,11,5,3,2,16.81667008722222,APPROVE
WRONG_ITEM_CLAIM,3552.69,False,0,0,813.93,441,7,1,6,0,44.36667659333333,REQUEST_EVIDENCE
WRONG_ITEM_CLAIM,2461.32,True,1,1,2829.16,206,7,5,2,0,6.916668065833333,APPROVE
NON_DELIVERY_CLAIM,3379.88,True,1,1,252.84,1308,2,1,0,0,28.53333971722222,APPROVE
SUBSTITUTED_RETURN_CLAIM,3105.37,True,1,0,180.33,1453,5,2,3,0,74.75001665333333,APPROVE
SUBSTITUTED_RETURN_CLAIM,1570.52,True,1,0,2428.44,1038,10,5,4,0,33.10000728111111,APPROVE
SHORTAGE_CLAIM,3572.02,True,1,0,2067.07,653,9,4,4,0,26.100005902499998,APPROVE
NON_DELIVERY_CLAIM,587.23,False,0,1,2822.97,909,7,2,3,2,20.533338126944443,REQUEST_EVIDENCE
WRONG_ITEM_CLAIM,1912.83,True,1,1,1445.22,1386,9,1,6,1,39.7666756825,APPROVE
WRONG_ITEM_CLAIM,902.38,True,1,0,1406.09,335,11,6,4,1,12.566669230277778,APPROVE
SHORTAGE_CLAIM,360.63,True,1,0,1565.31,1336,10,7,3,0,4.416667536944445,APPROVE
SUBSTITUTED_RETURN_CLAIM,3493.85,True,1,0,1593.19,218,8,2,5,0,7.033334755555556,APPROVE
WRONG_ITEM_CLAIM,2422.54,True,1,1,2440.59,1441,10,2,8,0,13.683336120277778,APPROVE
WRONG_ITEM_CLAIM,5898.28,False,0,1,1116.04,1351,13,6,6,1,2.4333338169444443,REQUEST_EVIDENCE
WRONG_ITEM_CLAIM,3996.11,False,0,1,1939.02,543,12,4,7,0,23.88333879111111,REQUEST_EVIDENCE
SHORTAGE_CLAIM,3257.45,True,1,1,2067.93,1190,9,3,3,1,61.61668012444444,DENY
WRONG_ITEM_CLAIM,6326.0,True,1,0,1382.98,1352,9,3,2,1,2.6833338655555554,ESCALATE
NON_DELIVERY_CLAIM,754.95,True,1,0,2962.05,1031,11,3,7,0,33.65000739,APPROVE
NON_DELIVERY_CLAIM,744.61,True,1,2,230.84,164,9,3,6,0,27.416672828055553,APPROVE
WRONG_ITEM_CLAIM,1937.94,False,0,0,1759.83,297,9,5,2,2,4.016667459722222,REQUEST_EVIDENCE
SHORTAGE_CLAIM,1293.26,False,0,0,2102.18,1434,8,1,7,0,56.400012304166665,REQUEST_EVIDENCE
NON_DELIVERY_CLAIM,2819.6,True,1,1,2803.3,801,12,6,4,0,7.083334765555556,APPROVE
SHORTAGE_CLAIM,2025.71,False,0,0,2198.87,770,10,3,3,2,6.266667937777777,REQUEST_EVIDENCE
SUBSTITUTED_RETURN_CLAIM,2254.06,True,1,0,2318.54,332,11,7,4,0,2.466667157222222,APPROVE
SHORTAGE_CLAIM,1506.94,True,1,0,2747.56,102,11,5,6,0,11.000002251666666,DENY
SUBSTITUTED_RETURN_CLAIM,2866.2,False,0,2,2801.77,520,8,2,5,1,2.900000576388889,REQUEST_EVIDENCE
NON_DELIVERY_CLAIM,1480.99,True,1,4,3057.04,1284,6,3,3,0,47.16667716222222,APPROVE
SHORTAGE_CLAIM,642.04,True,1,0,1460.9,113,13,4,5,2,11.783335741388889,DENY
NON_DELIVERY_CLAIM,899.69,False,0,0,62.57,189,7,2,5,0,19.616671278333335,REQUEST_EVIDENCE
NON_DELIVERY_CLAIM,5413.34,False,0,1,4234.3,642,8,1,4,2,5.750001135833333,REQUEST_EVIDENCE
NON_DELIVERY_CLAIM,4486.14,True,1,1,256.84,324,6,3,2,1,1.9166670497222222,APPROVE
WRONG_ITEM_CLAIM,5839.14,True,1,0,1281.34,1449,11,3,5,0,40.31667579194444,ESCALATE
SHORTAGE_CLAIM,3983.56,False,0,2,1028.01,1424,9,1,5,1,12.466669210555557,DENY
SHORTAGE_CLAIM,1810.83,True,1,0,12.37,438,8,3,4,1,3.450000683333333,DENY
SHORTAGE_CLAIM,1080.51,True,1,0,1106.94,827,9,4,2,1,27.25000613055556,APPROVE
SUBSTITUTED_RETURN_CLAIM,4913.29,True,1,2,3034.03,43,14,5,6,2,16.266669970000002,APPROVE
SUBSTITUTED_RETURN_CLAIM,755.58,True,1,1,4623.76,328,9,5,3,0,7.0166680858333335,APPROVE
SUBSTITUTED_RETURN_CLAIM,2100.84,False,0,0,1015.64,1316,6,4,2,0,17.650003599444446,REQUEST_EVIDENCE
SHORTAGE_CLAIM,540.92,True,1,0,501.14,257,14,8,4,1,45.133343412500004,DENY
SUBSTITUTED_RETURN_CLAIM,3109.23,True,1,1,1507.92,1297,7,1,4,1,60.583346593611104,APPROVE
WRONG_ITEM_CLAIM,1413.6,False,0,0,1476.17,558,12,2,6,2,18.566671060555556,REQUEST_EVIDENCE
WRONG_ITEM_CLAIM,3752.43,False,0,0,443.23,1288,6,2,2,1,16.38333666,REQUEST_EVIDENCE
SUBSTITUTED_RETURN_CLAIM,3804.31,True,1,0,2543.08,1215,7,5,1,1,39.7000089725,APPROVE
SUBSTITUTED_RETURN_CLAIM,4269.51,False,0,1,2610.6,117,4,1,2,0,27.60000619861111,REQUEST_EVIDENCE
SHORTAGE_CLAIM,152.77,False,0,0,180.33,1453,6,3,3,0,0.6666667983333333,REQUEST_EVIDENCE
WRONG_ITEM_CLAIM,2485.85,True,1,0,1899.72,471,10,4,6,0,8.416668361666666,APPROVE
SHORTAGE_CLAIM,2451.48,True,1,1,2892.87,544,7,3,4,0,51.18334462222222,APPROVE
NON_DELIVERY_CLAIM,2364.11,False,0,3,1312.78,743,10,1,7,1,22.233338465833334,REQUEST_EVIDENCE
SUBSTITUTED_RETURN_CLAIM,4386.45,True,1,0,2703.23,212,11,5,4,1,0.8333334997222223,APPROVE
SHORTAGE_CLAIM,624.72,True,1,4,4864.35,963,11,4,5,0,10.083335374166666,APPROVE
SHORTAGE_CLAIM,2849.69,False,0,0,2736.31,1438,10,2,7,0,5.983334516944444,DENY
SHORTAGE_CLAIM,3632.2,False,0,1,2836.1,281,6,4,2,0,12.300002510833332,REQUEST_EVIDENCE
NON_DELIVERY_CLAIM,1901.01,False,0,0,1222.48,265,6,1,4,0,13.983336181666667,REQUEST_EVIDENCE
WRONG_ITEM_CLAIM,1581.54,True,1,0,644.15,374,6,2,2,2,35.95000785,APPROVE
SHORTAGE_CLAIM,3530.98,True,1,1,828.74,997,9,1,7,1,82.00001839472222,APPROVE
SUBSTITUTED_RETURN_CLAIM,699.42,True,1,1,1619.8,1160,14,9,4,1,3.666667393611111,APPROVE
SHORTAGE_CLAIM,2648.73,False,0,1,2887.94,339,6,1,4,0,38.55000840138889,DENY
WRONG_ITEM_CLAIM,4169.63,False,0,1,2916.22,1316,6,2,1,3,24.433338899444443,REQUEST_EVIDENCE
NON_DELIVERY_CLAIM,2019.06,False,0,0,2703.82,918,10,4,4,1,10.800002208611112,REQUEST_EVIDENCE
SHORTAGE_CLAIM,1804.1,False,0,0,2067.07,653,10,5,4,0,0.883333508611111,REQUEST_EVIDENCE
NON_DELIVERY_CLAIM,5281.33,False,0,0,1907.63,723,9,5,3,1,13.80000280888889,REQUEST_EVIDENCE
WRONG_ITEM_CLAIM,2491.63,False,0,0,2217.55,1422,10,3,7,0,2.68333387,REQUEST_EVIDENCE
NON_DELIVERY_CLAIM,2047.73,False,0,0,2234.12,962,11,5,5,0,10.333335425000001,REQUEST_EVIDENCE
SHORTAGE_CLAIM,3267.99,False,0,0,813.93,441,8,1,7,0,1.0333335391666667,DENY
WRONG_ITEM_CLAIM,4678.94,True,1,3,6481.9,1496,9,6,2,1,3.583334045,APPROVE
SHORTAGE_CLAIM,2039.11,False,0,0,341.86,158,11,4,5,2,21.11667157638889,REQUEST_EVIDENCE
SUBSTITUTED_RETURN_CLAIM,1060.74,False,0,1,953.85,325,11,1,8,0,7.116668106944445,REQUEST_EVIDENCE
WRONG_ITEM_CLAIM,2234.8,False,0,0,180.33,1453,7,3,4,0,0.38333341055555553,REQUEST_EVIDENCE
WRONG_ITEM_CLAIM,4859.37,True,1,0,1102.69,894,8,2,3,3,18.71667096111111,APPROVE
SUBSTITUTED_RETURN_CLAIM,1916.18,True,1,1,4498.6,91,6,5,0,1,19.366671227222223,APPROVE
WRONG_ITEM_CLAIM,491.84,True,1,0,287.75,419,11,5,5,0,11.566669031944445,APPROVE
SUBSTITUTED_RETURN_CLAIM,4869.33,False,0,1,610.67,1141,7,5,2,0,26.350005949166665,REQUEST_EVIDENCE
WRONG_ITEM_CLAIM,1509.86,True,1,1,897.31,490,7,4,1,0,11.816669080833334,APPROVE
NON_DELIVERY_CLAIM,2804.05,False,0,3,2659.97,1410,9,4,5,0,35.51667442833333,REQUEST_EVIDENCE
NON_DELIVERY_CLAIM,2134.02,False,0,1,957.95,353,6,2,1,1,34.71667426722222,REQUEST_EVIDENCE
NON_DELIVERY_CLAIM,2424.02,True,1,4,2208.59,1283,8,4,3,0,21.03333822638889,APPROVE
SHORTAGE_CLAIM,1171.97,False,0,0,2770.91,106,8,4,3,1,6.700001324166666,REQUEST_EVIDENCE
NON_DELIVERY_CLAIM,1536.11,True,1,1,1935.21,993,5,4,1,0,22.41667183638889,APPROVE
WRONG_ITEM_CLAIM,1794.74,False,0,0,1267.61,782,11,4,7,0,15.233336428611112,REQUEST_EVIDENCE
NON_DELIVERY_CLAIM,2154.1,True,1,1,417.04,186,13,6,7,0,3.3833340080555554,APPROVE
SHORTAGE_CLAIM,6614.95,True,1,1,2411.9,437,9,2,7,0,14.750003000277777,DENY
SHORTAGE_CLAIM,2313.31,True,1,2,4337.65,1462,7,1,2,2,3.633334056388889,DENY
NON_DELIVERY_CLAIM,1805.16,True,1,0,707.99,1080,5,1,4,0,22.65000521527778,APPROVE
SHORTAGE_CLAIM,2239.24,False,0,1,1728.85,1442,10,4,4,0,3.850000765,DENY
SUBSTITUTED_RETURN_CLAIM,1878.91,False,0,1,2521.92,1435,18,6,10,0,8.366668354166666,REQUEST_EVIDENCE
SHORTAGE_CLAIM,1738.23,False,0,1,362.41,1313,6,2,4,0,12.250002499999999,REQUEST_EVIDENCE
WRONG_ITEM_CLAIM,1264.22,False,0,4,2326.22,652,9,4,4,1,4.966667649444445,REQUEST_EVIDENCE
SUBSTITUTED_RETURN_CLAIM,1760.63,False,0,0,2383.8,1032,7,4,3,0,7.833334915,REQUEST_EVIDENCE
SUBSTITUTED_RETURN_CLAIM,3279.75,False,0,0,1706.0,967,9,6,2,0,2.8666672377777775,REQUEST_EVIDENCE
SHORTAGE_CLAIM,1709.88,False,0,0,1891.23,1228,12,5,6,0,1.6833336680555555,REQUEST_EVIDENCE
SHORTAGE_CLAIM,2013.4,False,0,1,433.06,644,8,1,4,2,10.033335350833333,DENY
WRONG_ITEM_CLAIM,2257.27,False,0,0,437.83,1258,7,3,2,1,8.950001801111112,REQUEST_EVIDENCE
WRONG_ITEM_CLAIM,4311.25,True,1,0,287.75,419,12,6,5,0,0.3666667388888889,APPROVE
SHORTAGE_CLAIM,6329.49,False,0,1,2257.39,648,11,4,5,0,5.383334396666667,REQUEST_EVIDENCE
NON_DELIVERY_CLAIM,714.44,False,0,1,1413.66,1128,12,7,4,0,6.150001216944444,REQUEST_EVIDENCE
SHORTAGE_CLAIM,1775.93,False,0,0,2112.42,282,9,3,5,0,10.01666867888889,DENY
SUBSTITUTED_RETURN_CLAIM,3045.78,True,1,0,2378.22,926,4,1,3,0,6.816668014166667,APPROVE
SHORTAGE_CLAIM,2987.17,False,0,0,1619.28,98,9,4,4,1,1.6333336577777777,REQUEST_EVIDENCE
NON_DELIVERY_CLAIM,2182.39,False,0,0,1866.94,304,6,4,2,0,6.466667948611112,REQUEST_EVIDENCE
WRONG_ITEM_CLAIM,2157.51,True,1,0,2198.02,550,12,4,7,1,34.55000757027778,APPROVE
SHORTAGE_CLAIM,2773.27,True,1,0,752.67,1301,8,4,4,0,10.883335530555556,DENY
SHORTAGE_CLAIM,422.81,False,0,1,1327.74,908,10,4,4,1,13.850002820277778,REQUEST_EVIDENCE
WRONG_ITEM_CLAIM,978.82,False,0,0,2437.93,374,7,1,4,0,26.583339330277777,REQUEST_EVIDENCE
SHORTAGE_CLAIM,5320.02,False,0,0,2955.83,244,8,4,2,2,7.516668153333334,REQUEST_EVIDENCE
NON_DELIVERY_CLAIM,2567.73,False,0,4,4223.44,239,12,6,6,0,12.200002492777777,REQUEST_EVIDENCE
SUBSTITUTED_RETURN_CLAIM,2109.43,True,1,0,319.65,198,9,6,3,0,42.35000952722223,APPROVE
NON_DELIVERY_CLAIM,4160.39,False,0,0,49.91,642,10,2,7,1,12.500002553055555,REQUEST_EVIDENCE
WRONG_ITEM_CLAIM,798.05,False,0,0,2307.02,190,13,8,5,0,5.916667838611111,REQUEST_EVIDENCE
SHORTAGE_CLAIM,5125.18,True,1,0,2817.46,452,12,7,5,0,11.266668968888888,ESCALATE
WRONG_ITEM_CLAIM,2147.94,False,0,0,586.64,643,9,3,4,0,23.033338627222225,REQUEST_EVIDENCE
WRONG_ITEM_CLAIM,1512.54,False,0,4,4223.44,239,13,6,7,0,0.10000002166666666,REQUEST_EVIDENCE
SHORTAGE_CLAIM,1359.73,False,0,1,953.85,325,12,1,9,0,0.7500001519444445,DENY
NON_DELIVERY_CLAIM,3324.81,True,1,4,1372.8,925,11,4,6,0,9.666668613055556,APPROVE
SHORTAGE_CLAIM,563.66,False,0,1,5658.33,815,8,3,4,0,30.733340156944443,REQUEST_EVIDENCE
WRONG_ITEM_CLAIM,1185.58,True,1,1,339.49,1057,6,3,3,0,14.616669640833333,APPROVE
WRONG_ITEM_CLAIM,2259.2,False,0,0,1162.58,266,12,3,8,0,10.416668763611112,REQUEST_EVIDENCE
WRONG_ITEM_CLAIM,541.12,True,1,1,520.95,129,7,3,2,0,8.483335047777778,APPROVE
NON_DELIVERY_CLAIM,2188.52,True,1,0,72.62,260,5,3,1,0,9.833335313333333,APPROVE
SHORTAGE_CLAIM,431.88,True,1,0,1761.01,335,10,6,3,0,6.000001189166667,DENY
SHORTAGE_CLAIM,3599.69,True,1,0,1759.83,297,10,5,3,2,1.666667001111111,APPROVE
WRONG_ITEM_CLAIM,4708.09,False,0,1,2292.48,481,14,6,8,0,10.866668858333334,REQUEST_EVIDENCE
NON_DELIVERY_CLAIM,208.08,False,0,1,1946.54,731,11,3,7,1,5.80000115,REQUEST_EVIDENCE
SUBSTITUTED_RETURN_CLAIM,3667.92,True,1,0,704.31,1122,7,4,3,0,26.783339371666667,APPROVE
WRONG_ITEM_CLAIM,651.43,True,1,0,1976.67,1159,9,2,7,0,18.20000369222222,APPROVE
NON_DELIVERY_CLAIM,2372.2,False,0,0,1534.67,942,6,4,1,1,9.750001963055555,REQUEST_EVIDENCE
NON_DELIVERY_CLAIM,2002.92,True,1,0,41.63,768,7,1,4,2,18.2166703625,APPROVE
WRONG_ITEM_CLAIM,845.06,False,0,0,1456.01,909,10,7,3,0,6.283334578055555,REQUEST_EVIDENCE
WRONG_ITEM_CLAIM,807.31,True,1,1,1936.96,89,10,3,5,0,3.316667331388889,APPROVE
NON_DELIVERY_CLAIM,356.91,False,0,0,1000.55,1430,9,4,4,1,5.750001141666667,REQUEST_EVIDENCE
SHORTAGE_CLAIM,651.61,False,0,0,2921.77,1446,7,3,3,0,6.91666804,DENY
SHORTAGE_CLAIM,1537.06,True,1,0,1102.69,894,9,3,3,3,1.0333335416666667,APPROVE
WRONG_ITEM_CLAIM,1658.55,False,0,0,2000.03,857,16,4,11,1,21.233338269444445,REQUEST_EVIDENCE
NON_DELIVERY_CLAIM,1410.46,True,1,1,708.59,387,9,3,4,0,34.85000763194444,APPROVE
SUBSTITUTED_RETURN_CLAIM,1147.42,False,0,0,524.11,554,7,3,3,0,3.5166673705555556,REQUEST_EVIDENCE
SHORTAGE_CLAIM,1870.58,False,0,0,25.26,1435,5,3,2,0,24.833338983333334,REQUEST_EVIDENCE
NON_DELIVERY_CLAIM,3174.9,True,1,0,1655.73,1485,8,5,2,0,38.56667504333333,APPROVE
SUBSTITUTED_RETURN_CLAIM,2035.49,True,1,0,302.69,261,3,2,0,1,43.50000975527778,APPROVE
SUBSTITUTED_RETURN_CLAIM,2250.25,False,0,3,2756.82,1053,10,6,3,0,7.833334885,REQUEST_EVIDENCE
SUBSTITUTED_RETURN_CLAIM,3841.77,True,1,1,2086.88,711,10,3,5,0,39.38334187638889,APPROVE
SHORTAGE_CLAIM,2304.75,True,1,0,36.57,144,10,3,4,2,33.533340707777775,DENY
WRONG_ITEM_CLAIM,2224.06,False,0,0,27.57,684,8,3,5,0,55.21667875194444,REQUEST_EVIDENCE
NON_DELIVERY_CLAIM,4100.44,True,1,1,1598.16,1087,14,8,6,0,8.200001658333333,APPROVE
NON_DELIVERY_CLAIM,1705.06,False,0,0,460.47,1326,13,5,8,0,2.7000005430555554,REQUEST_EVIDENCE
WRONG_ITEM_CLAIM,4229.99,True,1,1,2439.06,1131,6,1,3,0,39.300008525833334,APPROVE
NON_DELIVERY_CLAIM,5988.05,False,0,1,730.71,217,8,3,3,1,15.000003050833334,REQUEST_EVIDENCE
SUBSTITUTED_RETURN_CLAIM,414.24,True,1,0,1662.95,146,10,5,4,0,6.18333456,APPROVE
WRONG_ITEM_CLAIM,4192.84,False,0,0,1054.72,796,4,1,2,0,33.6833407375,REQUEST_EVIDENCE
SHORTAGE_CLAIM,1615.54,False,0,3,1116.41,1003,9,4,3,0,7.500001488055555,DENY
SHORTAGE_CLAIM,1522.91,True,1,1,2691.86,517,10,4,6,0,17.716670261666668,APPROVE
SHORTAGE_CLAIM,3962.65,False,0,0,420.89,1026,9,3,3,2,40.50000899222222,REQUEST_EVIDENCE
WRONG_ITEM_CLAIM,2027.3,True,1,1,1842.87,1477,7,1,5,1,27.21667279138889,APPROVE
WRONG_ITEM_CLAIM,6019.37,True,1,1,1419.46,284,9,5,3,1,11.233335595,ESCALATE
SUBSTITUTED_RETURN_CLAIM,2265.53,True,1,4,5153.5,505,7,2,3,2,2.950000593888889,APPROVE
SUBSTITUTED_RETURN_CLAIM,1632.99,True,1,0,334.65,187,8,3,5,0,51.43334468277778,APPROVE
SHORTAGE_CLAIM,765.33,False,0,0,1011.09,44,10,5,5,0,10.61666881138889,REQUEST_EVIDENCE
NON_DELIVERY_CLAIM,7266.42,True,1,1,1954.65,508,4,0,3,1,40.98334259277778,ESCALATE
NON_DELIVERY_CLAIM,4053.32,True,1,0,948.72,467,6,2,3,0,8.966668565833334,APPROVE
SUBSTITUTED_RETURN_CLAIM,2711.11,False,0,1,1630.5,299,10,3,4,1,5.750001234722222,REQUEST_EVIDENCE
SHORTAGE_CLAIM,2029.94,True,1,0,1242.55,1295,8,1,5,0,49.60001107638889,APPROVE
NON_DELIVERY_CLAIM,1608.31,False,0,2,514.81,101,9,2,2,2,4.116667588888888,REQUEST_EVIDENCE
NON_DELIVERY_CLAIM,7151.42,False,0,0,403.46,971,18,9,8,0,5.266667814722222,REQUEST_EVIDENCE
WRONG_ITEM_CLAIM,3682.69,False,0,2,4499.43,1444,8,4,2,1,12.566669352222222,REQUEST_EVIDENCE
WRONG_ITEM_CLAIM,8894.93,True,1,0,2082.0,1431,10,3,1,2,27.133339561944446,ESCALATE
WRONG_ITEM_CLAIM,1573.74,True,1,4,3427.47,972,4,0,4,0,11.3166690675,APPROVE
SHORTAGE_CLAIM,1553.43,False,0,0,1065.42,998,9,4,5,0,14.7500031275,REQUEST_EVIDENCE
SUBSTITUTED_RETURN_CLAIM,875.58,False,0,3,6589.6,332,8,5,3,0,6.116668010833334,REQUEST_EVIDENCE
NON_DELIVERY_CLAIM,5251.3,False,0,1,2456.85,1075,8,1,6,0,11.000002345,REQUEST_EVIDENCE
WRONG_ITEM_CLAIM,5006.02,True,1,0,717.19,1173,12,3,7,1,3.666667536111111,ESCALATE
SHORTAGE_CLAIM,3717.89,True,1,0,2122.87,952,7,3,3,1,44.60001011166666,APPROVE
SUBSTITUTED_RETURN_CLAIM,5739.41,False,0,1,1842.87,1477,8,2,5,1,0.3166668711111111,REQUEST_EVIDENCE
NON_DELIVERY_CLAIM,447.14,False,0,1,207.06,476,9,5,4,0,12.550002706944445,REQUEST_EVIDENCE
WRONG_ITEM_CLAIM,1723.58,True,1,1,4455.06,581,6,3,3,0,3.0666674322222223,APPROVE
SUBSTITUTED_RETURN_CLAIM,2666.12,True,1,1,1939.02,543,13,4,8,0,2.633334014722222,APPROVE
SHORTAGE_CLAIM,743.3,False,0,0,552.73,985,12,4,5,1,12.266669302777776,REQUEST_EVIDENCE
SHORTAGE_CLAIM,7404.88,False,0,4,2326.22,652,10,4,5,1,1.466667117777778,REQUEST_EVIDENCE
WRONG_ITEM_CLAIM,5636.69,False,0,3,4839.82,379,8,3,3,0,20.383338064444445,REQUEST_EVIDENCE
SHORTAGE_CLAIM,4590.11,True,1,0,297.25,1058,8,2,4,1,8.700001880555556,APPROVE
SHORTAGE_CLAIM,1006.71,True,1,0,2049.67,1299,10,4,2,0,25.05000585166667,APPROVE
WRONG_ITEM_CLAIM,3888.82,True,1,1,645.4,323,7,3,3,1,10.783335659444443,APPROVE
SHORTAGE_CLAIM,2187.51,True,1,2,432.23,1000,12,3,7,0,17.050003616666665,APPROVE
SUBSTITUTED_RETURN_CLAIM,117.63,False,0,0,2597.86,724,11,6,3,1,4.550001069166667,REQUEST_EVIDENCE
SHORTAGE_CLAIM,4604.17,False,0,0,586.22,1376,8,2,5,1,21.066671728055557,REQUEST_EVIDENCE
WRONG_ITEM_CLAIM,7231.13,False,0,3,5731.08,1386,10,4,5,1,10.2333355525,REQUEST_EVIDENCE
SHORTAGE_CLAIM,1595.8,False,0,0,219.59,697,9,3,3,2,9.966668834166667,DENY
SHORTAGE_CLAIM,4065.2,True,1,0,2541.52,133,8,2,3,1,23.26667216638889,APPROVE
SHORTAGE_CLAIM,7711.58,True,1,0,611.2,1023,5,2,2,1,15.650003339722224,ESCALATE
SUBSTITUTED_RETURN_CLAIM,191.41,False,0,0,1706.0,967,10,6,3,0,1.6333338208333334,REQUEST_EVIDENCE
NON_DELIVERY_CLAIM,448.18,True,1,0,629.05,373,8,6,2,0,11.633335831944443,APPROVE
WRONG_ITEM_CLAIM,1035.89,False,0,2,7120.96,933,12,4,7,0,23.26667216611111,REQUEST_EVIDENCE
SUBSTITUTED_RETURN_CLAIM,2273.01,True,1,1,96.92,616,8,2,4,1,14.183336380833333,APPROVE
SHORTAGE_CLAIM,5063.75,False,0,2,910.04,272,8,1,5,0,15.50000331,DENY
SHORTAGE_CLAIM,2561.77,True,1,1,729.95,695,13,4,8,1,9.350002046666667,APPROVE
SUBSTITUTED_RETURN_CLAIM,1826.84,False,0,0,1761.01,335,11,6,3,0,1.2333337386111112,REQUEST_EVIDENCE
WRONG_ITEM_CLAIM,2126.64,False,0,1,2469.59,928,9,0,5,2,50.450011314166666,REQUEST_EVIDENCE
NON_DELIVERY_CLAIM,165.97,True,1,0,209.52,845,6,2,4,0,24.433339066111113,APPROVE
NON_DELIVERY_CLAIM,4916.1,False,0,3,6265.87,429,5,1,4,0,8.050001759166667,REQUEST_EVIDENCE
NON_DELIVERY_CLAIM,3743.21,False,0,0,2701.37,1002,6,1,4,0,25.966672702222223,REQUEST_EVIDENCE
WRONG_ITEM_CLAIM,1748.35,True,1,2,5815.51,1211,6,0,4,2,4.400001040555556,APPROVE
NON_DELIVERY_CLAIM,2261.79,False,0,1,2836.1,281,7,4,3,0,2.4500006505555554,REQUEST_EVIDENCE
WRONG_ITEM_CLAIM,857.4,True,1,2,2536.68,1019,3,3,0,0,92.70002068944446,APPROVE
WRONG_ITEM_CLAIM,440.43,True,1,0,1410.41,768,14,3,11,0,18.23333719,APPROVE
SUBSTITUTED_RETURN_CLAIM,578.59,False,0,0,779.42,664,13,4,9,0,5.750001307777778,REQUEST_EVIDENCE
SUBSTITUTED_RETURN_CLAIM,125.63,False,0,1,237.06,334,14,5,7,1,6.033334696388889,REQUEST_EVIDENCE
SHORTAGE_CLAIM,2112.14,False,0,4,3614.4,1228,6,3,2,0,57.23334597833333,DENY
SUBSTITUTED_RETURN_CLAIM,6710.95,True,1,1,6534.77,492,7,5,2,0,55.900012385833335,ESCALATE
WRONG_ITEM_CLAIM,1192.43,False,0,0,1852.69,354,16,5,8,0,6.233334735833333,REQUEST_EVIDENCE
NON_DELIVERY_CLAIM,3674.84,False,0,3,6265.87,429,6,1,5,0,0.18333337194444443,REQUEST_EVIDENCE
SUBSTITUTED_RETURN_CLAIM,4921.52,True,1,1,2778.13,1242,9,8,1,0,36.16667472305556,APPROVE
NON_DELIVERY_CLAIM,2456.5,True,1,0,1295.52,163,6,3,2,1,13.200002851388888,APPROVE
NON_DELIVERY_CLAIM,2409.29,True,1,1,1213.69,332,8,3,5,0,23.433338869722224,APPROVE
SHORTAGE_CLAIM,2936.4,True,1,1,4717.96,412,7,2,3,1,25.416672599166667,DENY
WRONG_ITEM_CLAIM,1667.31,False,0,1,1554.31,1159,7,5,2,0,4.116667655555555,REQUEST_EVIDENCE
SUBSTITUTED_RETURN_CLAIM,4387.09,False,0,0,499.09,1021,11,4,6,0,7.500001651111111,REQUEST_EVIDENCE
SUBSTITUTED_RETURN_CLAIM,1010.23,True,1,1,1947.29,876,6,5,1,0,32.316673969166665,APPROVE
NON_DELIVERY_CLAIM,3501.14,True,1,1,1071.13,1041,7,3,3,1,8.550001860833333,APPROVE
NON_DELIVERY_CLAIM,7945.26,True,1,3,7364.62,1382,10,1,8,0,33.61667422527778,ESCALATE
SHORTAGE_CLAIM,2323.3,False,0,0,1580.05,1061,12,1,9,1,10.466668938333333,DENY
WRONG_ITEM_CLAIM,3401.4,False,0,0,1511.24,649,9,2,5,1,48.70001095416667,REQUEST_EVIDENCE
NON_DELIVERY_CLAIM,464.53,False,0,0,2012.93,1079,12,4,6,0,18.233337191944443,REQUEST_EVIDENCE
WRONG_ITEM_CLAIM,4590.65,False,0,0,212.77,290,8,4,1,3,14.900003194166667,REQUEST_EVIDENCE
WRONG_ITEM_CLAIM,3952.67,True,1,0,2625.54,355,9,6,3,0,20.383337628611113,APPROVE
WRONG_ITEM_CLAIM,2498.47,True,1,0,1891.95,116,8,3,4,0,8.283335143055556,APPROVE
SUBSTITUTED_RETURN_CLAIM,1803.27,False,0,0,1260.19,1044,10,4,6,0,13.066669469444445,REQUEST_EVIDENCE
WRONG_ITEM_CLAIM,4987.01,False,0,0,1734.4,598,9,4,4,1,16.666670213055557,REQUEST_EVIDENCE
SUBSTITUTED_RETURN_CLAIM,723.37,False,0,1,1690.25,1351,9,3,5,0,13.700002958055556,REQUEST_EVIDENCE
SUBSTITUTED_RETURN_CLAIM,8941.03,False,0,0,1344.81,531,9,2,5,2,14.916669865277777,REQUEST_EVIDENCE
SHORTAGE_CLAIM,4634.27,True,1,0,628.58,212,8,3,4,0,41.60000920416667,DENY
SHORTAGE_CLAIM,668.55,False,0,0,1891.23,1228,13,5,7,0,2.300000628333333,REQUEST_EVIDENCE
WRONG_ITEM_CLAIM,2476.83,False,0,0,1662.95,146,11,6,4,0,1.3833337755555555,REQUEST_EVIDENCE
SUBSTITUTED_RETURN_CLAIM,5928.8,False,0,0,505.91,1330,12,4,4,2,23.500005554444446,REQUEST_EVIDENCE
SUBSTITUTED_RETURN_CLAIM,1192.35,True,1,0,2150.6,1469,6,3,3,0,20.283337611944443,APPROVE
SHORTAGE_CLAIM,1564.35,False,0,1,1876.05,727,10,5,4,0,7.416668309166667,DENY
NON_DELIVERY_CLAIM,1550.71,False,0,0,62.57,189,8,2,6,0,3.4000008480555555,REQUEST_EVIDENCE
SUBSTITUTED_RETURN_CLAIM,4585.02,False,0,1,2267.73,40,6,1,5,0,4.7166677791666665,REQUEST_EVIDENCE
NON_DELIVERY_CLAIM,4673.11,False,0,0,2428.44,1038,11,6,4,0,3.8166675975,REQUEST_EVIDENCE
WRONG_ITEM_CLAIM,161.97,False,0,0,393.83,1371,13,6,5,1,4.166667670277778,REQUEST_EVIDENCE
WRONG_ITEM_CLAIM,2371.89,True,1,0,15.09,1417,12,7,5,0,7.400001638611111,APPROVE
SHORTAGE_CLAIM,1616.04,False,0,0,1312.07,1356,10,3,7,0,31.1500070775,REQUEST_EVIDENCE
SUBSTITUTED_RETURN_CLAIM,1728.68,True,1,0,1390.28,525,17,3,8,2,10.800002343333333,APPROVE
SHORTAGE_CLAIM,2350.53,False,0,1,3876.01,1295,8,5,3,0,55.06667889777778,DENY
NON_DELIVERY_CLAIM,3224.24,False,0,0,25.26,1435,6,3,3,0,1.7666671900000002,REQUEST_EVIDENCE
NON_DELIVERY_CLAIM,7466.21,True,1,4,7591.04,828,7,3,3,1,24.033338998055555,ESCALATE
WRONG_ITEM_CLAIM,499.61,False,0,0,1367.35,973,8,2,6,0,46.81667725611111,REQUEST_EVIDENCE
NON_DELIVERY_CLAIM,2928.42,True,1,0,2351.37,1127,8,4,2,1,43.35000990694444,APPROVE
SHORTAGE_CLAIM,2032.3,True,1,1,2779.56,743,4,1,2,1,13.016669459444444,APPROVE
NON_DELIVERY_CLAIM,2024.35,False,0,0,1074.86,1227,4,0,3,0,26.583339504444442,REQUEST_EVIDENCE
SUBSTITUTED_RETURN_CLAIM,3044.93,True,1,0,1222.48,265,7,1,5,0,3.233334151388889,APPROVE
SUBSTITUTED_RETURN_CLAIM,3083.86,False,0,2,676.88,949,8,3,5,0,17.950003809722222,REQUEST_EVIDENCE
NON_DELIVERY_CLAIM,1835.12,False,0,1,2139.33,798,9,1,4,0,12.25000263361111,REQUEST_EVIDENCE
NON_DELIVERY_CLAIM,4633.64,False,0,3,1181.74,1107,9,3,4,1,7.416668313611111,REQUEST_EVIDENCE
SUBSTITUTED_RETURN_CLAIM,636.63,True,1,0,505.91,1330,13,4,5,2,0.35000007666666666,APPROVE
NON_DELIVERY_CLAIM,1871.76,False,0,0,465.82,999,3,0,3,0,5.8833346833333335,REQUEST_EVIDENCE
SUBSTITUTED_RETURN_CLAIM,837.46,True,1,0,939.81,724,14,8,4,0,19.133337381944443,APPROVE
SUBSTITUTED_RETURN_CLAIM,441.62,False,0,0,2786.9,1381,9,3,6,0,30.81667368333333,REQUEST_EVIDENCE
WRONG_ITEM_CLAIM,201.06,False,0,1,1975.22,316,5,3,2,0,10.500002289166668,REQUEST_EVIDENCE
NON_DELIVERY_CLAIM,1436.13,False,0,1,2480.47,1082,10,3,5,0,30.883340363055556,REQUEST_EVIDENCE
SUBSTITUTED_RETURN_CLAIM,3636.71,True,1,0,2973.26,1233,11,2,4,3,28.766673275000002,APPROVE
SHORTAGE_CLAIM,2548.58,False,0,0,1481.14,1094,3,1,1,1,6.1166680625,REQUEST_EVIDENCE
SUBSTITUTED_RETURN_CLAIM,430.95,False,0,0,1129.43,1261,10,3,4,2,15.783336713611112,REQUEST_EVIDENCE
SHORTAGE_CLAIM,590.1,True,1,0,143.18,1008,6,3,3,0,58.46667956666667,APPROVE
NON_DELIVERY_CLAIM,957.92,False,0,0,2351.4,647,13,6,4,2,7.100001586388889,REQUEST_EVIDENCE
WRONG_ITEM_CLAIM,716.07,True,1,1,1419.46,284,10,5,3,2,1.8333338711111111,APPROVE
NON_DELIVERY_CLAIM,3340.42,True,1,1,1113.59,190,7,2,3,0,25.866672700833334,APPROVE
SHORTAGE_CLAIM,4029.03,False,0,0,2873.17,114,3,2,1,0,25.566672638055554,REQUEST_EVIDENCE
SHORTAGE_CLAIM,2283.46,True,1,0,0.51,273,9,4,3,1,23.38333887138889,DENY
NON_DELIVERY_CLAIM,5170.68,True,1,0,1168.7,754,5,2,0,1,22.800005423333335,ESCALATE
NON_DELIVERY_CLAIM,1402.06,False,0,0,420.89,1026,10,3,4,2,1.9500005616666665,REQUEST_EVIDENCE
SUBSTITUTED_RETURN_CLAIM,1519.93,False,0,4,6970.61,414,10,3,6,0,5.9000013536111116,REQUEST_EVIDENCE
WRONG_ITEM_CLAIM,2471.87,True,1,0,36.57,144,11,3,4,2,2.1500006016666666,APPROVE
WRONG_ITEM_CLAIM,3540.0,False,0,0,2056.53,1166,12,6,4,1,20.033337563055554,REQUEST_EVIDENCE
SUBSTITUTED_RETURN_CLAIM,6918.12,False,0,1,1966.2,146,8,3,3,2,16.966670282777777,REQUEST_EVIDENCE
NON_DELIVERY_CLAIM,4151.74,True,1,0,443.23,1288,7,2,3,1,3.8333342725,APPROVE
WRONG_ITEM_CLAIM,1093.71,True,1,0,1706.0,967,11,6,4,0,1.4333336325,APPROVE
NON_DELIVERY_CLAIM,1578.72,True,1,0,2689.85,1455,6,4,0,2,10.333335555,APPROVE
WRONG_ITEM_CLAIM,2468.68,False,0,0,1295.52,163,7,4,2,1,1.1000002291666666,REQUEST_EVIDENCE
SUBSTITUTED_RETURN_CLAIM,2222.55,False,0,0,1259.48,1276,10,4,5,0,12.333335983333333,REQUEST_EVIDENCE
WRONG_ITEM_CLAIM,2250.11,True,1,0,1659.93,446,13,3,7,0,7.916668413055556,APPROVE
SHORTAGE_CLAIM,2037.44,True,1,0,437.83,1258,8,3,3,1,3.1000007930555555,APPROVE
WRONG_ITEM_CLAIM,1784.95,True,1,0,2747.56,102,12,5,6,0,4.233334351666667,APPROVE
WRONG_ITEM_CLAIM,4532.55,True,1,0,2973.26,1233,12,3,4,3,0.38333340805555555,APPROVE
SUBSTITUTED_RETURN_CLAIM,822.7,False,0,0,1420.73,228,10,5,4,1,17.8000037825,REQUEST_EVIDENCE
WRONG_ITEM_CLAIM,450.11,True,1,0,64.48,478,11,5,4,2,7.850001733055555,APPROVE
NON_DELIVERY_CLAIM,2797.42,True,1,1,3876.01,1295,9,5,3,0,0.7166668125,APPROVE
NON_DELIVERY_CLAIM,2320.67,True,1,1,2863.67,99,11,6,4,0,8.066668442222221,APPROVE
NON_DELIVERY_CLAIM,1390.79,True,1,0,1423.84,898,13,4,8,1,14.216669728888888,APPROVE
SHORTAGE_CLAIM,2398.7,True,1,0,2018.41,285,6,4,2,0,33.31667417777778,APPROVE
WRONG_ITEM_CLAIM,286.88,False,0,1,2637.72,942,14,7,5,2,29.40000673305556,REQUEST_EVIDENCE
NON_DELIVERY_CLAIM,1679.33,False,0,0,1852.69,354,17,5,9,0,1.3666669494444443,REQUEST_EVIDENCE
WRONG_ITEM_CLAIM,1729.34,True,1,0,2670.74,834,8,5,3,0,18.250003872222223,APPROVE
SUBSTITUTED_RETURN_CLAIM,1918.27,True,1,2,1743.23,372,11,5,5,1,25.700005997222224,APPROVE
NON_DELIVERY_CLAIM,2336.77,True,1,0,925.26,471,9,3,4,0,8.016668434166666,APPROVE
SHORTAGE_CLAIM,4277.67,True,1,0,599.0,1005,11,6,5,0,6.4500014624999995,APPROVE
WRONG_ITEM_CLAIM,5270.47,False,0,0,704.31,1122,8,5,3,0,2.8333340711111115,REQUEST_EVIDENCE
SUBSTITUTED_RETURN_CLAIM,1846.14,False,0,1,1677.34,1230,8,3,5,0,15.733336703055556,REQUEST_EVIDENCE
NON_DELIVERY_CLAIM,5716.66,False,0,4,2497.91,624,12,3,4,3,14.233336377777778,REQUEST_EVIDENCE
NON_DELIVERY_CLAIM,701.78,True,1,2,1187.88,1164,5,1,4,0,6.9166682208333325,APPROVE
WRONG_ITEM_CLAIM,2777.29,True,1,0,1630.29,1217,13,6,5,1,5.166667871944444,APPROVE
NON_DELIVERY_CLAIM,3255.28,True,1,0,1891.95,116,9,4,4,0,1.2666669283333332,APPROVE
SHORTAGE_CLAIM,2805.65,False,0,1,3875.66,793,16,5,7,0,15.633336684166666,DENY
SUBSTITUTED_RETURN_CLAIM,1998.64,False,0,1,5603.62,1156,11,6,3,1,9.400002038611111,REQUEST_EVIDENCE
SHORTAGE_CLAIM,2014.17,False,0,1,1842.87,1477,9,2,6,1,2.1833337997222224,DENY
SHORTAGE_CLAIM,3824.84,False,0,1,2298.85,1107,9,3,3,1,16.666670222222223,REQUEST_EVIDENCE
SUBSTITUTED_RETURN_CLAIM,353.88,True,1,2,6719.24,1251,11,3,8,0,5.716667983055555,APPROVE
SHORTAGE_CLAIM,5663.76,True,1,1,1493.22,887,9,3,5,0,14.966669885555556,ESCALATE
SUBSTITUTED_RETURN_CLAIM,7761.51,False,0,0,1312.07,1356,11,3,8,0,1.1166668930555554,REQUEST_EVIDENCE
SUBSTITUTED_RETURN_CLAIM,5642.72,True,1,2,667.66,311,9,4,5,0,11.2666691075,ESCALATE
WRONG_ITEM_CLAIM,5627.1,False,0,0,1199.04,1490,6,2,3,0,35.5166746125,REQUEST_EVIDENCE
WRONG_ITEM_CLAIM,3468.9,True,1,1,886.05,1277,6,4,2,0,96.00002135583334,APPROVE
NON_DELIVERY_CLAIM,2488.71,True,1,0,315.67,474,9,1,4,0,7.866668405,APPROVE
WRONG_ITEM_CLAIM,859.98,True,1,0,132.89,1129,7,2,5,0,15.050003235555556,APPROVE
WRONG_ITEM_CLAIM,1272.52,False,0,3,3787.71,1331,4,2,1,1,43.38334321333333,REQUEST_EVIDENCE
SUBSTITUTED_RETURN_CLAIM,2218.2,True,1,1,7706.23,1466,8,2,6,0,15.450003313611111,APPROVE
SUBSTITUTED_RETURN_CLAIM,5102.37,False,0,0,942.71,297,12,6,3,1,8.65000189111111,REQUEST_EVIDENCE
NON_DELIVERY_CLAIM,7760.19,True,1,1,189.3,1346,11,1,10,0,60.28334658972222,ESCALATE
SHORTAGE_CLAIM,5734.67,False,0,0,1004.79,1297,13,4,8,1,9.533335398611111,REQUEST_EVIDENCE
SUBSTITUTED_RETURN_CLAIM,479.63,True,1,0,306.82,1305,5,1,4,0,13.116669473055556,APPROVE
SUBSTITUTED_RETURN_CLAIM,1380.24,False,0,0,1706.76,1067,4,2,2,0,27.73333973472222,REQUEST_EVIDENCE
WRONG_ITEM_CLAIM,1523.49,False,0,0,287.75,419,13,7,5,0,3.750000923611111,REQUEST_EVIDENCE
SHORTAGE_CLAIM,6508.29,True,1,0,1438.47,889,8,4,4,0,6.0333347125,DENY
NON_DELIVERY_CLAIM,511.06,True,1,1,1714.11,445,12,6,3,2,5.316667900277778,APPROVE
NON_DELIVERY_CLAIM,2038.85,False,0,1,359.64,525,9,4,5,0,27.86667309361111,REQUEST_EVIDENCE
WRONG_ITEM_CLAIM,1814.27,False,0,0,1891.95,116,10,5,4,0,0.4000000788888889,REQUEST_EVIDENCE
NON_DELIVERY_CLAIM,2010.1,True,1,1,1649.99,1490,10,3,5,0,57.666679414444445,APPROVE
NON_DELIVERY_CLAIM,4509.34,True,1,0,2141.3,1469,12,5,6,1,12.600002704722222,APPROVE
SHORTAGE_CLAIM,1566.29,True,1,0,925.26,471,10,4,4,0,0.5666667788888888,APPROVE
SUBSTITUTED_RETURN_CLAIM,1553.89,True,1,1,413.98,879,6,1,4,1,7.30000163,APPROVE
SUBSTITUTED_RETURN_CLAIM,3363.46,True,1,0,2290.71,671,14,5,5,2,10.450002248055554,APPROVE
SUBSTITUTED_RETURN_CLAIM,1219.52,False,0,2,2061.2,1237,12,2,7,1,9.916668807222221,REQUEST_EVIDENCE
WRONG_ITEM_CLAIM,1556.97,False,0,0,2021.02,706,10,6,3,0,46.116677117777776,REQUEST_EVIDENCE
SHORTAGE_CLAIM,5593.03,True,1,0,1201.75,316,15,3,11,1,6.500001471388889,ESCALATE
SUBSTITUTED_RETURN_CLAIM,6068.67,True,1,1,181.47,892,6,1,5,0,8.600001882777777,ESCALATE
SHORTAGE_CLAIM,5778.75,False,0,1,1724.72,1223,7,3,4,0,14.650003120277777,REQUEST_EVIDENCE
WRONG_ITEM_CLAIM,2063.12,True,1,0,2973.26,1233,13,4,4,3,0.8833335091666666,APPROVE
SUBSTITUTED_RETURN_CLAIM,1811.39,False,0,1,939.22,1161,10,4,6,0,11.233335733611112,REQUEST_EVIDENCE
NON_DELIVERY_CLAIM,3243.77,False,0,1,664.1,251,7,3,3,1,10.650002287777777,REQUEST_EVIDENCE
WRONG_ITEM_CLAIM,4520.32,False,0,0,1199.04,1490,7,2,4,0,0.4833334297222222,REQUEST_EVIDENCE
SHORTAGE_CLAIM,3362.32,True,1,0,1201.87,1406,6,0,6,0,67.70001483916667,DENY
SUBSTITUTED_RETURN_CLAIM,4605.59,True,1,0,1312.07,1356,12,3,9,0,0.5500001094444444,APPROVE
WRONG_ITEM_CLAIM,1134.71,False,0,1,417.54,975,9,3,2,4,11.616669178333332,REQUEST_EVIDENCE
SUBSTITUTED_RETURN_CLAIM,2176.08,True,1,3,2756.82,1053,11,6,4,0,3.3666675094444445,APPROVE
NON_DELIVERY_CLAIM,5223.57,True,1,1,1159.93,1372,10,4,4,1,18.333337219999997,ESCALATE
SUBSTITUTED_RETURN_CLAIM,1163.86,True,1,0,437.83,1258,9,4,3,1,1.066666878888889,APPROVE
SUBSTITUTED_RETURN_CLAIM,4423.83,True,1,0,1859.27,728,7,3,3,1,16.683336890833335,APPROVE
SHORTAGE_CLAIM,1401.04,False,0,2,5909.3,1434,7,5,2,0,59.21667971694444,DENY
NON_DELIVERY_CLAIM,3146.72,False,0,0,2687.1,194,13,7,5,0,14.066669662777777,REQUEST_EVIDENCE
WRONG_ITEM_CLAIM,3084.15,True,1,1,2865.15,647,7,4,3,0,56.73334590138889,APPROVE
WRONG_ITEM_CLAIM,2714.23,True,1,1,1159.93,1372,11,4,4,2,0.10000002083333333,APPROVE
SUBSTITUTED_RETURN_CLAIM,8130.47,True,1,0,2316.43,1143,11,4,6,0,8.316668496111111,ESCALATE
SHORTAGE_CLAIM,1717.89,True,1,0,2168.65,538,6,3,3,0,72.63334913777777,APPROVE
SHORTAGE_CLAIM,2011.88,True,1,1,2939.55,1211,10,5,4,1,19.43333744027778,APPROVE
NON_DELIVERY_CLAIM,573.54,False,0,0,209.52,845,7,3,4,0,2.6000005305555556,REQUEST_EVIDENCE
SUBSTITUTED_RETURN_CLAIM,2343.91,False,0,1,730.71,217,9,3,4,1,3.4500008600000003,REQUEST_EVIDENCE
WRONG_ITEM_CLAIM,444.49,True,1,0,1371.96,93,12,2,9,1,13.583336232777777,APPROVE
SHORTAGE_CLAIM,2864.01,True,1,4,2326.22,652,11,4,6,1,2.983333943888889,APPROVE
SHORTAGE_CLAIM,1390.99,False,0,2,2631.28,1030,10,4,5,1,17.13333698222222,REQUEST_EVIDENCE
SHORTAGE_CLAIM,2272.77,False,0,1,2829.16,206,8,6,2,0,5.883334680277778,REQUEST_EVIDENCE
SUBSTITUTED_RETURN_CLAIM,1190.38,True,1,0,352.66,1488,4,1,3,0,14.900003169166666,APPROVE
SUBSTITUTED_RETURN_CLAIM,2390.22,False,0,1,760.9,450,5,1,4,0,53.40001191277778,REQUEST_EVIDENCE
NON_DELIVERY_CLAIM,4804.07,True,1,1,303.87,256,10,6,3,1,14.533336424444444,APPROVE
SHORTAGE_CLAIM,613.38,False,0,0,939.81,724,15,9,4,0,1.7833336880555557,REQUEST_EVIDENCE
NON_DELIVERY_CLAIM,2060.42,False,0,0,2590.11,164,13,3,5,2,19.200004062222224,REQUEST_EVIDENCE
SHORTAGE_CLAIM,7591.99,False,0,1,237.06,334,15,5,8,1,2.650000538888889,REQUEST_EVIDENCE
SHORTAGE_CLAIM,4161.0,True,1,0,22.04,744,9,4,5,0,8.883335275833334,APPROVE
SUBSTITUTED_RETURN_CLAIM,1683.32,False,0,1,6534.77,492,8,5,2,1,2.6500005399999997,REQUEST_EVIDENCE
WRONG_ITEM_CLAIM,4767.13,True,1,2,3613.14,287,8,4,2,0,28.583339904722223,APPROVE
WRONG_ITEM_CLAIM,1562.61,True,1,2,676.88,949,9,3,6,0,1.9666670608333334,APPROVE
SUBSTITUTED_RETURN_CLAIM,5737.93,False,0,1,839.16,1180,2,1,1,0,27.366672998055556,REQUEST_EVIDENCE
SUBSTITUTED_RETURN_CLAIM,2645.12,True,1,1,2887.94,339,7,1,4,0,5.183334542222222,APPROVE
WRONG_ITEM_CLAIM,235.66,False,0,3,1181.74,1107,10,3,5,1,1.9833337302777778,REQUEST_EVIDENCE
SUBSTITUTED_RETURN_CLAIM,1565.09,False,0,1,729.14,508,7,1,4,0,12.383335998055557,REQUEST_EVIDENCE
SHORTAGE_CLAIM,3481.52,False,0,1,1508.72,990,5,2,2,1,37.566675017777776,REQUEST_EVIDENCE
SUBSTITUTED_RETURN_CLAIM,4759.47,False,0,4,2786.15,609,10,5,5,0,14.65000311361111,REQUEST_EVIDENCE
NON_DELIVERY_CLAIM,2542.8,False,0,0,113.89,1192,11,4,5,2,16.050003431666667,REQUEST_EVIDENCE
NON_DELIVERY_CLAIM,3090.61,True,1,2,1391.28,215,7,3,3,1,14.200003023888888,APPROVE
SHORTAGE_CLAIM,1624.99,False,0,4,4988.53,1226,5,1,4,0,16.216670135833333,REQUEST_EVIDENCE
SUBSTITUTED_RETURN_CLAIM,3846.63,False,0,1,2804.74,725,8,3,2,1,12.200002629444445,REQUEST_EVIDENCE
NON_DELIVERY_CLAIM,6406.77,True,1,0,1030.88,326,8,1,6,1,20.65000435083333,ESCALATE
SHORTAGE_CLAIM,2537.15,False,0,0,153.47,912,5,2,3,0,20.466670980277776,REQUEST_EVIDENCE
SHORTAGE_CLAIM,5712.06,True,1,0,1761.01,335,12,6,4,0,3.100000631111111,ESCALATE
SHORTAGE_CLAIM,722.09,True,1,0,674.43,959,12,5,4,2,10.85000233,DENY
WRONG_ITEM_CLAIM,1806.08,False,0,0,793.19,814,7,3,4,0,11.566669136666667,REQUEST_EVIDENCE
WRONG_ITEM_CLAIM,3527.04,False,0,1,2342.92,672,10,2,6,1,29.78334014111111,REQUEST_EVIDENCE
SHORTAGE_CLAIM,4236.04,True,1,0,2212.84,568,10,5,5,0,16.000003419166667,APPROVE
NON_DELIVERY_CLAIM,296.09,True,1,0,2309.9,1081,12,3,7,0,16.433336844444444,APPROVE
SUBSTITUTED_RETURN_CLAIM,2102.22,False,0,0,109.66,1102,10,4,4,0,8.900001946388889,REQUEST_EVIDENCE
SHORTAGE_CLAIM,2834.9,False,0,1,4996.81,774,6,4,2,0,14.3166697125,REQUEST_EVIDENCE
SUBSTITUTED_RETURN_CLAIM,4726.51,False,0,0,2608.42,1264,13,3,9,1,9.233335344444445,REQUEST_EVIDENCE
NON_DELIVERY_CLAIM,6364.24,True,1,0,2049.67,1299,11,5,2,0,3.5000007130555555,ESCALATE
SUBSTITUTED_RETURN_CLAIM,1538.81,False,0,2,2570.25,731,12,8,4,0,12.900002766666667,REQUEST_EVIDENCE
SUBSTITUTED_RETURN_CLAIM,513.87,False,0,1,2090.63,455,7,2,4,1,34.98334117694445,REQUEST_EVIDENCE
WRONG_ITEM_CLAIM,3961.96,True,1,1,2977.46,1202,8,5,1,1,13.150002818055556,APPROVE
NON_DELIVERY_CLAIM,425.54,True,1,0,880.72,1142,4,3,1,0,14.833336483888889,APPROVE
WRONG_ITEM_CLAIM,2230.92,False,0,1,2543.95,625,7,1,0,2,18.483337252222224,REQUEST_EVIDENCE
NON_DELIVERY_CLAIM,2467.7,True,1,4,3470.4,1125,13,7,4,1,8.500001870277778,APPROVE
NON_DELIVERY_CLAIM,831.78,True,1,1,2964.46,301,4,3,1,0,82.91668542194444,APPROVE
WRONG_ITEM_CLAIM,1991.31,True,1,0,351.03,564,14,7,6,1,7.250001623888889,APPROVE
WRONG_ITEM_CLAIM,546.71,False,0,0,1406.09,335,12,7,4,1,6.450001461111111,REQUEST_EVIDENCE
WRONG_ITEM_CLAIM,1816.13,True,1,0,1379.26,1054,15,4,10,1,19.850004193055554,APPROVE
SUBSTITUTED_RETURN_CLAIM,1400.61,True,1,1,1055.05,385,8,3,5,0,8.150001802777778,APPROVE
WRONG_ITEM_CLAIM,2732.44,False,0,2,6452.83,511,8,4,3,1,10.716668969166665,REQUEST_EVIDENCE
WRONG_ITEM_CLAIM,3419.05,True,1,1,88.07,560,11,4,2,2,27.1666729575,APPROVE
WRONG_ITEM_CLAIM,4043.64,True,1,0,212.77,290,9,4,2,3,3.0333339480555557,APPROVE
NON_DELIVERY_CLAIM,827.24,True,1,0,352.66,1488,5,2,3,0,0.7666668202777778,APPROVE
SHORTAGE_CLAIM,6172.23,False,0,0,2536.55,1403,12,5,6,1,10.633335619444445,REQUEST_EVIDENCE
SHORTAGE_CLAIM,2344.62,False,0,0,2747.56,102,13,6,6,0,2.100000420277778,REQUEST_EVIDENCE
SUBSTITUTED_RETURN_CLAIM,2801.74,True,1,0,1650.72,791,10,5,5,0,12.683336059166665,APPROVE
SHORTAGE_CLAIM,4983.83,True,1,0,895.5,1424,8,2,3,0,20.46667098,APPROVE
SHORTAGE_CLAIM,2211.32,True,1,1,2822.97,909,8,2,4,2,6.666668170277777,APPROVE
SHORTAGE_CLAIM,1316.76,False,0,0,1588.25,1395,13,5,7,1,6.983334900833333,REQUEST_EVIDENCE
SUBSTITUTED_RETURN_CLAIM,2865.2,False,0,0,1858.97,136,4,1,2,0,51.01667809388889,REQUEST_EVIDENCE
SUBSTITUTED_RETURN_CLAIM,5645.45,True,1,0,1777.89,424,8,2,2,0,28.766673276944445,ESCALATE
SUBSTITUTED_RETURN_CLAIM,7876.56,False,0,1,1947.29,876,7,6,1,0,3.3000006675,REQUEST_EVIDENCE
SHORTAGE_CLAIM,4703.17,False,0,0,2098.85,248,10,5,3,0,25.43333928166667,REQUEST_EVIDENCE
SUBSTITUTED_RETURN_CLAIM,2407.38,False,0,0,1872.5,1079,9,3,5,1,11.95000254888889,REQUEST_EVIDENCE
NON_DELIVERY_CLAIM,2923.55,True,1,0,2270.36,1044,7,3,3,0,37.06667492333333,APPROVE
SUBSTITUTED_RETURN_CLAIM,2076.3,False,0,0,796.1,255,11,5,4,0,16.36667015861111,REQUEST_EVIDENCE
SHORTAGE_CLAIM,4275.16,True,1,0,1078.46,677,14,6,6,0,19.250004071666666,DENY
SUBSTITUTED_RETURN_CLAIM,3831.4,False,0,0,708.46,727,9,5,3,1,22.666671422222223,REQUEST_EVIDENCE
SHORTAGE_CLAIM,3857.04,True,1,1,2529.93,767,6,3,3,0,56.333345826666665,APPROVE
SHORTAGE_CLAIM,4576.31,True,1,0,847.37,829,12,2,4,0,38.950008625277775,DENY
WRONG_ITEM_CLAIM,1967.34,False,0,2,2709.38,89,13,6,5,1,21.66667122,REQUEST_EVIDENCE
SUBSTITUTED_RETURN_CLAIM,3201.75,True,1,0,193.42,1435,7,2,4,0,19.450004111111113,APPROVE
SUBSTITUTED_RETURN_CLAIM,2649.73,False,0,4,2326.22,652,12,5,6,1,1.1500002302777776,REQUEST_EVIDENCE
NON_DELIVERY_CLAIM,3225.21,True,1,2,5909.3,1434,8,5,2,0,1.333333601388889,APPROVE
SHORTAGE_CLAIM,5843.07,True,1,0,444.77,1259,4,1,2,0,18.350003891944446,ESCALATE
WRONG_ITEM_CLAIM,2144.87,True,1,1,1116.93,995,9,6,2,1,8.416668520277778,APPROVE
NON_DELIVERY_CLAIM,591.43,False,0,0,1619.84,904,14,6,8,0,9.333335367777778,REQUEST_EVIDENCE
SUBSTITUTED_RETURN_CLAIM,3965.78,True,1,1,1942.11,581,11,3,7,1,26.63333951861111,APPROVE
WRONG_ITEM_CLAIM,815.95,True,1,0,2868.83,1026,14,4,8,0,37.133341603333335,APPROVE
NON_DELIVERY_CLAIM,2830.75,False,0,4,7019.74,1279,9,2,7,0,8.933335290833334,REQUEST_EVIDENCE
SUBSTITUTED_RETURN_CLAIM,8548.93,True,1,0,2569.01,446,7,2,5,0,23.083338170833333,ESCALATE
WRONG_ITEM_CLAIM,4575.84,True,1,1,4455.06,581,7,4,3,0,4.333334218055556,APPROVE
SHORTAGE_CLAIM,2434.32,False,0,0,1782.13,980,12,8,4,0,11.083335708888889,DENY
SHORTAGE_CLAIM,3509.67,False,0,1,3535.58,1018,7,2,4,1,49.78334451222222,DENY
SHORTAGE_CLAIM,5166.36,True,1,0,2883.64,98,5,1,3,1,13.100002807500001,ESCALATE
SUBSTITUTED_RETURN_CLAIM,876.02,False,0,1,413.98,879,7,2,4,1,1.8333336991666667,REQUEST_EVIDENCE
SHORTAGE_CLAIM,1858.35,True,1,0,1474.93,811,5,1,4,0,25.56667264111111,APPROVE
SHORTAGE_CLAIM,4660.16,False,0,2,1187.88,1164,6,2,4,0,2.3666671377777777,DENY
SHORTAGE_CLAIM,6602.1,False,0,2,1147.44,996,10,2,7,1,18.61667061111111,REQUEST_EVIDENCE
SUBSTITUTED_RETURN_CLAIM,7005.1,False,0,0,544.22,1450,8,2,6,0,44.71667645083334,REQUEST_EVIDENCE
NON_DELIVERY_CLAIM,5868.85,True,1,2,1281.33,1208,12,4,4,3,26.500006159166666,ESCALATE
WRONG_ITEM_CLAIM,1914.93,False,0,0,1453.61,767,10,6,2,2,8.300001831944444,REQUEST_EVIDENCE
NON_DELIVERY_CLAIM,1818.82,True,1,0,206.29,871,8,5,2,0,30.300006911944447,APPROVE
WRONG_ITEM_CLAIM,4618.49,True,1,1,278.85,49,9,3,4,1,9.533335408888888,APPROVE
NON_DELIVERY_CLAIM,580.29,True,1,0,1431.36,1409,6,2,2,2,45.73334368333334,APPROVE
SUBSTITUTED_RETURN_CLAIM,3409.44,False,0,0,1054.89,1432,5,2,2,0,46.91667728472222,REQUEST_EVIDENCE
WRONG_ITEM_CLAIM,437.64,True,1,0,2111.28,1287,4,1,2,0,44.73334311944445,APPROVE
SHORTAGE_CLAIM,5010.36,True,1,0,849.89,169,14,8,4,2,51.73334490388889,ESCALATE
SHORTAGE_CLAIM,4213.45,False,0,1,2610.6,117,5,1,3,0,6.750001522222222,DENY
SHORTAGE_CLAIM,3443.31,True,1,1,760.9,450,6,1,5,0,1.5333336397222221,DENY
SHORTAGE_CLAIM,2321.55,False,0,0,2511.24,789,6,1,3,0,16.616670179444444,REQUEST_EVIDENCE
SUBSTITUTED_RETURN_CLAIM,1128.56,False,0,0,1715.77,542,11,5,6,0,23.400004901111114,REQUEST_EVIDENCE
WRONG_ITEM_CLAIM,1449.44,False,0,2,5852.54,244,11,5,5,0,24.83333888611111,REQUEST_EVIDENCE
SUBSTITUTED_RETURN_CLAIM,3484.06,False,0,0,343.38,596,10,2,6,2,15.650003312777777,REQUEST_EVIDENCE
NON_DELIVERY_CLAIM,697.48,False,0,1,5603.62,1156,12,6,4,1,2.5833338486111113,REQUEST_EVIDENCE
SHORTAGE_CLAIM,1883.32,False,0,1,1877.38,740,14,4,7,1,8.666668570555556,DENY
SHORTAGE_CLAIM,984.11,True,1,0,1169.95,1219,11,5,6,0,10.033335505833334,APPROVE
NON_DELIVERY_CLAIM,1162.39,True,1,0,1973.49,493,16,5,9,0,18.666670621111113,APPROVE
SHORTAGE_CLAIM,7226.63,True,1,0,1201.75,316,16,3,11,2,2.1500004294444444,ESCALATE
WRONG_ITEM_CLAIM,6819.42,True,1,0,2401.54,1378,6,1,4,1,38.56667521777778,ESCALATE
SUBSTITUTED_RETURN_CLAIM,3148.81,False,0,0,2556.58,1498,4,3,1,0,56.18334579861111,REQUEST_EVIDENCE
SHORTAGE_CLAIM,1753.49,True,1,0,2144.59,610,7,4,2,0,95.70002130222223,DENY
SUBSTITUTED_RETURN_CLAIM,1313.86,True,1,3,3578.46,441,7,4,2,1,14.150003016111112,APPROVE
SHORTAGE_CLAIM,3454.97,True,1,0,2449.36,1081,4,2,2,0,70.08334864638888,APPROVE
NON_DELIVERY_CLAIM,4581.82,True,1,0,2835.58,866,9,5,2,0,35.71667465611111,APPROVE
WRONG_ITEM_CLAIM,2249.08,False,0,0,2524.22,520,7,4,3,0,17.283337007222222,REQUEST_EVIDENCE
NON_DELIVERY_CLAIM,6939.13,False,0,4,4072.8,817,5,2,2,1,22.350004688333332,REQUEST_EVIDENCE
SHORTAGE_CLAIM,2117.57,True,1,0,1054.72,796,5,1,3,0,5.350001239166667,APPROVE
SUBSTITUTED_RETURN_CLAIM,6205.69,False,0,0,36.57,144,12,4,4,2,3.3333339972222222,REQUEST_EVIDENCE
WRONG_ITEM_CLAIM,795.2,True,1,0,768.86,251,5,3,1,0,14.450003076388889,APPROVE
WRONG_ITEM_CLAIM,5587.99,False,0,1,2992.1,1135,12,5,6,0,26.766672879444446,REQUEST_EVIDENCE
NON_DELIVERY_CLAIM,4752.05,True,1,1,1165.41,663,8,4,3,1,31.250007100555553,APPROVE
SHORTAGE_CLAIM,228.9,True,1,0,2808.74,1261,10,2,7,1,30.283340243888887,DENY
SUBSTITUTED_RETURN_CLAIM,4555.48,True,1,0,1764.93,838,9,1,8,0,26.7000062,APPROVE
WRONG_ITEM_CLAIM,1984.32,False,0,1,2139.33,798,10,1,5,0,3.766667418888889,REQUEST_EVIDENCE
WRONG_ITEM_CLAIM,5714.11,False,0,1,7943.66,290,10,5,3,1,12.483335989166667,REQUEST_EVIDENCE
SUBSTITUTED_RETURN_CLAIM,2023.91,False,0,4,7019.74,1279,10,2,8,0,0.7833334891666667,REQUEST_EVIDENCE
WRONG_ITEM_CLAIM,419.64,False,0,2,2281.54,322,9,4,2,0,20.250004270833333,REQUEST_EVIDENCE
NON_DELIVERY_CLAIM,4250.33,False,0,1,919.49,1263,8,2,5,0,24.933338548055556,REQUEST_EVIDENCE
SUBSTITUTED_RETURN_CLAIM,2599.39,False,0,4,3769.08,707,15,5,8,2,8.083335119722223,REQUEST_EVIDENCE
NON_DELIVERY_CLAIM,1848.21,True,1,0,1891.95,116,11,5,5,0,2.6500005283333334,APPROVE
SUBSTITUTED_RETURN_CLAIM,1717.93,False,0,1,1501.43,1229,9,4,3,1,10.733335643333334,REQUEST_EVIDENCE
SHORTAGE_CLAIM,343.14,True,1,0,2579.39,1000,10,3,6,0,56.26667914805555,DENY
WRONG_ITEM_CLAIM,401.11,True,1,1,2871.29,867,8,6,1,0,31.766673869722222,APPROVE
SHORTAGE_CLAIM,4280.88,True,1,2,5852.54,244,12,5,6,0,0.5333334386111112,APPROVE
NON_DELIVERY_CLAIM,1613.5,False,0,2,877.9,151,7,2,5,0,12.566669338333332,REQUEST_EVIDENCE
SUBSTITUTED_RETURN_CLAIM,9186.36,True,1,0,2401.54,1378,7,1,4,2,0.4500000891666667,ESCALATE
SHORTAGE_CLAIM,2379.91,False,0,2,2200.43,485,12,6,4,1,27.4833396875,DENY
NON_DELIVERY_CLAIM,1927.69,False,0,1,1341.2,805,6,1,3,2,50.83334472138889,REQUEST_EVIDENCE
NON_DELIVERY_CLAIM,1610.52,False,0,2,2763.58,167,7,3,3,0,21.68333788944444,REQUEST_EVIDENCE
SUBSTITUTED_RETURN_CLAIM,1915.03,False,0,0,2848.14,653,7,3,3,1,17.81667044888889,REQUEST_EVIDENCE
SUBSTITUTED_RETURN_CLAIM,4332.07,True,1,0,1735.03,565,7,2,5,0,11.433335782777778,APPROVE
NON_DELIVERY_CLAIM,2668.17,True,1,0,1162.58,266,13,3,9,0,6.283334759166666,APPROVE
SUBSTITUTED_RETURN_CLAIM,1364.38,True,1,1,2440.59,1441,11,3,8,0,8.01666844,APPROVE
WRONG_ITEM_CLAIM,728.25,False,0,0,1302.75,473,6,2,4,0,9.050001980833333,REQUEST_EVIDENCE
SUBSTITUTED_RETURN_CLAIM,4446.35,True,1,0,1102.69,894,10,4,3,3,6.083334719444445,APPROVE
NON_DELIVERY_CLAIM,1567.75,True,1,0,1000.55,1430,10,4,5,1,6.133334731111112,APPROVE
SUBSTITUTED_RETURN_CLAIM,3354.0,False,0,1,236.78,412,7,3,4,0,58.55001293527778,REQUEST_EVIDENCE
NON_DELIVERY_CLAIM,5528.06,True,1,0,1232.3,610,7,2,3,2,21.316671154722222,ESCALATE
WRONG_ITEM_CLAIM,511.98,False,0,0,1868.09,894,12,5,7,0,24.050005033888887,REQUEST_EVIDENCE
SHORTAGE_CLAIM,1370.38,False,0,2,230.84,164,10,4,6,0,8.033335112777777,REQUEST_EVIDENCE
SUBSTITUTED_RETURN_CLAIM,608.04,True,1,0,1554.89,1408,12,3,4,2,14.016669626388888,APPROVE
NON_DELIVERY_CLAIM,1956.24,False,0,0,2202.9,1172,3,2,0,1,58.15001285722222,REQUEST_EVIDENCE
WRONG_ITEM_CLAIM,2690.55,False,0,0,465.82,999,4,0,4,0,4.200000839722222,REQUEST_EVIDENCE
SHORTAGE_CLAIM,3242.94,True,1,1,275.72,349,9,4,4,0,41.866675871666665,DENY
WRONG_ITEM_CLAIM,2022.24,True,1,0,1388.73,1387,12,4,6,2,18.91667067527778,APPROVE
WRONG_ITEM_CLAIM,1074.31,True,1,1,321.97,468,7,3,4,0,41.866675871666665,APPROVE
SUBSTITUTED_RETURN_CLAIM,1515.11,True,1,0,111.01,86,9,2,6,0,12.966669421666667,APPROVE
NON_DELIVERY_CLAIM,4339.75,False,0,0,1782.13,980,13,8,4,0,1.2666669219444444,REQUEST_EVIDENCE
WRONG_ITEM_CLAIM,5567.71,False,0,0,2010.43,456,9,4,3,2,14.7000031325,REQUEST_EVIDENCE
NON_DELIVERY_CLAIM,5873.6,True,1,0,435.46,259,12,4,8,0,20.333337626666665,ESCALATE
SUBSTITUTED_RETURN_CLAIM,1080.59,False,0,3,1723.01,324,13,2,6,0,10.816669003055557,REQUEST_EVIDENCE
NON_DELIVERY_CLAIM,4013.59,False,0,1,1349.84,403,4,2,2,0,10.500002274722222,REQUEST_EVIDENCE
NON_DELIVERY_CLAIM,1238.81,False,0,0,1672.02,1474,4,1,3,0,12.550002673611111,REQUEST_EVIDENCE
WRONG_ITEM_CLAIM,1604.47,False,0,1,760.01,1268,7,5,1,0,11.133335730555554,REQUEST_EVIDENCE
WRONG_ITEM_CLAIM,2047.15,False,0,4,4198.3,1201,5,2,2,0,24.966671889166665,REQUEST_EVIDENCE
SHORTAGE_CLAIM,5015.45,True,1,0,204.86,1041,9,3,6,0,9.166668676666665,ESCALATE
SHORTAGE_CLAIM,1805.94,False,0,0,1370.24,124,9,3,4,1,16.46667014722222,DENY
NON_DELIVERY_CLAIM,4939.79,True,1,1,88.07,560,12,5,2,2,1.9666670658333334,APPROVE
SHORTAGE_CLAIM,1682.01,False,0,2,432.23,1000,13,4,7,0,5.666667819444444,REQUEST_EVIDENCE
SHORTAGE_CLAIM,2381.09,False,0,0,1508.51,42,8,3,4,0,13.866669603055556,DENY
SUBSTITUTED_RETURN_CLAIM,806.18,False,0,0,319.65,198,10,7,3,0,6.933334896944444,REQUEST_EVIDENCE
SHORTAGE_CLAIM,2401.18,False,0,1,1690.25,1351,10,3,6,0,4.966667672777778,REQUEST_EVIDENCE
SUBSTITUTED_RETURN_CLAIM,460.52,True,1,0,1302.75,473,7,2,5,0,0.4833334361111111,APPROVE
NON_DELIVERY_CLAIM,1547.32,True,1,0,1615.24,142,11,5,4,1,20.3500042975,APPROVE
NON_DELIVERY_CLAIM,1399.79,False,0,1,2734.82,1264,7,4,3,0,24.066671707222223,REQUEST_EVIDENCE
WRONG_ITEM_CLAIM,4629.91,True,1,0,109.66,1102,11,4,5,0,2.3666671452777774,APPROVE
SUBSTITUTED_RETURN_CLAIM,4240.03,False,0,1,5324.85,503,11,5,4,1,13.233336143055555,REQUEST_EVIDENCE
WRONG_ITEM_CLAIM,1291.22,False,0,0,1706.76,1067,5,2,3,0,3.5333340444444445,REQUEST_EVIDENCE
NON_DELIVERY_CLAIM,1306.02,True,1,0,15.09,1417,13,8,5,0,4.883334317777778,APPROVE
WRONG_ITEM_CLAIM,4133.58,False,0,1,7706.23,1466,9,3,6,0,3.6500007350000003,REQUEST_EVIDENCE
NON_DELIVERY_CLAIM,6098.03,True,1,0,306.82,1305,6,2,4,0,3.6000007241666667,ESCALATE
SHORTAGE_CLAIM,1950.54,False,0,0,2668.27,652,13,2,8,1,18.050003805555555,REQUEST_EVIDENCE
SHORTAGE_CLAIM,2429.88,False,0,0,146.85,112,13,6,6,0,13.783336253611111,DENY
WRONG_ITEM_CLAIM,4841.72,False,0,1,196.13,964,5,0,2,3,18.31667055277778,REQUEST_EVIDENCE
WRONG_ITEM_CLAIM,2576.69,True,1,0,72.62,260,6,4,1,0,6.966668233888889,APPROVE
WRONG_ITEM_CLAIM,5312.48,True,1,0,1691.87,674,6,2,4,0,48.70001097722222,ESCALATE
SHORTAGE_CLAIM,2331.15,False,0,2,6452.83,511,9,4,4,1,2.300000463611111,REQUEST_EVIDENCE
SHORTAGE_CLAIM,2085.14,True,1,2,2234.81,1456,12,5,6,0,56.833345935277784,APPROVE
NON_DELIVERY_CLAIM,3585.24,False,0,2,4499.43,1444,9,4,3,1,6.300001319166666,REQUEST_EVIDENCE
NON_DELIVERY_CLAIM,2089.71,False,0,0,764.99,978,7,3,3,0,17.01667025861111,REQUEST_EVIDENCE
WRONG_ITEM_CLAIM,871.82,False,0,2,5815.51,1211,7,1,4,2,5.733334496388888,REQUEST_EVIDENCE
NON_DELIVERY_CLAIM,962.55,True,1,0,2662.74,46,9,4,4,1,22.183337998055556,APPROVE
NON_DELIVERY_CLAIM,2508.67,True,1,0,2448.84,940,11,4,6,0,25.350005298888888,APPROVE
SHORTAGE_CLAIM,5079.38,True,1,0,1284.32,507,6,1,5,0,60.26667994499999,ESCALATE
NON_DELIVERY_CLAIM,3533.22,False,0,2,1389.01,1130,13,2,9,0,19.65000415861111,REQUEST_EVIDENCE
SHORTAGE_CLAIM,4655.78,False,0,0,608.14,834,9,3,5,0,41.95000922638889,REQUEST_EVIDENCE
SHORTAGE_CLAIM,751.78,True,1,0,13.71,1280,4,3,0,0,44.63334309555555,DENY
SHORTAGE_CLAIM,1970.17,True,1,1,1942.11,581,12,4,7,1,2.016667075,DENY
SUBSTITUTED_RETURN_CLAIM,199.18,False,0,1,362.41,1313,7,2,5,0,7.733335056388889,REQUEST_EVIDENCE
WRONG_ITEM_CLAIM,4431.98,True,1,0,260.39,1248,4,2,1,1,29.21667337222222,APPROVE
SUBSTITUTED_RETURN_CLAIM,6711.37,False,0,1,3068.03,1421,11,3,4,2,9.800002138055556,REQUEST_EVIDENCE
NON_DELIVERY_CLAIM,2376.01,False,0,0,995.16,643,5,1,4,0,16.183336759722224,REQUEST_EVIDENCE
SHORTAGE_CLAIM,3768.47,True,1,3,1830.43,803,11,4,5,2,11.116669064444444,DENY
NON_DELIVERY_CLAIM,981.65,True,1,0,2959.92,1196,13,8,5,0,21.116671115,APPROVE
NON_DELIVERY_CLAIM,583.99,True,1,0,2721.73,1144,6,4,2,0,12.200002607777778,APPROVE
WRONG_ITEM_CLAIM,952.25,True,1,1,529.82,1167,10,6,4,0,13.666669561944444,APPROVE
SHORTAGE_CLAIM,4759.15,False,0,1,1341.2,805,7,1,4,2,1.1500002352777778,REQUEST_EVIDENCE
WRONG_ITEM_CLAIM,1071.69,True,1,1,3876.01,1295,10,6,3,0,4.600000924166666,APPROVE
NON_DELIVERY_CLAIM,4778.91,True,1,1,520.95,129,8,4,2,0,7.3833349833333335,APPROVE
NON_DELIVERY_CLAIM,2175.9,True,1,0,1312.07,1356,13,4,9,0,3.7166674141666665,APPROVE
NON_DELIVERY_CLAIM,4018.1,False,0,0,847.37,829,13,2,4,0,2.3666671430555555,REQUEST_EVIDENCE
WRONG_ITEM_CLAIM,705.96,True,1,0,1302.75,473,8,3,5,0,0.6500001280555556,APPROVE
NON_DELIVERY_CLAIM,4892.25,False,0,0,2563.46,1185,9,4,3,1,73.68334936333333,REQUEST_EVIDENCE
WRONG_ITEM_CLAIM,1672.88,False,0,3,7678.48,1242,6,2,3,1,15.466669951666667,REQUEST_EVIDENCE
SUBSTITUTED_RETURN_CLAIM,2911.03,True,1,1,1477.27,1327,7,5,2,0,30.416673610833335,APPROVE
SUBSTITUTED_RETURN_CLAIM,2472.68,True,1,2,2717.01,68,11,7,3,0,12.716669376111112,APPROVE
WRONG_ITEM_CLAIM,1068.5,True,1,0,1211.98,1085,9,2,4,1,30.916673709999998,APPROVE
SUBSTITUTED_RETURN_CLAIM,184.21,False,0,4,2326.22,652,13,5,7,1,2.4333338244444445,REQUEST_EVIDENCE
SHORTAGE_CLAIM,2542.24,False,0,0,1734.4,598,10,4,5,1,5.766667831666667,REQUEST_EVIDENCE
WRONG_ITEM_CLAIM,3253.62,True,1,1,2574.66,861,15,5,7,2,32.06667393805556,APPROVE
SHORTAGE_CLAIM,5524.04,False,0,0,364.09,624,13,4,4,1,11.100002396111112,DENY
WRONG_ITEM_CLAIM,2181.09,True,1,4,2497.91,624,13,3,5,3,4.633334262777778,APPROVE
WRONG_ITEM_CLAIM,1399.79,False,0,1,2734.82,1264,8,4,4,0,0.8000001583333334,REQUEST_EVIDENCE
SUBSTITUTED_RETURN_CLAIM,4658.63,True,1,0,2693.8,1135,7,2,5,0,20.500004325833334,APPROVE
SUBSTITUTED_RETURN_CLAIM,1746.77,False,0,1,1501.43,1229,10,4,4,1,1.5666669852777777,REQUEST_EVIDENCE
SHORTAGE_CLAIM,687.5,True,1,0,2648.34,413,6,5,0,1,40.966675700555555,APPROVE
SHORTAGE_CLAIM,3052.29,False,0,0,2772.64,654,7,3,2,0,12.583336017499999,REQUEST_EVIDENCE
SUBSTITUTED_RETURN_CLAIM,3008.52,False,0,0,2111.28,1287,5,2,2,0,2.2000004427777777,REQUEST_EVIDENCE
SUBSTITUTED_RETURN_CLAIM,3986.92,True,1,0,1764.93,838,10,2,8,0,1.7666670233333333,APPROVE
SHORTAGE_CLAIM,975.44,True,1,0,1201.68,312,10,6,4,0,23.25000487361111,APPROVE
WRONG_ITEM_CLAIM,196.65,True,1,0,2255.89,238,9,2,2,1,15.433336577222223,APPROVE
SUBSTITUTED_RETURN_CLAIM,636.69,False,0,0,286.66,510,8,2,5,0,17.983337115277777,REQUEST_EVIDENCE
NON_DELIVERY_CLAIM,930.44,True,1,0,1899.72,471,11,5,6,0,8.966668633888888,APPROVE
WRONG_ITEM_CLAIM,2956.89,False,0,3,2756.82,1053,12,7,4,0,4.083334153333333,REQUEST_EVIDENCE
NON_DELIVERY_CLAIM,5516.84,False,0,0,1074.26,830,12,5,4,0,30.050006870277777,REQUEST_EVIDENCE
SHORTAGE_CLAIM,1984.07,False,0,0,1630.29,1217,14,7,5,1,4.833334300833333,REQUEST_EVIDENCE
SUBSTITUTED_RETURN_CLAIM,1793.01,True,1,0,1381.11,648,9,5,3,0,10.550002283888888,APPROVE
WRONG_ITEM_CLAIM,8170.43,False,0,0,1570.07,1016,14,4,5,2,11.450002463055554,REQUEST_EVIDENCE
SUBSTITUTED_RETURN_CLAIM,1888.78,False,0,0,1106.94,827,10,5,2,1,9.250002025,REQUEST_EVIDENCE
SHORTAGE_CLAIM,795.9,False,0,4,7019.74,1279,11,2,9,0,1.9000003847222222,REQUEST_EVIDENCE
SHORTAGE_CLAIM,3262.48,True,1,0,2356.6,1100,8,5,3,0,29.683340132222224,APPROVE
WRONG_ITEM_CLAIM,2862.12,False,0,4,4852.42,1328,9,3,6,0,29.116673351666666,REQUEST_EVIDENCE
SUBSTITUTED_RETURN_CLAIM,739.77,True,1,0,1389.19,484,5,3,1,0,57.01667930888889,APPROVE
SUBSTITUTED_RETURN_CLAIM,2332.9,True,1,0,2224.18,118,8,4,3,0,53.000011828055555,APPROVE
SHORTAGE_CLAIM,5315.32,False,0,0,1269.12,269,6,2,4,0,23.433338244166666,REQUEST_EVIDENCE
NON_DELIVERY_CLAIM,918.56,True,1,1,2292.48,481,15,6,9,0,7.933335093055555,APPROVE
WRONG_ITEM_CLAIM,1533.14,True,1,1,1935.21,993,6,5,1,0,8.66666857361111,APPROVE
WRONG_ITEM_CLAIM,189.21,True,1,0,2590.11,164,14,3,6,2,3.9666674630555554,APPROVE
SHORTAGE_CLAIM,4668.0,False,0,0,1235.28,951,8,3,5,0,31.71667387,REQUEST_EVIDENCE
SUBSTITUTED_RETURN_CLAIM,2073.27,False,0,0,2379.17,258,11,3,4,0,10.550002284722222,REQUEST_EVIDENCE
NON_DELIVERY_CLAIM,1842.65,True,1,0,1388.73,1387,13,5,6,2,1.6000003211111111,APPROVE
NON_DELIVERY_CLAIM,2208.73,True,1,0,13.71,1280,5,3,0,0,0.9166668480555555,APPROVE
WRONG_ITEM_CLAIM,1382.55,True,1,1,2458.81,373,10,3,4,3,15.7666699775,APPROVE
WRONG_ITEM_CLAIM,847.76,True,1,0,2662.74,46,10,5,4,1,1.0333335372222223,APPROVE
WRONG_ITEM_CLAIM,3807.31,False,0,1,1330.69,93,8,3,3,1,20.533337666666668,REQUEST_EVIDENCE
NON_DELIVERY_CLAIM,3301.07,False,0,2,7632.14,989,9,2,6,0,31.333340459444443,REQUEST_EVIDENCE
NON_DELIVERY_CLAIM,1368.81,True,1,1,2521.92,1435,19,6,11,0,8.71666858388889,APPROVE
NON_DELIVERY_CLAIM,3359.64,False,0,0,255.46,1478,10,5,2,1,19.033337330555554,REQUEST_EVIDENCE
SUBSTITUTED_RETURN_CLAIM,2215.18,True,1,0,1491.82,858,10,4,4,1,31.91667391027778,APPROVE
SUBSTITUTED_RETURN_CLAIM,1538.73,False,0,1,2779.56,743,5,2,2,1,6.100001221388889,REQUEST_EVIDENCE
NON_DELIVERY_CLAIM,1856.21,True,1,4,4988.53,1226,6,1,5,0,3.950000791388889,APPROVE
WRONG_ITEM_CLAIM,1840.57,True,1,0,1593.19,218,9,3,5,0,10.016668842777777,APPROVE
WRONG_ITEM_CLAIM,1510.66,False,0,1,2512.43,879,4,1,3,0,17.216670297777778,REQUEST_EVIDENCE
NON_DELIVERY_CLAIM,3440.88,False,0,0,2228.78,828,13,5,8,0,33.76667427277778,REQUEST_EVIDENCE
SUBSTITUTED_RETURN_CLAIM,3423.16,False,0,4,3057.04,1284,7,4,3,0,9.816668801944443,REQUEST_EVIDENCE
WRONG_ITEM_CLAIM,2250.19,False,0,0,2211.35,1152,19,7,10,1,11.616669162222223,REQUEST_EVIDENCE
NON_DELIVERY_CLAIM,5722.19,True,1,0,2021.02,706,11,6,4,0,4.816667631666667,ESCALATE
SHORTAGE_CLAIM,6989.19,False,0,1,2491.35,423,18,9,5,1,19.900004200277777,DENY
SUBSTITUTED_RETURN_CLAIM,4203.35,True,1,0,1281.6,323,1,0,1,0,143.3166988597222,APPROVE
NON_DELIVERY_CLAIM,608.06,True,1,0,1491.82,858,11,5,4,1,0.18333336944444445,APPROVE
SHORTAGE_CLAIM,6269.29,False,0,2,1391.28,215,8,4,3,1,4.133334160833334,REQUEST_EVIDENCE
SUBSTITUTED_RETURN_CLAIM,688.46,True,1,2,943.51,207,12,5,5,0,10.666668976111112,APPROVE
WRONG_ITEM_CLAIM,854.76,False,0,0,2198.62,111,8,1,4,1,14.283336352222221,REQUEST_EVIDENCE
SHORTAGE_CLAIM,2398.12,False,0,1,2937.77,1046,8,5,3,0,40.23334222444445,REQUEST_EVIDENCE
NON_DELIVERY_CLAIM,2009.98,True,1,4,2328.43,803,7,2,4,0,10.500002273888889,APPROVE
SHORTAGE_CLAIM,3602.8,False,0,0,1793.8,650,6,0,5,1,60.2666799475,REQUEST_EVIDENCE
WRONG_ITEM_CLAIM,867.94,False,0,0,113.18,210,12,4,5,0,42.40000931722222,REQUEST_EVIDENCE
NON_DELIVERY_CLAIM,6494.02,True,1,0,2607.02,36,8,3,4,1,34.43334107388889,ESCALATE
NON_DELIVERY_CLAIM,1035.14,False,0,0,2517.67,1122,8,6,2,0,29.816673492222222,REQUEST_EVIDENCE
NON_DELIVERY_CLAIM,2816.24,False,0,0,2873.17,114,4,2,2,0,6.1166678913888894,REQUEST_EVIDENCE
NON_DELIVERY_CLAIM,4576.95,True,1,0,2010.43,456,10,4,4,2,2.033333737222222,APPROVE
NON_DELIVERY_CLAIM,2383.32,False,0,1,417.54,975,10,3,3,4,4.900000982777778,REQUEST_EVIDENCE
SHORTAGE_CLAIM,548.39,True,1,0,2991.05,1017,12,4,7,0,25.66667202333333,APPROVE
SHORTAGE_CLAIM,4771.78,True,1,1,1598.16,1087,15,9,6,0,8.216668482222222,APPROVE
WRONG_ITEM_CLAIM,7000.55,False,0,1,6121.48,623,10,4,6,0,10.750002323055556,REQUEST_EVIDENCE
NON_DELIVERY_CLAIM,949.3,False,0,4,3769.08,707,16,5,9,2,2.616667192777778,REQUEST_EVIDENCE
NON_DELIVERY_CLAIM,1668.76,False,0,1,2376.38,298,9,4,4,1,33.36667419444445,REQUEST_EVIDENCE
NON_DELIVERY_CLAIM,2507.83,True,1,0,1269.12,269,7,2,5,0,0.7166668083333333,APPROVE
SUBSTITUTED_RETURN_CLAIM,4469.76,True,1,0,2127.09,1475,4,3,0,1,26.250005473055555,APPROVE
NON_DELIVERY_CLAIM,3045.78,False,0,0,2378.22,926,5,2,3,0,9.066668653888888,REQUEST_EVIDENCE
NON_DELIVERY_CLAIM,3637.91,True,1,0,277.44,112,7,3,3,1,12.783336059444444,APPROVE
NON_DELIVERY_CLAIM,3249.49,True,1,3,5920.91,866,9,5,3,0,21.916671273055556,APPROVE
WRONG_ITEM_CLAIM,1684.98,False,0,0,1725.14,1305,5,2,3,0,27.500005728055555,REQUEST_EVIDENCE
NON_DELIVERY_CLAIM,6568.47,False,0,3,1830.43,803,12,4,5,2,1.5166669663888888,REQUEST_EVIDENCE
NON_DELIVERY_CLAIM,310.66,False,0,1,2491.35,423,19,9,5,1,0.4500000886111111,REQUEST_EVIDENCE
SHORTAGE_CLAIM,3047.78,False,0,1,402.6,1193,10,5,5,0,11.933335891111112,DENY
SHORTAGE_CLAIM,1592.13,True,1,0,2915.57,785,8,3,4,0,20.983337754444445,DENY
NON_DELIVERY_CLAIM,2580.51,False,0,0,132.89,1129,8,3,5,0,5.6500011302777775,REQUEST_EVIDENCE
WRONG_ITEM_CLAIM,2349.63,True,1,2,1968.52,1479,5,2,2,0,60.90001340333333,APPROVE
NON_DELIVERY_CLAIM,3837.44,True,1,0,2590.11,164,15,4,6,2,0.8666668377777778,APPROVE
SUBSTITUTED_RETURN_CLAIM,5058.63,True,1,1,1077.78,1293,6,3,3,0,55.550012332777776,ESCALATE
SUBSTITUTED_RETURN_CLAIM,4245.62,False,0,0,2990.55,1063,12,4,5,1,17.183336958055555,REQUEST_EVIDENCE
WRONG_ITEM_CLAIM,3334.33,True,1,0,2289.33,690,12,8,2,1,19.716670798333332,APPROVE
WRONG_ITEM_CLAIM,4166.32,False,0,4,3614.4,1228,7,3,2,0,7.5166681791666665,REQUEST_EVIDENCE
SUBSTITUTED_RETURN_CLAIM,5335.88,True,1,4,4988.53,1226,7,2,5,0,0.7333334783333333,ESCALATE
NON_DELIVERY_CLAIM,608.19,True,1,0,2122.87,952,8,4,3,1,8.1333349925,APPROVE
SUBSTITUTED_RETURN_CLAIM,1922.47,False,0,2,1400.45,357,8,5,3,0,16.200003396666666,REQUEST_EVIDENCE
SHORTAGE_CLAIM,3365.83,True,1,0,1822.4,1235,4,1,3,0,16.700003494722225,APPROVE
SUBSTITUTED_RETURN_CLAIM,2840.89,False,0,0,1822.4,1235,5,2,3,0,0.016666669999999998,REQUEST_EVIDENCE
SUBSTITUTED_RETURN_CLAIM,2827.26,True,1,1,983.04,909,16,6,4,6,13.583336215555555,APPROVE
SHORTAGE_CLAIM,2871.49,True,1,0,1015.1,929,10,2,6,1,14.233336343055555,APPROVE
NON_DELIVERY_CLAIM,1325.33,False,0,0,15.09,1417,14,9,5,0,2.216667104722222,REQUEST_EVIDENCE
NON_DELIVERY_CLAIM,3576.44,False,0,0,565.44,1145,11,3,6,1,24.050005031944444,REQUEST_EVIDENCE
NON_DELIVERY_CLAIM,2175.44,False,0,0,1735.03,565,8,3,5,0,2.8833339097222224,REQUEST_EVIDENCE
WRONG_ITEM_CLAIM,2235.92,True,1,0,508.75,818,8,2,2,1,18.91667063194444,APPROVE
SHORTAGE_CLAIM,4852.2,True,1,0,1312.07,1356,14,5,9,0,1.7666670155555555,APPROVE
WRONG_ITEM_CLAIM,2380.2,True,1,0,1269.12,269,8,3,5,0,0.48333342749999997,APPROVE
NON_DELIVERY_CLAIM,3501.73,False,0,1,1213.69,332,9,4,5,0,7.650001536944444,REQUEST_EVIDENCE
SHORTAGE_CLAIM,1819.84,False,0,0,2862.47,1034,12,5,6,0,23.66667162027778,REQUEST_EVIDENCE
WRONG_ITEM_CLAIM,2235.98,False,0,1,1330.69,93,9,3,4,1,1.083333546111111,REQUEST_EVIDENCE
NON_DELIVERY_CLAIM,617.26,False,0,1,2977.46,1202,9,6,1,1,4.6833342675,REQUEST_EVIDENCE
SUBSTITUTED_RETURN_CLAIM,2904.56,False,0,0,2999.86,1012,14,5,6,1,50.100011225555555,REQUEST_EVIDENCE
WRONG_ITEM_CLAIM,6755.96,True,1,0,2770.91,106,9,4,4,1,9.95000216138889,ESCALATE
WRONG_ITEM_CLAIM,733.57,True,1,1,6091.98,1272,4,2,2,0,41.75000919166667,APPROVE
SUBSTITUTED_RETURN_CLAIM,6270.8,True,1,2,7501.36,1447,9,5,3,0,51.65001155833333,ESCALATE
SUBSTITUTED_RETURN_CLAIM,1959.51,False,0,1,2691.86,517,11,5,6,0,8.800001930555556,REQUEST_EVIDENCE
WRONG_ITEM_CLAIM,1972.41,False,0,0,1272.93,619,10,0,9,0,19.916670834722222,REQUEST_EVIDENCE
NON_DELIVERY_CLAIM,4004.95,False,0,0,2033.09,613,8,1,4,2,36.11667474222222,REQUEST_EVIDENCE
WRONG_ITEM_CLAIM,948.56,False,0,0,2987.88,692,7,3,3,0,14.800003122222222,REQUEST_EVIDENCE
SHORTAGE_CLAIM,2636.83,False,0,1,729.95,695,14,5,8,1,8.150001641388888,DENY
SHORTAGE_CLAIM,910.02,False,0,0,1011.09,44,11,5,6,0,8.783335251666667,DENY
SUBSTITUTED_RETURN_CLAIM,3483.26,False,0,0,847.37,829,14,2,5,0,2.0166670661111112,REQUEST_EVIDENCE
SHORTAGE_CLAIM,6780.42,True,1,2,2709.38,89,14,6,6,1,4.3833342094444445,DENY
SHORTAGE_CLAIM,1782.87,False,0,4,3470.4,1125,14,8,4,1,4.850000969166667,REQUEST_EVIDENCE
WRONG_ITEM_CLAIM,2194.16,False,0,0,1391.26,695,6,4,2,0,41.65000917194444,REQUEST_EVIDENCE
NON_DELIVERY_CLAIM,4001.31,True,1,1,402.6,1193,11,5,5,0,0.6666667991666667,APPROVE
SUBSTITUTED_RETURN_CLAIM,1692.02,True,1,1,1646.41,1474,5,2,1,1,32.23334063694445,APPROVE
NON_DELIVERY_CLAIM,2646.16,True,1,0,2448.84,940,12,5,6,0,2.4166671441666665,APPROVE
SUBSTITUTED_RETURN_CLAIM,4601.86,False,0,0,2579.12,1380,6,0,3,1,29.966673520833332,REQUEST_EVIDENCE
SHORTAGE_CLAIM,1982.78,True,1,0,2449.48,683,8,2,4,1,12.650002700555556,APPROVE
WRONG_ITEM_CLAIM,6872.29,False,0,0,412.7,771,10,5,4,1,12.650002700555556,REQUEST_EVIDENCE
NON_DELIVERY_CLAIM,2145.8,True,1,1,5324.85,503,12,5,5,1,2.750000543888889,APPROVE
WRONG_ITEM_CLAIM,3231.82,True,1,0,1966.77,708,13,8,5,0,15.8333366575,APPROVE
SUBSTITUTED_RETURN_CLAIM,689.54,False,0,0,1689.87,642,5,2,3,0,45.56667660722222,REQUEST_EVIDENCE
NON_DELIVERY_CLAIM,6249.04,True,1,1,760.9,450,7,1,5,0,4.100000819166667,ESCALATE
SHORTAGE_CLAIM,1010.23,False,0,1,1947.29,876,8,6,2,0,4.750000949166667,REQUEST_EVIDENCE
SHORTAGE_CLAIM,2503.85,False,0,2,3147.56,233,9,3,5,1,36.30000811055556,REQUEST_EVIDENCE
NON_DELIVERY_CLAIM,1762.1,True,1,0,27.57,684,9,3,6,0,9.300002028888889,APPROVE
SHORTAGE_CLAIM,437.49,True,1,1,147.09,1367,15,5,9,1,23.400004900000003,APPROVE
WRONG_ITEM_CLAIM,1749.98,True,1,1,1330.69,93,10,3,5,1,0.5000001,APPROVE
SUBSTITUTED_RETURN_CLAIM,1301.0,False,0,0,780.02,1457,13,5,4,1,15.116669851666668,REQUEST_EVIDENCE
SHORTAGE_CLAIM,1012.91,False,0,1,236.78,412,8,3,5,0,3.416667348888889,REQUEST_EVIDENCE
NON_DELIVERY_CLAIM,4294.62,False,0,0,443.23,1288,8,3,3,1,7.200001439444445,REQUEST_EVIDENCE
SUBSTITUTED_RETURN_CLAIM,5201.48,True,1,0,416.9,1087,7,4,3,0,75.43334970972222,ESCALATE
WRONG_ITEM_CLAIM,6081.4,True,1,1,143.41,1142,7,1,6,0,43.1000094575,ESCALATE
SUBSTITUTED_RETURN_CLAIM,550.68,False,0,0,2837.06,1295,11,7,3,0,24.266671742222222,REQUEST_EVIDENCE
NON_DELIVERY_CLAIM,6611.61,True,1,2,2536.68,1019,4,4,0,0,8.466668371111112,ESCALATE
NON_DELIVERY_CLAIM,161.86,True,1,0,2579.39,1000,11,3,6,0,3.7666674219444443,APPROVE
SHORTAGE_CLAIM,399.73,False,0,1,182.1,175,13,5,6,0,18.30000384722222,DENY
WRONG_ITEM_CLAIM,3551.09,True,1,0,2971.01,1261,9,3,5,1,13.816669599444445,APPROVE
NON_DELIVERY_CLAIM,4171.94,True,1,1,196.13,964,6,0,3,3,2.950000585,APPROVE
SHORTAGE_CLAIM,2260.25,True,1,0,143.18,1008,7,4,3,0,7.550001508055556,APPROVE
SUBSTITUTED_RETURN_CLAIM,1239.52,True,1,2,432.23,1000,14,4,8,0,3.2333339730555553,APPROVE
SUBSTITUTED_RETURN_CLAIM,4099.03,False,0,3,2118.02,53,4,3,1,0,30.183340230833334,REQUEST_EVIDENCE
SHORTAGE_CLAIM,3393.74,False,0,0,501.14,257,15,8,4,1,11.283335761111111,REQUEST_EVIDENCE
NON_DELIVERY_CLAIM,253.39,False,0,0,1080.37,909,3,3,0,0,14.566669746666667,REQUEST_EVIDENCE
SHORTAGE_CLAIM,671.49,False,0,0,1302.75,473,9,4,5,0,2.583333852777778,REQUEST_EVIDENCE
SUBSTITUTED_RETURN_CLAIM,6823.27,False,0,0,2445.65,674,6,2,3,0,98.40002189666667,REQUEST_EVIDENCE
SUBSTITUTED_RETURN_CLAIM,328.49,True,1,1,2298.85,1107,10,3,4,1,6.966668110277777,APPROVE
SUBSTITUTED_RETURN_CLAIM,2296.18,False,0,0,708.46,727,10,5,4,1,5.050001061388889,REQUEST_EVIDENCE
SHORTAGE_CLAIM,2479.8,False,0,0,1222.48,265,8,2,5,0,7.9166683025,DENY
SHORTAGE_CLAIM,635.69,True,1,1,1842.87,1477,10,2,6,1,7.033334839999999,APPROVE
WRONG_ITEM_CLAIM,2657.78,True,1,0,380.46,376,11,1,6,2,17.216670368333332,APPROVE
SHORTAGE_CLAIM,1515.9,False,0,0,1474.93,811,6,2,4,0,4.800001061944444,REQUEST_EVIDENCE
SUBSTITUTED_RETURN_CLAIM,5339.97,False,0,1,2993.99,542,8,4,4,0,30.11667365138889,REQUEST_EVIDENCE
SUBSTITUTED_RETURN_CLAIM,1991.6,True,1,0,1715.29,96,4,3,1,0,36.133341514166666,APPROVE
SHORTAGE_CLAIM,4124.27,True,1,0,2449.36,1081,5,3,2,0,4.400000982222222,APPROVE
SHORTAGE_CLAIM,1534.41,False,0,1,359.93,425,8,5,3,0,18.416670638333333,REQUEST_EVIDENCE
SHORTAGE_CLAIM,133.44,True,1,0,2579.12,1380,7,0,4,1,0.6666669013888888,DENY
SUBSTITUTED_RETURN_CLAIM,947.55,False,0,1,2089.06,889,6,1,2,0,12.283336061944444,REQUEST_EVIDENCE
WRONG_ITEM_CLAIM,3518.02,True,1,1,5381.96,1442,5,1,3,0,50.50001140388889,APPROVE
WRONG_ITEM_CLAIM,2013.6,True,1,0,2597.86,724,12,6,4,1,9.200001954166668,APPROVE
NON_DELIVERY_CLAIM,5051.75,True,1,0,2914.88,611,12,9,3,0,49.95001096777778,ESCALATE
SHORTAGE_CLAIM,2504.89,True,1,0,2537.9,338,13,6,5,1,12.70000281388889,DENY
SUBSTITUTED_RETURN_CLAIM,1600.84,True,1,0,1078.46,677,15,6,6,0,5.316667831111111,APPROVE
SUBSTITUTED_RETURN_CLAIM,6846.73,True,1,0,2140.11,635,12,2,8,2,24.716671931666667,ESCALATE
SHORTAGE_CLAIM,787.71,True,1,0,2687.1,194,14,7,6,0,6.550001411388889,DENY
SHORTAGE_CLAIM,1577.83,False,0,3,6966.39,1370,5,2,3,0,31.316673891388888,DENY
SUBSTITUTED_RETURN_CLAIM,6325.38,False,0,1,1327.74,908,11,4,5,1,10.633335732222221,REQUEST_EVIDENCE
WRONG_ITEM_CLAIM,755.04,True,1,2,985.37,589,9,3,5,1,12.983336205,APPROVE
SUBSTITUTED_RETURN_CLAIM,2639.68,False,0,0,2009.5,1133,8,2,5,0,34.05000776916667,REQUEST_EVIDENCE
WRONG_ITEM_CLAIM,2371.75,True,1,0,1102.8,303,4,1,2,1,43.466676300277776,APPROVE
SUBSTITUTED_RETURN_CLAIM,526.84,False,0,1,1936.96,89,11,4,5,0,10.266668991666668,REQUEST_EVIDENCE
NON_DELIVERY_CLAIM,1523.45,False,0,0,1868.09,894,13,5,8,0,4.08333425,REQUEST_EVIDENCE
SUBSTITUTED_RETURN_CLAIM,3329.04,False,0,2,3112.35,145,8,3,2,1,43.833343039166664,REQUEST_EVIDENCE
SHORTAGE_CLAIM,416.28,False,0,1,181.47,892,7,1,5,1,6.9333348225,DENY
SHORTAGE_CLAIM,161.76,False,0,0,2212.84,568,11,6,5,0,6.083334652222222,REQUEST_EVIDENCE
SUBSTITUTED_RETURN_CLAIM,2299.77,True,1,4,4160.88,633,9,5,4,0,15.016669939444444,APPROVE
SHORTAGE_CLAIM,1542.38,True,1,0,552.73,985,13,4,6,1,9.600002037777779,APPROVE
SHORTAGE_CLAIM,2497.73,True,1,3,2659.97,1410,10,4,6,0,11.283335865833333,APPROVE
SHORTAGE_CLAIM,526.83,True,1,1,2673.83,1413,9,6,2,0,20.600004409444445,APPROVE
WRONG_ITEM_CLAIM,1481.17,False,0,0,2670.24,118,5,1,2,1,35.5500080675,REQUEST_EVIDENCE
WRONG_ITEM_CLAIM,883.64,False,0,0,723.46,1114,4,0,4,0,61.533346972500006,REQUEST_EVIDENCE
SHORTAGE_CLAIM,2258.28,True,1,0,1556.83,296,10,4,2,1,14.833336574166667,DENY
WRONG_ITEM_CLAIM,5052.2,True,1,1,1123.93,1255,5,3,0,0,28.80000608916667,ESCALATE
WRONG_ITEM_CLAIM,5786.08,True,1,0,928.4,1415,4,1,1,2,25.683338799166666,ESCALATE
SUBSTITUTED_RETURN_CLAIM,1397.76,True,1,1,362.41,1313,8,2,6,0,3.466667461944444,APPROVE
NON_DELIVERY_CLAIM,2037.44,False,0,0,437.83,1258,10,5,3,1,6.9500014975,REQUEST_EVIDENCE
SUBSTITUTED_RETURN_CLAIM,699.34,False,0,0,1807.57,1448,7,2,2,0,81.78335117361111,REQUEST_EVIDENCE
SHORTAGE_CLAIM,4226.53,False,0,0,1201.87,1406,7,0,6,0,7.066668186666667,DENY
SUBSTITUTED_RETURN_CLAIM,497.64,True,1,0,1513.26,277,6,1,2,0,30.483340339999998,APPROVE
SHORTAGE_CLAIM,1929.96,True,1,1,2670.88,110,16,7,3,2,16.216670178055555,DENY
SHORTAGE_CLAIM,5046.79,True,1,1,501.49,1200,9,4,3,0,16.350003538055553,ESCALATE
NON_DELIVERY_CLAIM,596.97,False,0,0,1030.88,326,9,1,6,2,6.466668066111111,REQUEST_EVIDENCE
SUBSTITUTED_RETURN_CLAIM,2247.37,True,1,0,2018.41,285,7,5,2,0,8.000001705833334,APPROVE
NON_DELIVERY_CLAIM,4934.15,False,0,1,196.13,964,7,1,3,3,0.9166669569444444,REQUEST_EVIDENCE
WRONG_ITEM_CLAIM,9069.02,False,0,0,967.81,320,6,4,1,0,28.05000593861111,REQUEST_EVIDENCE
NON_DELIVERY_CLAIM,1535.5,False,0,0,343.38,596,11,2,7,2,5.250001157222222,REQUEST_EVIDENCE
SUBSTITUTED_RETURN_CLAIM,2613.74,True,1,0,22.04,744,10,5,5,0,6.783334795277778,APPROVE
WRONG_ITEM_CLAIM,1912.69,True,1,3,1116.41,1003,10,4,3,0,10.383335686666667,APPROVE
WRONG_ITEM_CLAIM,2557.6,False,0,0,209.52,845,8,3,5,0,7.0166681763888885,REQUEST_EVIDENCE
NON_DELIVERY_CLAIM,1809.89,True,1,0,929.72,1056,9,4,3,0,26.766672345833335,APPROVE
WRONG_ITEM_CLAIM,4885.02,False,0,2,2123.26,914,10,3,5,1,19.000004094444446,REQUEST_EVIDENCE
NON_DELIVERY_CLAIM,819.93,True,1,0,2817.46,452,13,7,5,1,11.100002495833333,APPROVE
SUBSTITUTED_RETURN_CLAIM,4828.29,True,1,1,1116.04,1351,14,6,7,1,12.700002817222222,APPROVE
SHORTAGE_CLAIM,4443.64,True,1,0,2417.82,62,6,3,1,0,56.38334594361111,APPROVE
SUBSTITUTED_RETURN_CLAIM,603.3,True,1,1,789.95,125,14,7,6,1,39.78334225194445,APPROVE
SHORTAGE_CLAIM,2855.75,True,1,0,367.57,737,6,4,1,0,13.033336220277777,DENY
NON_DELIVERY_CLAIM,5604.13,False,0,0,1232.3,610,8,2,3,3,4.683334378333333,REQUEST_EVIDENCE
SHORTAGE_CLAIM,2657.7,True,1,0,1662.95,146,12,6,5,0,9.200001955000001,DENY
NON_DELIVERY_CLAIM,1523.31,False,0,0,2228.78,828,14,5,9,0,2.783333998333333,REQUEST_EVIDENCE
NON_DELIVERY_CLAIM,1573.7,True,1,1,1327.74,908,12,4,6,1,0.7166668183333333,APPROVE
WRONG_ITEM_CLAIM,3000.4,True,1,1,2993.99,542,9,4,5,0,0.9666668688888889,APPROVE
WRONG_ITEM_CLAIM,3940.04,False,0,0,2914.88,611,13,9,3,1,0.8500001788888889,REQUEST_EVIDENCE
SHORTAGE_CLAIM,4659.16,True,1,1,2996.46,1183,11,7,2,0,27.583339179722223,APPROVE
WRONG_ITEM_CLAIM,781.98,False,0,1,3619.51,516,7,4,2,0,24.633338591666668,REQUEST_EVIDENCE
SUBSTITUTED_RETURN_CLAIM,620.26,False,0,2,1028.01,1424,10,1,5,1,12.583336130000001,REQUEST_EVIDENCE
SUBSTITUTED_RETURN_CLAIM,4836.46,True,1,0,1615.24,142,12,6,4,1,4.400000983888889,APPROVE
WRONG_ITEM_CLAIM,2326.88,True,1,0,2307.02,190,14,8,6,0,11.366669218611111,APPROVE
WRONG_ITEM_CLAIM,3055.85,True,1,0,2118.68,443,13,6,3,4,16.916670319166666,APPROVE
SUBSTITUTED_RETURN_CLAIM,7371.77,True,1,2,2234.81,1456,13,6,6,0,4.216667614722223,ESCALATE
SUBSTITUTED_RETURN_CLAIM,1925.48,False,0,2,7522.46,1124,8,3,4,0,33.85000773666667,REQUEST_EVIDENCE
NON_DELIVERY_CLAIM,1464.8,True,1,0,967.81,320,7,4,2,0,0.43333342194444446,APPROVE
SUBSTITUTED_RETURN_CLAIM,3328.91,True,1,3,3920.1,35,11,5,2,0,14.983336610277778,APPROVE
NON_DELIVERY_CLAIM,1977.16,True,1,3,2756.82,1053,13,7,5,0,3.5166674761111114,APPROVE
SUBSTITUTED_RETURN_CLAIM,1866.69,False,0,1,2012.61,1319,9,2,5,0,16.2000035125,REQUEST_EVIDENCE
SUBSTITUTED_RETURN_CLAIM,1776.34,True,1,0,967.81,320,8,5,2,0,0.06666667944444445,APPROVE
NON_DELIVERY_CLAIM,2052.71,False,0,0,1168.7,754,6,2,0,2,8.883335216388888,REQUEST_EVIDENCE
WRONG_ITEM_CLAIM,1607.87,True,1,0,1691.87,674,7,2,4,1,4.383334316111111,APPROVE
WRONG_ITEM_CLAIM,2493.87,False,0,0,1552.83,550,12,4,5,1,28.7666727525,REQUEST_EVIDENCE
SUBSTITUTED_RETURN_CLAIM,6088.39,True,1,0,113.89,1192,12,4,6,2,7.150001539444444,ESCALATE
WRONG_ITEM_CLAIM,2040.63,False,0,0,1367.35,973,9,2,7,0,9.333335309722223,REQUEST_EVIDENCE
WRONG_ITEM_CLAIM,2319.9,True,1,1,2863.67,99,12,7,4,0,8.66666851,APPROVE
SUBSTITUTED_RETURN_CLAIM,1881.96,True,1,1,2967.82,857,12,6,6,0,13.450002970000002,APPROVE
SUBSTITUTED_RETURN_CLAIM,2971.92,True,1,4,4192.47,182,7,2,3,2,13.8500030525,APPROVE
WRONG_ITEM_CLAIM,1014.46,False,0,0,1889.59,1192,13,4,2,1,42.86667619361111,REQUEST_EVIDENCE
SUBSTITUTED_RETURN_CLAIM,6032.79,True,1,0,1734.4,598,11,4,6,1,3.966667565,ESCALATE
SHORTAGE_CLAIM,5176.97,True,1,1,5324.85,503,13,6,5,1,1.9333338302777778,DENY
SUBSTITUTED_RETURN_CLAIM,2271.9,True,1,1,616.48,1442,13,5,5,0,16.266670194166668,APPROVE
WRONG_ITEM_CLAIM,1536.06,False,0,0,1102.69,894,11,5,3,3,5.250001159999999,REQUEST_EVIDENCE
WRONG_ITEM_CLAIM,644.43,True,1,1,1559.85,813,8,3,4,1,18.43333728777778,APPROVE
SUBSTITUTED_RETURN_CLAIM,3036.01,False,0,1,212.1,313,10,1,7,0,42.11667604694445,REQUEST_EVIDENCE
SUBSTITUTED_RETURN_CLAIM,8260.14,False,0,0,2018.41,285,8,6,2,0,0.8000001627777779,REQUEST_EVIDENCE
NON_DELIVERY_CLAIM,460.15,True,1,1,729.14,508,8,1,5,0,7.416668258333334,APPROVE
SHORTAGE_CLAIM,1869.59,False,0,2,1743.23,372,12,6,5,1,8.766668528055556,REQUEST_EVIDENCE
NON_DELIVERY_CLAIM,3716.03,True,1,1,2067.93,1190,10,3,3,1,13.350002949722223,APPROVE
NON_DELIVERY_CLAIM,2832.46,True,1,0,1858.55,231,9,4,4,0,35.88334147333333,APPROVE
SUBSTITUTED_RETURN_CLAIM,2241.25,False,0,0,1671.0,692,9,4,2,2,17.950003856666665,REQUEST_EVIDENCE
WRONG_ITEM_CLAIM,4709.37,False,0,0,1508.51,42,9,3,4,0,4.983334432777778,REQUEST_EVIDENCE
SHORTAGE_CLAIM,681.85,False,0,0,302.69,261,4,3,0,1,11.40000255861111,REQUEST_EVIDENCE
SHORTAGE_CLAIM,4753.21,True,1,0,2900.37,1483,10,3,3,1,67.95001490222222,DENY
SHORTAGE_CLAIM,1371.97,True,1,0,2397.53,229,8,5,1,1,14.100003100833334,APPROVE
NON_DELIVERY_CLAIM,1946.65,True,1,1,2342.92,672,11,2,7,1,7.366668248055555,APPROVE
WRONG_ITEM_CLAIM,2607.11,False,0,0,1080.37,909,4,3,1,0,1.8000004666666667,REQUEST_EVIDENCE
WRONG_ITEM_CLAIM,2017.25,False,0,1,2491.35,423,20,9,6,1,3.000000707222222,REQUEST_EVIDENCE
SUBSTITUTED_RETURN_CLAIM,5680.83,True,1,1,2012.61,1319,10,2,6,0,0.5000000988888889,ESCALATE
WRONG_ITEM_CLAIM,561.37,False,0,1,212.1,313,11,1,8,0,0.2500000491666667,REQUEST_EVIDENCE
SUBSTITUTED_RETURN_CLAIM,3262.58,True,1,0,238.21,41,9,6,1,1,22.25000474138889,APPROVE
SUBSTITUTED_RETURN_CLAIM,2010.48,True,1,0,1655.73,1485,9,6,2,0,11.566669258611112,APPROVE
SUBSTITUTED_RETURN_CLAIM,4513.48,False,0,0,599.0,1005,12,7,5,0,8.9833352375,REQUEST_EVIDENCE
WRONG_ITEM_CLAIM,2414.77,True,1,1,64.06,249,9,2,5,0,47.53334377694444,APPROVE
NON_DELIVERY_CLAIM,1882.81,False,0,1,2779.82,185,8,5,2,1,31.950007358055554,REQUEST_EVIDENCE
SUBSTITUTED_RETURN_CLAIM,1830.13,False,0,0,2052.27,481,3,1,2,0,16.13333683611111,REQUEST_EVIDENCE
SUBSTITUTED_RETURN_CLAIM,767.58,False,0,0,380.46,376,12,2,6,2,1.8500003769444444,REQUEST_EVIDENCE
WRONG_ITEM_CLAIM,3088.83,True,1,0,1260.19,1044,11,4,7,0,10.216668825,APPROVE
SUBSTITUTED_RETURN_CLAIM,2042.14,True,1,1,1877.38,740,15,4,7,1,6.350001378333333,APPROVE
SUBSTITUTED_RETURN_CLAIM,3081.78,True,1,1,2887.94,339,8,2,4,0,7.833335006666666,APPROVE
SHORTAGE_CLAIM,5435.13,True,1,0,1222.48,265,9,2,5,0,1.9500004447222221,ESCALATE
WRONG_ITEM_CLAIM,3086.2,False,0,3,3578.46,441,8,5,2,1,6.283334698611111,REQUEST_EVIDENCE
WRONG_ITEM_CLAIM,4885.82,False,0,2,1133.21,1193,8,3,3,1,32.6333408275,REQUEST_EVIDENCE
SHORTAGE_CLAIM,3063.71,True,1,1,2639.85,1195,11,2,8,0,20.316671024444446,APPROVE
SUBSTITUTED_RETURN_CLAIM,1204.34,True,1,1,3876.01,1295,11,7,3,0,4.733334383055555,APPROVE
SUBSTITUTED_RETURN_CLAIM,1665.17,False,0,0,1162.58,266,14,4,9,0,5.850001277222222,REQUEST_EVIDENCE
SHORTAGE_CLAIM,2258.47,True,1,1,444.04,942,12,3,7,2,23.633338385000002,APPROVE
NON_DELIVERY_CLAIM,3111.0,False,0,0,813.93,441,9,1,7,0,13.0333362175,REQUEST_EVIDENCE
WRONG_ITEM_CLAIM,1222.95,False,0,3,1312.78,743,11,1,8,1,13.316669606944446,REQUEST_EVIDENCE
NON_DELIVERY_CLAIM,3315.91,True,1,0,993.28,1018,8,3,5,0,40.45000904916667,APPROVE
NON_DELIVERY_CLAIM,5927.79,False,0,0,247.91,593,6,3,2,0,17.150003699722223,REQUEST_EVIDENCE
WRONG_ITEM_CLAIM,4345.19,False,0,1,2629.18,188,11,7,2,0,27.700005866944444,REQUEST_EVIDENCE
NON_DELIVERY_CLAIM,1813.85,True,1,0,577.64,241,12,3,4,0,23.450004991666667,APPROVE
WRONG_ITEM_CLAIM,3760.25,True,1,0,2141.3,1469,13,6,6,1,8.800001865555556,APPROVE
SHORTAGE_CLAIM,1849.24,True,1,0,995.16,643,6,1,5,0,5.000001101111111,DENY
SUBSTITUTED_RETURN_CLAIM,1005.19,True,1,2,2307.66,1355,17,7,8,1,21.550004599444446,APPROVE
WRONG_ITEM_CLAIM,465.0,True,1,3,1312.78,743,12,1,9,1,0.1333333588888889,APPROVE
WRONG_ITEM_CLAIM,4937.12,False,0,0,2971.01,1261,10,4,5,1,2.416667255277778,REQUEST_EVIDENCE
WRONG_ITEM_CLAIM,1967.37,True,1,0,2648.34,413,7,6,0,1,4.666667701944444,APPROVE
SUBSTITUTED_RETURN_CLAIM,5803.15,False,0,0,1605.3,651,8,5,3,0,16.21667018611111,REQUEST_EVIDENCE
NON_DELIVERY_CLAIM,1800.44,True,1,0,244.22,139,11,5,5,1,28.516672696666667,APPROVE
SUBSTITUTED_RETURN_CLAIM,605.21,False,0,0,2471.53,539,7,2,2,2,24.633338590833333,REQUEST_EVIDENCE
SUBSTITUTED_RETURN_CLAIM,3101.52,False,0,0,1526.21,820,10,3,7,0,18.666670664444442,REQUEST_EVIDENCE
WRONG_ITEM_CLAIM,1657.31,True,1,1,957.95,353,7,2,2,1,13.11666956888889,APPROVE
SUBSTITUTED_RETURN_CLAIM,3284.33,True,1,1,2521.92,1435,20,7,11,0,4.250000954166667,APPROVE
NON_DELIVERY_CLAIM,2013.55,False,0,0,2497.88,1387,9,3,6,0,45.700010083611105,REQUEST_EVIDENCE
SHORTAGE_CLAIM,956.62,True,1,0,2438.34,188,9,7,2,0,25.900005508333333,APPROVE
WRONG_ITEM_CLAIM,5813.59,False,0,1,263.39,822,14,5,6,1,23.233338273888887,REQUEST_EVIDENCE
NON_DELIVERY_CLAIM,4208.37,True,1,0,449.89,576,13,4,6,0,15.483336707222222,APPROVE
WRONG_ITEM_CLAIM,6271.06,False,0,0,780.02,1457,14,5,5,1,2.766667325833333,REQUEST_EVIDENCE
WRONG_ITEM_CLAIM,3350.62,True,1,0,435.46,259,13,4,8,1,5.9666679600000005,APPROVE
SHORTAGE_CLAIM,5781.06,True,1,0,1281.34,1449,12,3,5,1,13.966669736111111,DENY
NON_DELIVERY_CLAIM,1102.94,False,0,1,5658.33,815,9,3,5,0,12.616669465,REQUEST_EVIDENCE
NON_DELIVERY_CLAIM,5111.26,False,0,0,354.92,559,10,5,4,1,20.51667106388889,REQUEST_EVIDENCE
SHORTAGE_CLAIM,7587.06,True,1,3,1181.74,1107,11,3,6,1,8.400001784166667,ESCALATE
WRONG_ITEM_CLAIM,1914.05,False,0,1,2440.59,1441,12,4,8,0,6.333334705555555,REQUEST_EVIDENCE
SHORTAGE_CLAIM,4780.57,False,0,1,2247.27,588,4,2,2,0,15.850003445277778,REQUEST_EVIDENCE
SUBSTITUTED_RETURN_CLAIM,657.59,False,0,0,2067.07,653,11,5,5,0,13.60000299638889,REQUEST_EVIDENCE
WRONG_ITEM_CLAIM,4616.51,False,0,1,699.0,287,9,4,2,1,39.400008836388885,REQUEST_EVIDENCE
WRONG_ITEM_CLAIM,4872.46,False,0,0,1872.5,1079,10,3,6,1,7.733334983611111,REQUEST_EVIDENCE
NON_DELIVERY_CLAIM,3537.71,False,0,1,708.59,387,10,4,4,0,12.433336095555555,REQUEST_EVIDENCE
SHORTAGE_CLAIM,1924.67,False,0,0,1573.94,162,6,3,3,0,21.66667129083333,REQUEST_EVIDENCE
SHORTAGE_CLAIM,4335.99,True,1,1,2779.82,185,9,5,3,1,0.8000001572222223,APPROVE
NON_DELIVERY_CLAIM,1365.53,False,0,0,2049.67,1299,12,5,2,1,8.233335085833334,REQUEST_EVIDENCE
SUBSTITUTED_RETURN_CLAIM,3296.82,True,1,0,2662.74,46,11,6,4,1,4.633334362499999,APPROVE
SHORTAGE_CLAIM,3394.97,True,1,0,2022.07,443,11,3,5,1,31.350006600555556,APPROVE
SHORTAGE_CLAIM,3605.47,False,0,0,973.54,436,9,1,4,1,62.066680418888886,REQUEST_EVIDENCE
SHORTAGE_CLAIM,2512.54,True,1,0,2541.52,133,9,3,3,1,11.683335786388888,APPROVE
NON_DELIVERY_CLAIM,1515.61,False,0,0,1973.49,493,17,6,9,0,7.150001535555556,REQUEST_EVIDENCE
SHORTAGE_CLAIM,1654.48,True,1,0,2971.85,1093,12,7,3,1,26.08333887666667,APPROVE
SUBSTITUTED_RETURN_CLAIM,4994.0,True,1,0,628.58,212,9,3,4,0,11.033335649722222,APPROVE
SUBSTITUTED_RETURN_CLAIM,1754.53,True,1,0,1181.15,292,10,2,6,2,15.750003425277777,APPROVE
NON_DELIVERY_CLAIM,1044.65,False,0,1,789.95,125,15,8,6,1,1.8833337033333333,REQUEST_EVIDENCE
NON_DELIVERY_CLAIM,185.0,False,0,0,2906.23,352,7,3,2,0,24.666671924166668,REQUEST_EVIDENCE
WRONG_ITEM_CLAIM,4210.5,True,1,0,64.48,478,12,6,4,2,10.183335473888889,APPROVE
SUBSTITUTED_RETURN_CLAIM,184.48,True,1,4,4440.12,1439,9,2,6,1,42.85000952111111,APPROVE
WRONG_ITEM_CLAIM,2123.5,False,0,0,1885.71,64,6,2,4,0,85.58335201972223,REQUEST_EVIDENCE
WRONG_ITEM_CLAIM,3557.36,False,0,0,12.37,438,9,3,4,1,14.366669814444444,REQUEST_EVIDENCE
WRONG_ITEM_CLAIM,4194.29,False,0,0,1615.24,142,13,7,4,1,1.800000353888889,REQUEST_EVIDENCE
NON_DELIVERY_CLAIM,2188.71,True,1,0,2065.84,623,10,5,5,0,22.266671407222223,APPROVE
SUBSTITUTED_RETURN_CLAIM,2580.78,False,0,1,1650.48,344,10,3,6,1,33.30000762472222,REQUEST_EVIDENCE
NON_DELIVERY_CLAIM,813.69,False,0,0,2848.14,653,8,3,4,1,6.816668133333334,REQUEST_EVIDENCE
WRONG_ITEM_CLAIM,1245.34,False,0,0,2065.96,1455,9,2,6,0,17.983337196666668,REQUEST_EVIDENCE
WRONG_ITEM_CLAIM,2008.2,False,0,1,212.1,313,12,1,9,0,1.2333335738888889,REQUEST_EVIDENCE
WRONG_ITEM_CLAIM,6217.01,True,1,0,2955.83,244,9,4,3,2,13.316669603333333,ESCALATE
SHORTAGE_CLAIM,2470.14,True,1,2,514.81,101,10,2,3,2,12.400002655833333,DENY
SHORTAGE_CLAIM,419.62,True,1,4,5153.5,505,8,3,3,2,12.533336110833334,APPROVE
SUBSTITUTED_RETURN_CLAIM,1598.51,False,0,0,813.93,441,10,1,8,0,1.0000001955555555,REQUEST_EVIDENCE
WRONG_ITEM_CLAIM,1087.63,False,0,0,2487.16,181,5,1,3,0,51.83334463694444,REQUEST_EVIDENCE
NON_DELIVERY_CLAIM,1756.12,True,1,1,588.3,1459,15,4,8,1,39.21667546444445,APPROVE
WRONG_ITEM_CLAIM,776.24,True,1,1,1883.72,1474,5,2,2,1,118.40002619416667,APPROVE
SHORTAGE_CLAIM,2597.17,False,0,0,2569.01,446,8,2,5,1,7.983335033888888,REQUEST_EVIDENCE
WRONG_ITEM_CLAIM,3279.75,True,1,0,1706.0,967,12,7,4,0,10.633335562222223,APPROVE
SHORTAGE_CLAIM,2015.83,True,1,0,2228.78,828,15,5,10,0,2.1666670930555556,APPROVE
SUBSTITUTED_RETURN_CLAIM,219.21,True,1,0,2747.56,102,14,6,7,0,8.4666684625,APPROVE
SUBSTITUTED_RETURN_CLAIM,1795.4,True,1,0,2356.6,1100,9,6,3,0,5.366667839444444,APPROVE
SUBSTITUTED_RETURN_CLAIM,1502.16,False,0,0,1540.06,1165,15,6,4,4,18.26667058611111,REQUEST_EVIDENCE
SUBSTITUTED_RETURN_CLAIM,1755.44,True,1,1,923.32,1177,11,3,6,0,36.85000833111111,APPROVE
SUBSTITUTED_RETURN_CLAIM,3595.67,False,0,1,4717.96,412,8,2,3,1,11.766669130555554,REQUEST_EVIDENCE
NON_DELIVERY_CLAIM,2576.63,True,1,1,1116.93,995,10,7,2,1,8.2000017425,APPROVE
NON_DELIVERY_CLAIM,3925.4,False,0,0,2524.22,520,8,4,4,0,7.55000161361111,REQUEST_EVIDENCE
WRONG_ITEM_CLAIM,3985.23,False,0,0,297.25,1058,9,3,4,1,12.383335925833334,REQUEST_EVIDENCE
SUBSTITUTED_RETURN_CLAIM,2002.66,True,1,1,2469.59,928,10,0,6,2,12.116669202777777,APPROVE
WRONG_ITEM_CLAIM,805.71,True,1,0,2212.84,568,12,6,6,0,2.9000005797222226,APPROVE
SUBSTITUTED_RETURN_CLAIM,1827.41,True,1,1,2028.7,1373,10,4,3,0,25.58333877611111,APPROVE
SUBSTITUTED_RETURN_CLAIM,279.83,True,1,4,5784.57,267,8,1,5,0,17.766670488611112,APPROVE
NON_DELIVERY_CLAIM,5131.05,False,0,2,1400.45,357,9,5,4,0,4.450000991111111,REQUEST_EVIDENCE
NON_DELIVERY_CLAIM,5887.44,True,1,0,2413.01,685,5,1,4,0,90.06668665222222,ESCALATE
WRONG_ITEM_CLAIM,4914.05,False,0,1,4261.31,756,10,5,2,2,40.78334244361111,REQUEST_EVIDENCE
WRONG_ITEM_CLAIM,153.13,True,1,1,278.85,49,10,4,4,1,8.066668380555555,APPROVE
SUBSTITUTED_RETURN_CLAIM,889.75,False,0,0,1706.76,1067,6,2,4,0,6.666668095833333,REQUEST_EVIDENCE
SHORTAGE_CLAIM,2584.09,True,1,1,2436.36,1139,6,3,3,0,40.26667567305555,APPROVE
NON_DELIVERY_CLAIM,7534.42,False,0,1,1576.43,1072,6,2,3,1,52.30001139638889,REQUEST_EVIDENCE
WRONG_ITEM_CLAIM,5136.99,False,0,0,1567.0,236,10,3,5,1,42.566676130833336,REQUEST_EVIDENCE
SUBSTITUTED_RETURN_CLAIM,3366.25,True,1,1,2355.25,1260,5,2,3,0,19.350004130833334,APPROVE
WRONG_ITEM_CLAIM,973.78,False,0,4,4160.88,633,10,6,4,0,3.0833339472222225,REQUEST_EVIDENCE
SUBSTITUTED_RETURN_CLAIM,5185.61,True,1,1,2939.55,1211,11,6,4,1,9.750002050555556,ESCALATE
SHORTAGE_CLAIM,1206.95,False,0,0,2390.3,1438,7,3,2,2,19.600004179166664,REQUEST_EVIDENCE
SUBSTITUTED_RETURN_CLAIM,3689.74,True,1,0,2527.63,1344,9,3,4,0,23.800005043055556,APPROVE
SUBSTITUTED_RETURN_CLAIM,1605.48,False,0,0,1129.43,1261,11,3,5,2,11.316669028333333,REQUEST_EVIDENCE
SHORTAGE_CLAIM,3982.76,False,0,1,1877.38,740,16,5,7,1,1.7000003325,DENY
SHORTAGE_CLAIM,1523.45,False,0,0,1868.09,894,14,5,9,0,3.2500006491666666,REQUEST_EVIDENCE
NON_DELIVERY_CLAIM,2391.85,True,1,0,939.81,724,16,9,5,0,9.683335371111111,APPROVE
SHORTAGE_CLAIM,3660.54,False,0,0,209.52,845,9,3,6,0,2.833333894722222,REQUEST_EVIDENCE
SHORTAGE_CLAIM,2160.5,False,0,2,3034.03,43,15,6,6,2,15.116669962222222,DENY
SUBSTITUTED_RETURN_CLAIM,6301.59,True,1,0,1956.2,1115,11,7,3,0,51.65001126416667,ESCALATE
SUBSTITUTED_RETURN_CLAIM,6657.76,True,1,0,2471.69,834,8,1,6,1,25.68333879611111,ESCALATE
NON_DELIVERY_CLAIM,2274.32,False,0,0,682.94,107,10,4,6,0,30.000006320277777,REQUEST_EVIDENCE
WRONG_ITEM_CLAIM,2263.69,True,1,0,1526.21,820,11,3,8,0,1.4333336138888888,APPROVE
NON_DELIVERY_CLAIM,899.6,False,0,4,2683.58,1062,6,2,3,1,22.833338185833334,REQUEST_EVIDENCE
SUBSTITUTED_RETURN_CLAIM,2315.9,False,0,0,2511.24,789,7,1,4,0,8.300001760277777,REQUEST_EVIDENCE
WRONG_ITEM_CLAIM,1829.73,True,1,0,2817.46,452,14,8,5,1,2.9166672438888885,APPROVE
SHORTAGE_CLAIM,3706.1,True,1,1,1341.2,805,8,1,5,2,6.550001406388889,DENY
WRONG_ITEM_CLAIM,4952.72,False,0,0,2667.56,823,8,4,4,0,24.95000527972222,REQUEST_EVIDENCE
WRONG_ITEM_CLAIM,4112.53,False,0,0,202.09,1191,11,4,5,2,22.0666713675,REQUEST_EVIDENCE
SUBSTITUTED_RETURN_CLAIM,6292.62,True,1,1,2916.22,1316,7,2,2,3,14.933336591666666,ESCALATE
NON_DELIVERY_CLAIM,1904.03,True,1,0,2058.55,602,12,2,8,2,18.816670694166667,APPROVE
SUBSTITUTED_RETURN_CLAIM,6153.49,False,0,1,2462.22,1296,8,2,5,1,32.850006899166665,REQUEST_EVIDENCE
NON_DELIVERY_CLAIM,3688.59,True,1,1,730.71,217,10,3,5,1,10.083335450277778,APPROVE
WRONG_ITEM_CLAIM,2658.97,False,0,0,444.77,1259,5,1,2,1,8.883335210277778,REQUEST_EVIDENCE
WRONG_ITEM_CLAIM,1871.89,True,1,0,630.71,566,8,4,2,1,26.083338874166664,APPROVE
WRONG_ITEM_CLAIM,5754.02,True,1,1,5394.91,439,9,4,3,2,71.18334886777778,ESCALATE
SUBSTITUTED_RETURN_CLAIM,1896.7,True,1,0,1260.19,1044,12,5,7,0,2.0833337427777776,APPROVE
SHORTAGE_CLAIM,1655.41,True,1,0,146.85,112,14,6,6,0,7.133334855833334,APPROVE
WRONG_ITEM_CLAIM,1317.87,False,0,1,4742.58,360,8,3,5,0,37.91667520777777,REQUEST_EVIDENCE
SUBSTITUTED_RETURN_CLAIM,687.39,False,0,1,1213.69,332,10,4,6,0,4.916667751388889,REQUEST_EVIDENCE
NON_DELIVERY_CLAIM,2277.22,True,1,0,764.99,978,8,3,4,0,7.066668174444445,APPROVE
SHORTAGE_CLAIM,643.15,False,0,0,2721.73,1144,7,5,2,0,6.833334796111111,REQUEST_EVIDENCE
SUBSTITUTED_RETURN_CLAIM,2995.79,False,0,0,813.93,441,11,1,9,0,1.0166668677777777,REQUEST_EVIDENCE
SHORTAGE_CLAIM,2356.79,False,0,2,5852.54,244,13,6,6,0,8.050001711666667,DENY
WRONG_ITEM_CLAIM,1793.6,False,0,0,1651.49,183,3,1,2,0,50.2000109675,REQUEST_EVIDENCE
NON_DELIVERY_CLAIM,1464.83,True,1,0,2106.67,138,6,5,1,0,33.25000704916667,APPROVE
SUBSTITUTED_RETURN_CLAIM,647.83,True,1,0,2770.91,106,10,4,4,2,4.950001089444444,APPROVE
NON_DELIVERY_CLAIM,4458.3,True,1,0,847.37,829,15,2,6,0,4.816667729722222,APPROVE
SUBSTITUTED_RETURN_CLAIM,764.25,True,1,1,4623.76,328,10,6,3,0,15.600003390555555,APPROVE
SHORTAGE_CLAIM,1002.13,True,1,0,1526.21,820,12,4,8,0,0.4500000886111111,APPROVE
SUBSTITUTED_RETURN_CLAIM,2033.03,False,0,0,2786.9,1381,10,3,7,0,12.016669166944444,REQUEST_EVIDENCE
SUBSTITUTED_RETURN_CLAIM,2293.46,True,1,1,927.0,669,14,7,5,1,19.650004191388888,APPROVE
WRONG_ITEM_CLAIM,2458.48,True,1,0,1242.55,1295,9,2,5,0,13.633336234722222,APPROVE
SUBSTITUTED_RETURN_CLAIM,2613.23,False,0,1,1190.02,1452,17,8,8,0,16.916670322222224,REQUEST_EVIDENCE
SHORTAGE_CLAIM,5172.32,True,1,2,667.66,311,10,4,5,1,11.216669008333334,DENY
WRONG_ITEM_CLAIM,2434.0,False,0,0,2700.73,951,12,3,5,1,19.983337589166666,REQUEST_EVIDENCE
SHORTAGE_CLAIM,2947.74,False,0,1,1936.0,535,6,3,2,0,16.850003640555556,DENY
SUBSTITUTED_RETURN_CLAIM,664.16,False,0,4,2208.59,1283,9,5,3,0,15.100003290277778,REQUEST_EVIDENCE
SUBSTITUTED_RETURN_CLAIM,4348.43,False,0,1,575.65,1191,7,4,3,0,16.900003650555558,REQUEST_EVIDENCE
NON_DELIVERY_CLAIM,4697.55,True,1,1,182.1,175,14,5,6,0,4.566667677777778,APPROVE
SHORTAGE_CLAIM,568.77,True,1,0,2165.02,448,8,4,3,0,22.533338125833332,DENY
NON_DELIVERY_CLAIM,4052.19,False,0,0,2352.92,956,7,4,3,0,33.16667362444444,REQUEST_EVIDENCE
WRONG_ITEM_CLAIM,1555.42,False,0,0,2141.3,1469,14,7,6,1,2.250000441666667,REQUEST_EVIDENCE
SHORTAGE_CLAIM,2155.88,True,1,0,1201.68,312,11,7,4,0,6.7833347844444445,APPROVE
WRONG_ITEM_CLAIM,5917.15,True,1,0,1291.85,249,5,1,3,1,22.500004785555554,ESCALATE
SUBSTITUTED_RETURN_CLAIM,1519.08,True,1,0,2569.01,446,9,2,6,1,1.333333593611111,APPROVE
NON_DELIVERY_CLAIM,2849.28,True,1,0,267.42,924,7,2,4,0,34.600007876666666,APPROVE
SHORTAGE_CLAIM,527.07,True,1,0,1297.52,1225,12,5,5,0,26.800005680555554,APPROVE
NON_DELIVERY_CLAIM,5005.09,True,1,2,4337.65,1462,8,1,2,2,15.183336638888889,ESCALATE
SUBSTITUTED_RETURN_CLAIM,1701.82,False,0,2,200.17,1037,6,5,1,0,28.550006029166667,REQUEST_EVIDENCE
NON_DELIVERY_CLAIM,1613.8,True,1,0,1295.52,163,8,4,3,1,12.000002496944445,APPROVE
NON_DELIVERY_CLAIM,9122.35,True,1,0,1085.35,477,8,3,5,0,16.73333694861111,ESCALATE
NON_DELIVERY_CLAIM,3961.7,False,0,2,1649.74,1130,9,2,6,0,25.616672076666667,REQUEST_EVIDENCE
NON_DELIVERY_CLAIM,2109.62,False,0,0,2710.76,1279,8,2,5,1,17.53333710861111,REQUEST_EVIDENCE
SHORTAGE_CLAIM,2665.86,False,0,0,552.73,985,14,5,6,1,4.150000823888889,DENY
SUBSTITUTED_RETURN_CLAIM,1598.33,False,0,0,2397.53,229,9,6,1,1,2.950000578888889,REQUEST_EVIDENCE
SHORTAGE_CLAIM,269.24,False,0,2,1432.36,860,4,1,2,1,23.33333828388889,REQUEST_EVIDENCE
SUBSTITUTED_RETURN_CLAIM,2479.25,False,0,0,2817.46,452,15,9,5,1,0.8666668366666667,REQUEST_EVIDENCE
NON_DELIVERY_CLAIM,2190.82,False,0,0,2497.88,1387,10,3,7,0,2.3166671202777778,REQUEST_EVIDENCE
SHORTAGE_CLAIM,1410.46,False,0,1,708.59,387,11,4,5,0,2.0833337405555556,REQUEST_EVIDENCE
WRONG_ITEM_CLAIM,3066.97,False,0,0,2716.88,1251,5,3,2,0,85.50001855416666,REQUEST_EVIDENCE
SUBSTITUTED_RETURN_CLAIM,4046.51,False,0,1,417.04,186,14,7,7,0,15.433336686944443,REQUEST_EVIDENCE
SUBSTITUTED_RETURN_CLAIM,1989.6,False,0,0,1681.46,639,11,3,8,0,40.10000897,REQUEST_EVIDENCE
NON_DELIVERY_CLAIM,1555.49,False,0,1,1554.31,1159,8,5,3,0,13.266669426388889,REQUEST_EVIDENCE
SHORTAGE_CLAIM,2195.28,False,0,2,667.66,311,11,4,5,1,0.5000001,REQUEST_EVIDENCE
SHORTAGE_CLAIM,1779.46,False,0,1,1671.07,277,4,2,1,1,96.36668820638889,REQUEST_EVIDENCE
SHORTAGE_CLAIM,5306.46,False,0,0,2406.5,1011,8,1,3,1,33.85000710416667,REQUEST_EVIDENCE
SUBSTITUTED_RETURN_CLAIM,3441.73,True,1,0,2772.64,654,8,3,3,0,7.233334874444445,APPROVE
SHORTAGE_CLAIM,1920.42,False,0,1,610.67,1141,8,5,3,0,15.683336740277777,REQUEST_EVIDENCE
NON_DELIVERY_CLAIM,757.4,False,0,1,1975.22,316,6,3,3,0,12.650002625833332,REQUEST_EVIDENCE
SHORTAGE_CLAIM,1747.24,True,1,0,2356.6,1100,10,7,3,0,1.6833336650000001,APPROVE
WRONG_ITEM_CLAIM,2481.61,False,0,1,2086.88,711,11,4,5,0,14.616669858333333,REQUEST_EVIDENCE
SHORTAGE_CLAIM,675.38,True,1,2,1649.74,1130,10,2,7,0,0.33333340027777775,APPROVE
SUBSTITUTED_RETURN_CLAIM,3804.61,True,1,0,175.51,864,4,3,1,0,42.38334275888889,APPROVE
WRONG_ITEM_CLAIM,2727.2,False,0,1,2759.07,1122,15,7,6,2,17.950003859722223,REQUEST_EVIDENCE
SUBSTITUTED_RETURN_CLAIM,1100.86,False,0,0,1162.58,266,15,4,10,0,2.9333339102777773,REQUEST_EVIDENCE
SUBSTITUTED_RETURN_CLAIM,3206.32,False,0,0,1806.06,369,10,5,2,0,22.700004791666668,REQUEST_EVIDENCE
NON_DELIVERY_CLAIM,794.88,False,0,0,1269.12,269,9,4,5,0,5.900001278055556,REQUEST_EVIDENCE
WRONG_ITEM_CLAIM,2281.36,False,0,0,1594.41,918,6,1,4,0,59.91667997361112,REQUEST_EVIDENCE
SUBSTITUTED_RETURN_CLAIM,2234.88,False,0,0,2915.57,785,9,3,4,0,6.2666680175,REQUEST_EVIDENCE
WRONG_ITEM_CLAIM,1751.37,True,1,1,2543.95,625,8,1,1,2,10.533335536666668,APPROVE
SUBSTITUTED_RETURN_CLAIM,1516.05,True,1,0,942.71,297,13,6,4,1,11.88333580777778,APPROVE
NON_DELIVERY_CLAIM,1481.17,False,0,0,2670.24,118,6,1,3,1,4.566667571111111,REQUEST_EVIDENCE
NON_DELIVERY_CLAIM,4180.73,False,0,1,2342.92,672,12,3,7,1,3.400000668888889,REQUEST_EVIDENCE
SUBSTITUTED_RETURN_CLAIM,1055.16,False,0,0,2668.27,652,14,2,9,1,8.266668412222222,REQUEST_EVIDENCE
WRONG_ITEM_CLAIM,1716.93,False,0,0,1858.55,231,10,5,4,0,3.533334027777778,REQUEST_EVIDENCE
NON_DELIVERY_CLAIM,533.74,False,0,0,66.11,1138,10,4,6,0,27.333339120555554,REQUEST_EVIDENCE
SHORTAGE_CLAIM,5396.04,True,1,0,2906.23,352,8,3,3,0,2.3333337922222226,ESCALATE
SUBSTITUTED_RETURN_CLAIM,6354.72,True,1,3,3601.78,1370,11,3,7,1,41.43334256861112,ESCALATE
SHORTAGE_CLAIM,2168.81,False,0,0,2772.64,654,9,4,3,0,0.36666673833333335,REQUEST_EVIDENCE
SUBSTITUTED_RETURN_CLAIM,3961.17,False,0,0,1758.48,1387,11,3,5,1,23.950005072777778,REQUEST_EVIDENCE
WRONG_ITEM_CLAIM,4921.17,False,0,1,643.71,411,15,7,4,2,19.066670746944446,REQUEST_EVIDENCE
SUBSTITUTED_RETURN_CLAIM,1369.34,True,1,1,355.79,935,11,5,4,0,31.950006705833335,APPROVE
WRONG_ITEM_CLAIM,2017.99,False,0,1,2673.83,1413,10,7,2,0,4.766667609722222,REQUEST_EVIDENCE
NON_DELIVERY_CLAIM,2223.05,False,0,1,1113.59,190,8,3,3,0,12.933336014444444,REQUEST_EVIDENCE
SUBSTITUTED_RETURN_CLAIM,1096.95,False,0,2,1410.03,388,9,4,4,1,44.23334312638889,REQUEST_EVIDENCE
WRONG_ITEM_CLAIM,3650.38,False,0,2,7640.85,706,11,3,8,0,52.20001136722222,REQUEST_EVIDENCE
WRONG_ITEM_CLAIM,351.02,False,0,0,529.85,1355,11,5,2,0,18.783337358333334,REQUEST_EVIDENCE
SHORTAGE_CLAIM,3269.04,True,1,1,520.95,129,9,5,2,0,8.050001701666666,APPROVE
WRONG_ITEM_CLAIM,2178.74,True,1,2,2940.14,918,9,7,1,1,29.933339638333333,APPROVE
WRONG_ITEM_CLAIM,2867.98,True,1,0,215.24,415,4,2,1,0,94.55002117972222,APPROVE
SHORTAGE_CLAIM,3456.29,False,0,0,2817.46,452,16,9,6,1,0.7333334797222223,REQUEST_EVIDENCE
WRONG_ITEM_CLAIM,2047.73,False,0,0,2234.12,962,12,5,6,0,16.4000035475,REQUEST_EVIDENCE
SUBSTITUTED_RETURN_CLAIM,4255.61,False,0,2,2536.68,1019,5,4,0,1,5.666667895555555,REQUEST_EVIDENCE
NON_DELIVERY_CLAIM,4493.49,False,0,1,1493.22,887,10,3,5,1,12.416669245833333,REQUEST_EVIDENCE
WRONG_ITEM_CLAIM,1549.17,False,0,1,2964.46,301,5,4,1,0,10.916668944722222,REQUEST_EVIDENCE
SUBSTITUTED_RETURN_CLAIM,135.68,True,1,4,6970.61,414,11,3,7,0,13.050002704166667,APPROVE
SHORTAGE_CLAIM,699.42,True,1,1,1619.8,1160,15,10,4,1,16.600003586666666,APPROVE
NON_DELIVERY_CLAIM,4118.94,False,0,0,2233.77,796,6,1,3,0,18.850004035833333,REQUEST_EVIDENCE
NON_DELIVERY_CLAIM,510.8,False,0,0,1672.02,1474,5,1,4,0,9.000001890277778,REQUEST_EVIDENCE
SHORTAGE_CLAIM,1584.26,False,0,0,2770.91,106,11,5,4,2,1.4000002752777778,REQUEST_EVIDENCE
SUBSTITUTED_RETURN_CLAIM,8317.29,False,0,1,525.19,618,12,4,6,2,26.200005519166666,REQUEST_EVIDENCE
